"NEW_SKU","ITEMCODE","BRAND_NAME","WEBDESC","MODEL_DESCRIPTION","REPURCHASE_PRICE"
259880,"AJD10AD","AJA","D10AD Analog to Digital Video Converter (Encoder)","D10AD Analog to Digital Video Converter (Encoder)",
1288042,"ARK0.0001090","ARRI","AMIRA Camera Set, Eco","AMIRA Camera Set (Economical)",0
204182,"ANPTM","Anton/Bauer","PowerTap Multi","PowerTap Multi 1-MALE TO 4-FEMALES",0
69174,"ANDPP14","Anton/Bauer","Digital ProPac14 Nickel Cadmium Battery","Digital ProPac14 Nickel Cadmium Battery",0
250505,"ANTT2","Anton/Bauer","T2 2-Position Charger and 70-watt AC Power","Titan 2 2-Position Charger and 70-watt AC Power",0
87268,"AUATR55","Audio-Technica","ATR55 Dual-Pattern Shotgun Microphone","ATR55 Dual-Pattern Shotgun Microphone",0
68270,"AUAT831B","Audio-Technica","AT831b Cardioid Condenser Lavalier Microphone","AT831B - Mini Clip-On Mic",75
97711,"AUAT8035","Audio-Technica","AT8035 Long Shotgun Microphone","AT8035 - Shotgun Microphone",85
3646,"AZECZ990","Azden","ECZ-990 Supercardioid Shotgun Mic","ECZ-990 - Super-Cardioid Shotgun Mic",15
3654,"AZWHXPRO","Azden","WHX-PRO VHF Camera-Mount Wireless Cardioid Handheld Microphone System (169 & 170 MHz)","WHX-Pro VHF Handheld System",0
3660,"AZWMTPRO","Azden","WM/T-PRO Handheld Mic/Transmitter","WM/T-Pro Handheld Mic/Transmitter",25
497310,"AZSGMPDII","Azden","SGM-PDII Short Shotgun Microphone with Hardwired XLR Cable","SGM-PDII On-Camera Short Shotgun Microphone",41
153065,"BEMPL635","Bescor","MPL-635 12v DC Light with Barndoors","MPL-635 12v DC Light with Barndoors",0
576021,"BELED35","Bescor","LED-35 LED On Camera Light","LED-35 LED On Camera Light",0
656981,"BELED150","Bescor","LED-150 150W Dimmable LED Video Light","LED-150 150W Dimmable LED Video Light",0
284435,"BRB1A","Bracket 1","A2 On-Camera Universal Wireless Receiver Mount","Universal On Camera Wireless Receiver Mount",
397663,"CA7030045ISQ","Canon","EF 70-300mm f/4-5.6 IS USM Lens","70-300mm f/4-5.6 EF IS USM Autofocus Lens",160
169269,"CA753004USM3","Canon","EF 75-300mm f/4-5.6 III USM Lens","75-300mm f/4.0-5.6 III USM Autofocus Lens",50
486708,"CA163528LEF2","Canon","EF 16-35mm f/2.8L II USM Lens","16-35 f/2.8L EF ""II"" USM Autofocus Lens",310
398016,"CABGE4","Canon","BG-E4 Vertical Grip/Battery Holder","BG-E4 Vertical Grip/Battery Holder f/EOS 5D",12
194480,"CAMR14EX","Canon","MR-14EX TTL Macro Ring Lite Flash","MR-14EX TTL Macro Ring Lite Flash",125
347909,"CAPSS70","Canon","PowerShot S70 Digital Camera","PowerShot S70 Digital Camera",0
583955,"CAPSG10","Canon","PowerShot G10 Digital Camera (Black)","PowerShot G10 Digital Camera (Black)",170
584437,"CAPSSX10","Canon","PowerShot SX10 IS Digital Camera","PowerShot SX10 IS Digital Camera (Black)",60
605234,"CAPSSD970","Canon","PowerShot SD970 IS Digital Camera","PowerShot SD970 IS Digital Camera",30
279245,"CAVFL1","Canon","VFL-1 Light and Flash - Canon Camcorders","VFL-1 Light and Flash - Canon Camcorders",0
297500,"CAEDR","Canon","EOS Digital Rebel Digital Camera (Camera Body)","EOS Digital Rebel Digital Camera (Camera Body)",
542177,"CAEDRXSIB","Canon","EOS Rebel XSi Digital Camera (a.k.a. 450D) (Black) (Camera Body)","EOS Rebel XSi SLR Digital Camera (Black)",45
123185,"CAE1Q","Canon","EOS-1 35mm SLR Autofocus Camera Body","EOS 1 35mm SLR Autofocus Camera Body",110
550722,"CAPSSD890","Canon","PowerShot SD890 IS Digital Elph Digital Camera","PowerShot SD890 IS Digital Elph Camera",80
12060,"CA10030056LE","Canon","Zoom Telephoto EF 100-300mm f/5.6L Autofocus Lens","100-300 f/5.6L Autofocus Lens",95
12083,"CA203528LEF","Canon","Zoom Wide Angle 20-35mm f/2.8 L EF Autofocus Lens","20-35 f/2.8 L EF Autofocus Lens",175
12114,"CA351354EF","Canon","Zoom Wide Angle-Telephoto 35-135mm f/4-5.6 EF (USM) Autofocus Lens","35-135 f/4-5.6 EF (USM) Autofocus Lens",50
12107,"CA3004LEF","Canon","Telephoto 300mm f/4.0L EF USM Auto Focus Lens","300mm f/4 L EF USM Auto Focus Lens",330
129190,"CA20028LEF2","Canon","EF 200mm f/2.8L II USM Lens","200mm f/2.8L II USM Autofocus Lens",260
92093,"CA7530042EF","Canon","Zoom Telephoto 75-300mm f/4-5.6 EF II (USM) Autofocus Lens","75-300mm f/4-5.6 EF II (USM) Autofocus Lens",65
165668,"CA288028LEF","Canon","Zoom Wide Angle-Tele 28-80mm f/2.8-4L EF USM Auto Focus Lens","28-80 f/2.8-4L EF USM Auto Focus Lens",225
201377,"CADM50","Canon","DM-50 Directional Stereo Microphone","DM-50 Directional Stereo Microphone",18
605219,"CAPSSX200B","Canon","PowerShot SX200 IS Digital Camera (Black)","PowerShot SX200 IS Digital Camera ",80
479200,"CAPSA460","Canon","PowerShot A460 Digital Camera","PowerShot A460 Digital Camera",0
354004,"CAE1DS2","Canon","EOS-1DS Mark II Digital Camera (Camera Body)","EOS 1Ds Mark II Digital Camera (Camera Body)",180
423778,"CAE30D1855","Canon","EOS 30D Digital Camera with Canon EF-S 18-55mm Lens","EOS 30D Digital SLR with Canon EF-S 18-55 Lens",0
647011,"CA10028LMIS","Canon","EF 100mm f/2.8L Macro IS USM Lens","100mm f/2.8 L Macro IS USM Lens",350
371194,"CAEDRXTKS","Canon","EOS Digital Rebel XT (a.k.a. 350D)Digital Camera (Silver) w/ 18-55mm Lens","EOS Digital Rebel XT (a.k.a. 350D) Body w/ 18-55mm Lens",80
206444,"CAEE7E2890K","Canon","EOS Elan 7E 35mm SLR with 28-90 USM Lens Kit","EOS Elan 7E 35mm SLR with 28-90 USM Lens Kit",150
112541,"CA18035MLEF","Canon","EF 180mm f/3.5L Macro USM Lens","180mm f/3.5L Macro USM Autofocus Lens",350
12127,"CA40028LEF","Canon","Super Telephoto 400mm f/2.8 L EF (USM) Autofocus Lens","400mm f/2.8L EF LENS (USM)",1600
12066,"CA1428LEF","Canon","Super Wide Angle EF 14mm f/2.8L USM Autofocus Lens","14mm f/2.8L USM Autofocus Lens",275
239656,"CAMT24EX","Canon","MT-24EX Macro Twin Lite Flash","MT-24EX Macro Twin Lite Ringlite Flash",175
519474,"CA1428LEF2","Canon","EF 14mm f/2.8L II USM Lens","14mm f/2.8L ""II"" USM Autofocus Lens",350
286326,"CAPSG5","Canon","PowerShot G5 Digital Camera","PowerShot G5 Digital Camera",60
129188,"CA3004LISEF","Canon","EF 300mm f/4L IS USM Lens","300mm f/4 L IS USM Autofocus Lens",400
543923,"CA552504IS","Canon","EF-S 55-250mm f/4-5.6 IS II Lens","55-250 f/4-5.6 IS ""II"" EF-S Lens for Digital SLR ",75
656378,"CAE1D4","Canon","EOS 1D Mark IV SLR Digital Camera (Body Only)","EOS 1D Mark IV SLR Digital Camera",330
597421,"CAFS200R","Canon","FS200 Flash Memory Camcorder (Sunrise Red)","FS200 Flash Memory Camcorder (Sunrise Red)",25
671657,"CAHFS20","Canon","VIXIA HF S20 Dual Flash Memory Camcorder","VIXIA HF S20 Dual Flash Memory Camcorder",110
671659,"CAHFS21","Canon","VIXIA HF S21 Dual Flash Memory Camcorder","VIXIA HF S21 Dual Flash Memory Camcorder",100
539224,"CAFS100S","Canon","FS-100 Flash Memory Camcorder (Silver)","FS-100 Flash Memory Camcorder (Silver)",0
643182,"CAPSSX120","Canon","PowerShot SX120 IS Digital Camera","PowerShot SX120 IS Digital Camera",90
597442,"CAHF200","Canon","VIXIA HF200 Flash Memory High Definition Camcorder ","VIXIA HF200 Flash Memory High Definition Camcorder ",60
597366,"CAFS22","Canon","FS22 Dual Flash Memory Camcorder ","FS22 Dual Flash Memory Camcorder ",25
643198,"CAPSSD980S","Canon","PowerShot SD980 IS Digital Camera (Silver)","PowerShot SD980 IS Digital Camera",30
751246,"CAWDH342","Canon","WD-H34 II 34mm 0.7x Wide Angle Converter Lens","WD-H34 II 34mm 0.7x Wide Angle Converter Lens",0
485491,"CATLH43","Canon","TL-H43 43mm 1.7x Telephoto Lens","TL-H43 43mm 1.7x Telephoto Lens",35
606803,"CA174LTSE","Canon","TS-E 17mm f/4L Tilt-Shift Lens","17mm f/4L Tilt/Shift TS-E Manual Focus Lens for EOS",850
732107,"CA8154L","Canon","EF 8-15mm f/4L Fisheye USM Lens","8-15mm f/4 L Fisheye USM FUltra-Wide Zoom Lens",500
749197,"CAHFR200","Canon","VIXIA HF R200 Flash Memory Camcorder","VIXIA HF R200 Flash Memory Camcorder",0
749202,"CAHFR20S","Canon","VIXIA HF R20 Flash Memory Camcorder (Silver)","VIXIA HF R20 Flash Memory Camcorder (Silver)",0
749190,"CAHFG10","Canon","VIXIA HF G10 Flash Memory Camcorder","VIXIA HF G10 Flash Memory Camcorder",185
838762,"CAPSE110S","Canon","PowerShot ELPH 110 HS Digital Camera (Silver)","PowerShot ELPH 110 HS Digital Camera",110
605229,"CAPSD10","Canon","PowerShot D10 Digital Camera","PowerShot D10 Digital Camera",0
816713,"CAPSE310S","Canon","PowerShot ELPH 310 HS Digital Camera (Silver)","PowerShot ELPH 310 HS Digital Camera ",120
838775,"CAHFR32","Canon","VIXIA HF R32 Full HD Camcorder","VIXIA HF R32 Full HD Camcorder",45
732111,"CA2XEF3","Canon","Extender EF 2X III","2x EF Extender III",130
838758,"CAPSE520S","Canon","PowerShot ELPH 520 HS Digital Camera (Silver)","PowerShot ELPH 520 HS Digital Camera",110
842850,"CAPSA4000S","Canon","PowerShot A4000 IS Digital Camera (Silver)","PowerShot A4000 IS Digital Camera",0
838776,"CAHFR300","Canon","VIXIA HF R300 Full HD Camcorder","VIXIA HF R300 Full HD Camcorder",60
838769,"CAHFM52","Canon","VIXIA HF M52 Full HD Camcorder","VIXIA HF M52 Full HD Camcorder",85
909789,"CAHFR42","Canon","32GB VIXIA HF R42 Full HD Camcorder","32GB VIXIA HF R42 Full HD Camcorder",75
886848,"CAPSSX160B","Canon","PowerShot SX160 IS Digital Camera (Black)","PowerShot SX160 IS Digital Camera (Black)",50
883304,"CAEM22","Canon","EOS-M Mirrorless Digital Camera with EF-M 22mm f/2 STM Lens - Black","EOS-M Mirrorless Digital Camera with EF-M 22mm f/2 STM Lens",145
339002,"CAXL2","Canon","XL2 MiniDV Camcorder","XL2 MiniDV Camcorder",0
945049,"CAEDRT5I","Canon","EOS Rebel T5i DSLR Camera (Body Only)","Digital Rebel T5i DSLR Camera (Body Only)",145
889961,"CAPSG15","Canon","PowerShot G15 Digital Camera","PowerShot G15 Digital Camera",200
1180778,"CA55200M","Canon","EF-M 55-200mm f/4.5-6.3 IS STM Lens (Black)","55-200 f/4.5-6.3 IS STM Lens (Black) EF-M  f/MIRRORLESS",150
1188054,"CAPSG9XW","Canon","PowerShot G9 X Digital Camera (Silver)","PowerShot G9X Digital Camera (Silver)",300
855962,"CAE1DC","Canon","EOS-1D C Camera (Body Only)","EOS-1D C 4K Camera (Body Only)",600
1116103,"CAEDRT6S","Canon","EOS Rebel T6s DSLR Camera (Body Only)","Digital Rebel T6s DSLR Camera (Body Only)",170
1022478,"CAPSSX600B","Canon","PowerShot SX600 HS Digital Camera (Black)","PowerShot SX600 HS Digital Camera (Black)",110
1346734,"CAE6D2","Canon","EOS 6D Mark II DSLR Camera (Body Only)","EOS 6D Mark II DSLR Camera (Body Only)",375
1470021,"CAXA45","Canon","XA45 Professional UHD 4K Camcorder","XA45 Professional UHD 4K Camcorder",750
12053,"CA14XA","Canon","1.4x Type A Manual Focus Extender FD (Teleconverter)","1.4x Type A Manual Focus Extender FD (Teleconverter)",15
1433717,"CAMAEFRF","Canon","Mount Adapter EF-EOS R","Mount Adapter EF-EOS R",60
1354806,"CA1354LTS","Canon","TS-E 135mm f/4L Macro Tilt-Shift Lens","135mm f/4L Macro Tilt-Shift Lens",950
1573776,"CA14XRF","Canon","Extender RF 1.4x","1.4x Extender ""RF""",300
1546032,"CA24105RFSTM","Canon","RF 24-105mm f/4-7.1 IS STM Lens","24-105mm f/4-7.1 IS STM ""RF"" Lens",200
1510032,"CA8512DSRF","Canon","RF 85mm f/1.2 L USM DS Lens","85mm f/1.2L USM ""DS"" ""RF"" Lens",1500
1393460,"CAEM50B","Canon","EOS M50 Mirrorless Digital Camera (Body Only, Black)","EOS M50 Mirrorless Digital Camera (Body Only, Black)",220
1573881,"CAER624105S","Canon","EOS R6 Mirrorless Camera with 24-105mm f/4-7.1 Lens","EOS R6 Mirrorless Digital Camera with 24-105mm f/4-7.1 Lens",1000
1769089,"CAER100","Canon","EOS R100 Mirrorless Camera","EOS R100 Mirrorless Camera",215
1748813,"CAER8","Canon","EOS R8 Mirrorless Camera","EOS R8 Mirrorless Camera",750
1748810,"CAER50","Canon","EOS R50 Mirrorless Camera (Black)","EOS R50 Mirrorless Camera (Black)",400
1733225,"CAER62SMA","Canon","EOS R6 Mark II Mirrorless Camera with Stop Motion Animation Firmware","EOS R6 Mark II Mirrorless Camera with Stop Motion Animation Firmware",1300
1634485,"CA6004RF","Canon","RF 600mm f/4 L IS USM Lens","RF 600mm f/4 L IS USM Lens",8000
1789855,"CA10204RF","Canon","RF 10-20mm f/4 L IS STM Lens (Canon RF)","10-20mm f/4 L IS STM Lens (Canon RF)",1250
1557488,"CAC3003EF","Canon","EOS C300 Mark III Digital Cinema Camera Body (EF Lens Mount)","EOS C300 Mark III Digital Cinema Camera Body (EF Lens Mount)",1800
1840289,"CAER52","Canon","EOS R5 Mark II Mirrorless Camera","EOS R5 Mark II Mirrorless Camera",2400
1725873,"CAXA65","Canon","XA65 Professional UHD 4K Camcorder","XA65 Professional UHD 4K Camcorder",1050
822123,"CAPSSX40","Canon","PowerShot SX40 HS Digital Camera","PowerShot SX40 HS Digital Camera",75
1886961,"CAER50V","Canon","EOS R50 V Mirrorless Camera","EOS R50 V Mirrorless Camera",350
1490986,"CAPSG7X3S","Canon","PowerShot G7 X Mark III Digital Camera (Silver)","PowerShot G7X Mark III Digital Camera (Silver)",500
317356,"CAPSS500","Canon","PowerShot S500 Digital Camera","PowerShot S500 Digital Camera",55
1573782,"CALPE6NH","Canon","LP-E6NH Lithium-Ion Battery (7.2V, 2130mAh)","LP-E6NH Lithium-Ion Battery (7.2V, 2130mAh)",20
542287,"CAPSSD1100BL","Canon","PowerShot SD1100 IS Digital ELPH Digital Camera (Rythm & Blue)","PowerShot SD1100 IS Digital ELPH Digital Camera (Rythm & Blue)",50
12105,"CA3004","Canon","Telephoto 300mm f/4 FD Manual Focus Lens","Telephoto 300mm f/4 FD Manual Focus Lens",100
1029027,"CAPSE135R","Canon","Canon PowerShot ELPH 135 (Red)","Canon PowerShot ELPH 135 (Red)",
1028803,"CAPSSX700R","Canon","PowerShot SX700 HS Digital Camera (Red)","PowerShot SX700 HS Digital Camera (Red)",160
116901,"CA13528","Canon","Telephoto 135mm f/2.8 FD Manual Focus Lens","Telephoto 135mm f/2.8 FD Manual Focus Lens",50
518204,"CAE1DS3","Canon","EOS-1Ds Mark III SLR Digital Camera (Body Only)","EOS-1Ds Mark III SLR Digital Camera (Body Only)",275
605257,"CAPSSD1200P","Canon","PowerShot SD1200 IS Digital Camera (Pink)","PowerShot SD1200 IS Digital Camera (Pink)",70
1828640,"CAER1","Canon","EOS R1 Mirrorless Camera","EOS R1 Mirrorless Camera",4000
1691842,"CA12008LRF","Canon","RF 1200mm f/8 L IS USM Lens","RF 1200mm f/8 L IS USM Lens",8000
255102,"CAF1","Canon","F-1 Original (Mechanical) 35mm SLR Manual Focus Camera Body","F-1 Original (Mechanical) 35mm SLR Manual Focus Camera Body",190
1318780,"CAEM6S","Canon","EOS M6 Mirrorless Digital Camera (Body Only, Silver)","EOS M6 Mirrorless Digital Camera (Body Only, Silver)",180
1210602,"CAPSE360HSP","Canon","PowerShot ELPH 360 HS Digital Camera (Purple)","PowerShot ELPH 360 HS Digital Camera (Purple)",200
216854,"CAPSS100","Canon","Canon PowerShot S100 Digital Elph 2.1 Megapixel 2x Optical/4x Digital Zoom Ultra-compact Point-and-shoot Digital Camera","Canon PowerShot S100 Digital Elph 2.1 Megapixel 2x Optical/4x Digital Zoom Ultra-compact Point-and-shoot Digital Camera",
1325596,"CAPSSX530HR","Canon","PowerShot SX530 HS Digital Camera (Refurbished)","PowerShot SX530 HS Digital Camera (Refurbished)",100
1116120,"CALPE17","Canon","LP-E17 Lithium-Ion Battery Pack","LP-E17 Lithium-Ion Battery Pack",5
1839347,"CABGR20","Canon","BG-R20 Battery Grip","BG-R20 Battery Grip",180
1068608,"CAPSSX520B","Canon","PowerShot SX520 HS Digital Camera (Black)","PowerShot SX520 HS Digital Camera (Black)",80
924094,"CA1855EFSY","Canon","Wide Angle to Telephoto 18-55mm f/3.5-5.6 IS EF-S AF Lens","Wide Angle to Telephoto 18-55mm f/3.5-5.6 IS EF-S AF Lens",35
12093,"CA2810535EF","Canon","Zoom Wide Angle-Telephoto 28-105mm f/3.5-4.5 EF USM Autofocus Lens","Zoom Wide Angle-Telephoto 28-105mm f/3.5-4.5 EF USM Autofocus Lens",55
1332305,"CAPSSX730HSS","Canon","PowerShot SX730 HS Digital Camera (Silver)","PowerShot SX730 HS Digital Camera (Silver)",350
370205,"CEN102SLT","Celestron","NexStar 102SLT 102mm f/6.5 Refractor Telescope","NexStar 102 SLT 4.0""/102mm Refractor Telescope Kit",
77810,"COU30001","Cool-Lux","U3 Tri Lite On Camera Light","U3 Tri Lite On Camera Light",
298590,"DAVP314","Datavideo","VP-314 In-Line DV Repeater","VP-314 In-line DV Repeater",
436289,"DATLM702","Datavideo","TLM-702 7"" LCD Monitor Rack","TLM-702 7"" LCD Monitor Rack",0
247955,"FUFPS2","FUJIFILM","FinePix S2 Pro Digital Camera Body","FinePix S2 Pro Digital Camera Body",
318941,"FUFPS20","FUJIFILM","FinePix S20 Pro Digital Camera","FinePix S20 Pro Digital Camera",
888039,"FUXE11855B","FUJIFILM","X-E1 Digital Camera Kit with XF 18-55mm f/2.8-4 OIS Lens (Black)","X-E1 Digital Camera Kit with XF 18-55mm f/2.8-4 OIS Lens ",400
1149216,"FU902","FUJIFILM","XF 90mm f/2 R LM WR Lens","90mm f/2 R LM XF WR Lens",360
1149204,"FUXT10S","FUJIFILM","X-T10 Mirrorless Digital Camera (Silver, Body Only)","X-T10 Mirrorless Digital Camera (Silver, Body Only)",300
1149205,"FUXT10B","FUJIFILM","X-T10 Mirrorless Digital Camera (Black, Body Only)","X-T10 Mirrorless Digital Camera (Black, Body Only)",275
1112821,"FUXQ2S","FUJIFILM","XQ2 Digital Camera (Silver)","XQ2 Digital Camera (Silver)",140
1110879,"FU165528","FUJIFILM","XF 16-55mm f/2.8 R LM WR Lens","16-55mm f/2.8 R XF LM WR Lens",400
1086315,"FULCX30","FUJIFILM","LC-X30 Leather Case for X30 Digital Camera (Black)","LC-X30 Leather Case for X30 Digital Camera (Black)",15
1311248,"FUXT20B","FUJIFILM","X-T20 Mirrorless Digital Camera (Body Only, Black)","X-T20 Mirrorless Digital Camera (Body Only, Black)",425
1311247,"FUXT20S","FUJIFILM","X-T20 Mirrorless Digital Camera (Body Only, Silver)","X-T20 Mirrorless Digital Camera (Body Only, Silver)",420
1263383,"FUVPBXT2","FUJIFILM","VPB-XT2 Vertical Power Booster Grip","VPB-XT2 Vertical Power Booster Grip",30
1597411,"FUXS10B","FUJIFILM","X-S10 Mirrorless Camera","X-S10 Mirrorless Digital Camera (Body Only)",500
1311236,"FUTCLX100IIB","FUJIFILM","TCL-X100 II Tele Conversion Lens (Black)","TCL-X100 II Tele Conversion Lens (Black)",160
1051027,"FUTLCX100B","FUJIFILM","TCL-X100 Telephoto Conversion Lens (Black)","TCL-X100 Telephoto Conversion Lens (Black)",100
1548396,"FUXT41680S","FUJIFILM","X-T4 Mirrorless Camera with 16-80mm Lens (Silver)","X-T4 Mirrorless Digital Camera with 16-80mm Lens (Silver)",875
1731286,"FUXT5BS1855","FUJIFILM","X-T5 Mirrorless Camera with 18-55mm Lens (Silver)","X-T5 Mirrorless Camera with 18-55mm Lens (Silver)",1100
1708269,"FU150600RWR","FUJIFILM","XF 150-600mm f/5.6-8 R LM OIS WR Lens","150-600mm f/5.6-8 R LM OIS WR Lens",1000
1827223,"FUGFX100S2","FUJIFILM","GFX 100S II Medium Format Mirrorless Camera","GFX 100S II Medium Format Mirrorless Camera",3700
1900548,"FU23F28B","FUJIFILM","XF 23mm f/2.8 R WR Lens (FUJIFILM X, Black)","XF 23mm f/2.8 R WR Lens (FUJIFILM X, Black)",250
1896520,"FUXHB","FUJIFILM","X half Digital Camera (Black)","X half Digital Camera (Black)",250
1765968,"FUXS20","FUJIFILM","X-S20 Mirrorless Camera","X-S20 Mirrorless Camera (Black)",900
984422,"FUXM1B","FUJIFILM","X-M1 Mirrorless Digital Camera (Body Only, Black)","X-M1 Mirrorless Digital Camera (Body Only, Black)",300
1358088,"FUXE3S","FUJIFILM","X-E3 Mirrorless Digital Camera (Body Only, Silver)","X-E3 Mirrorless Digital Camera (Body Only, Silver)",460
910168,"FUX20B","FUJIFILM","X20 Digital Camera (Black)","X20 Digital Camera (Black)",400
1283431,"FU6328RWR","FUJIFILM","GF 63mm f/2.8 R WR Lens","GF 63mm f/2.8 R WR Lens",550
888035,"FUXE1B","FUJIFILM","X-E1 Mirrorless Digital Camera (Body Only, Black)","X-E1 Mirrorless Digital Camera (Body Only, Black)",275
1784861,"FU5517GF","FUJIFILM","GF 55mm f/1.7R WR Lens (FUJIFILM G)","GF 55mm f/1.7R WR Lens (FUJIFILM G)",1250
1402064,"FU2504RLM","FUJIFILM","GF 250mm f/4 R LM OIS WR Lens","GF 250mm f/4 R LM OIS WR Lens",1350
1827206,"FUXF16502848","FUJIFILM","XF 16-50mm f/2.8-4.8 R LM WR Lens","16-50mm f/2.8-4.8 R LM XF WR Lens",380
1827217,"FUXT501545CS","FUJIFILM","X-T50 Mirrorless Camera with 15-45mm f/3.5-5.6 Lens (Charcoal Silver)","X-T50 Mirrorless Camera with 15-45mm f/3.5-5.6 Lens (Charcoal Silver)",950
1659206,"FUGFX50SII","FUJIFILM","GFX 50S II Medium Format Mirrorless Camera","GFX 50S II Medium Format Mirrorless Camera",1750
509019,"FOMBFM600","Formatt Hitech","FM-600 4x4 Matte Box","FM-600 4x4 Matte Box",0
431903,"FOCR500","Fostex","CR500 CD-R/RW Master Recorder/Player","CR500 CD-R/RW Master Recorder/Player",
77690,"FRMF12P","Frezzi","MF-12P 100-watt Mini-Fill On-Camera Light","MF-12P 100-watt Mini-Fill On-Camera Light",0
171760,"FRMFSB","Frezzi","MFSB Soft Box","MFSB Soft Box",0
112217,"GLGCBP","Glidecam","Body-Pod","Glidecam Body-Pod",0
816526,"GLXR1000","Glidecam","XR-1000 Handheld Camera Stabilizer","XR-1000 Handheld Camera Stabilizer",0
1613342,"GOV860IIIS","Godox","Ving V860III TTL Li-Ion Flash Kit for Sony Cameras","Ving V860III TTL Li-Ion Flash Kit for Sony Cameras",110
217276,"GOSLM","Gossen","Starlite Meter","Starlite Meter",0
314053,"HA504CBT","Hasselblad","Wide Angle 50mm f/4 Zeiss T* Distagon C Lens (Black)","Wide Angle 50mm f/4 Zeiss T* Distagon C Lens (Black)",
1407157,"HA2140L","Hasselblad","XCD 21mm f/4 Lens","XCD 21mm f/4 Lens",900
1539994,"HA454PXCD","Hasselblad","XCD 45mm f/4 P Lens","XCD 45mm f/4 P Lens",575
1803225,"HA907XCFV100","Hasselblad","907X & CFV 100C Medium Format Mirrorless Camera","907X & CFV 100C Medium Format Mirrorless Camera",4000
308317,"IKHLDV7AW","Ikegami","HL-DV7AW DVCAM Camcorder","HL-DV7AW DVCAM Camcorder",
23903,"IK0042.66Z","Ikelite","7.2v halogen bulb f/super-c","7.2v HALOGEN BULB f/SUPER-C",
326895,"KTKE110CC","K-Tek","KE-110CC Avalon Series Aluminum Boompole with Internal XLR Cable","KE110CC - Aluminum Boompole with Coiled Cable",
368038,"KAR103RS","Kata","R-103 GDC Rucksack","R-103 GDC Rucksack",20
162774,"KATB1R","Kata","Triporigid-1 Rigid Tripod Bag","Triporigid-1 Rigid Tripod Bag",0
368034,"KAHB207","Kata","HB-207 GDC Hiker Backpack","HB-207 GDC Hiker Backpack",40
368039,"KASB904SC","Kata","SB-904 GDC Reporter Shoulder Case","SB-904 GDC Reporter Shoulder Case",25
426286,"KACG12","Kata","CG-12 Camera Glove","CG-12 Camera Glove",0
426293,"KAWS606","Kata","WS-606 GDC Shoulder Case","WS-606 GDC Shoulder Case",20
353925,"MIM7D","Konica Minolta","Maxxum 7D Digital Camera (Camera Body)","Maxxum 7D Digital Camera (Camera Body)",85
210689,"MI10030045DA","Konica Minolta","Zoom Telephoto AF D 100-300mm f/4.5-5.6 APO Autofocus Lens","100-300mm f/4.5-5.6 D APO Autofocus Lens",0
35233,"MI8020028AAQ","Konica Minolta","Zoom Telephoto AF 80-200mm f/2.8 APO G Autofocus Lens","80-200mm f/2.8 APO G Autofocus Lens",0
392005,"MIM5D","Konica Minolta","Maxxum 5D Digital Camera","Maxxum 5D Digital Camera",
35135,"MI13528","Konica Minolta","Telephoto 135mm f/2.8 MD Manual Focus Lens","Telephoto 135mm f/2.8 MD Manual Focus Lens",0
35194,"MI5008AF","Konica Minolta","Telephoto AF 500mm f/8.0 Reflex Autofocus Lens","500mm f/8.0 Reflex Autofocus Lens",0
131354,"MI173535AF","Konica Minolta","Zoom Super Wide Angle AF 17-35mm f/3.5 G Autofocus Lens","17-35mm f/3.5 G Autofocus Lens",0
462011,"LEM8B","Leica","M8 Rangefinder Digital Camera Body (Black)","M8 Digital Camera Body (Black)",1300
124348,"LEMLB","Leica","Minilux Camera - Black","Minilux Camera (Black) (40mm f2.4 lens)",200
798870,"LEM9PB","Leica","M9-P Digital Camera Body (Black Paint)","M9-P Digital Camera (Black Paint, Body Only)",2000
891920,"LEDL6B","Leica","D-LUX 6 Digital Camera (Matte Black)","D-LUX 6 Digital Camera (Black)",325
280205,"LECD1B","Leica","External Battery Charger","External Battery Charger",0
982938,"LEXV","Leica","X Vario Digital Camera (Black)","X Vario Digital Camera (Black)",600
1312198,"LEM10B","Leica","M10 Digital Rangefinder Camera (Black)","M10 Digital Rangefinder Camera (Black)",2600
1435942,"LECLSPK18","Leica","CL Mirrorless Camera with 18mm Lens (Silver Anodized)","CL Mirrorless Digital Camera with 18mm Lens (Silver Anodized)",1495
1792196,"LEM11PBL","Leica","M11-P Rangefinder Camera (Black)","M11-P Rangefinder Camera (Black)",5500
1348986,"LETL2S","Leica","TL2 Mirrorless Camera (Silver)","TL2 Mirrorless Camera (Silver)",800
1046766,"LETS","Leica","T Mirrorless Digital Camera (Silver)","T Mirrorless Digital Camera (Silver)",280
1413799,"LESF60","Leica","SF 60 Flash","SF 60 Flash",325
1240076,"LE9028028","Leica","APO-Vario-Elmarit-SL 90-280mm f/2.8-4 Lens","APO-Vario-Elmarit-SL 90-280mm f/2.8-4 Lens",2350
1760461,"LEM11M","Leica","M11 Monochrom Rangefinder Camera","M11 Monochrom Rangefinder Camera",6400
1812974,"LESL3","Leica","SL3 Mirrorless Camera","SL3 Mirrorless Camera",3600
30309,"LEM6B","Leica","M6 35mm Rangefinder Manual Focus Camera Body (Black)","M6 35mm Rangefinder Manual Focus Camera Body (Black)",1900
860529,"LE5020","Leica","APO-Summicron-M 50mm f/2 ASPH. Lens (Leica M, Black)","APO-Summicron-M 50mm f/2 ASPH. Lens (Leica M, Black)",3600
227077,"N","Lowepro","","(SD-SP) PACIFIC COLLECT BAG - SANTA CR",
377057,"MA1202VLZPRD","Mackie","DEMO/ULTRA-COMPACT 12-CHANNEL AUDIO MI","DEMO/ULTRA-COMPACT 12-CHANNEL AUDIO MI",
182440,"MAFBP645AF","Mamiya","Film Back HP402 for Polaroid Pack Film","Polaroid Film Back For 645 AF",0
213301,"MA3535645AF","Mamiya","35mm f/3.5 Lens for 645-AF","35mm f/3.5 Lens for 645-AF",
395958,"MA645AFD2VP","Mamiya","645-AFD II Auto Focus Value Pack Camera Kit","645-AFD II Kit with 80mm f2.8 and 120/220 Film Back",0
182422,"MA5528645AF","Mamiya","55mm f/2.8 Lens for 645-AF","55mm f/2.8 Lens for 645-AF",0
348827,"MA525MVB519K","Manfrotto","525MVB Tripod Legs (Black) with 519 Fluid Head","525MVB Tripod Legs (Black) with 519 Fluid Head",
631499,"MA521PLANCAV","Manfrotto","521PROILANCAV Remote and Adapter Kit","521PROILANCAV Remote and Adapter Kit",0
5322,"MA3066","Manfrotto","3066 Video Fluid Head","3066 Video Fluid Head",0
362023,"MAPMD660","Marantz Professional","PMD660 - Portable Compact Flash Recorder","PMD660 - Portable Compact Flash Recorder",
233327,"MAVR44P","Marshall Electronics","V-R44P Quad 4"" LCD Monitor Unit Rack Mountable","V-R44P Quad 4"" LCD Monitor Unit Rack Mountable",
152946,"NICP","Night Owl Optics","Cyclops Pro 5x Nightvision Monocular","Cyclops Pro 5x Nightvision Monocular",
36956,"NI357028DAF","Nikon","Zoom Wide Angle-Telephoto AF Zoom Nikkor 35-70mm f/2.8D Autofocus Lens","35-70 f/2.8 ""D"" Autofocus Lens",125
364708,"NI30028GAFS","Nikon","300mm f/2.8 G-AFS ED-IF VR Lens","300mm f/2.8 G-AFS ED-IF ""VR"" Lens",1000
89288,"NI5004DAF","Nikon","500mm f/4.0D AF-I IF-ED Autofocus Lens","500mm f/4 D AF-I IF-ED Autofocus Lens",600
207358,"NI248528DAF","Nikon","AF Zoom-NIKKOR 24-85mm f/2.8-4D IF Lens","24-85 f/2.8-4 ""D"" IF AF Lens",125
165829,"NI2810535DAF","Nikon","Zoom Wide Angle-Telephoto AF Zoom Nikkor 28-105mm f/3.5-4.5D IF","28-105 f/3.5-4.5D IF Autofocus Lens",50
300602,"NID2H","Nikon","D2H Pro Digital Camera (Camera Body)","D2H Pro Digital Camera (Camera Body)",0
247088,"NIN552880K","Nikon","N55 Camera Kit with 28-80mm G-AF Lens","N55 Camera Kit with 28-80mm G-AF Lens",35
220440,"NISB50DX","Nikon","SB-50 DX Speedlight","SB-50 DX Speedlight Flash",6
644744,"NI18200235","Nikon","AF-S DX NIKKOR 18-200mm f/3.5-5.6G ED VR II Lens","18-200 f/3.5-5.6G ED-IF AF-S DX VR ""MARK-II"" Lens",120
228166,"NITC20E2DAFS","Nikon","TC-20E II 2x Teleconverter","TC-20EII 2x Teleconverter for D-AF-S",60
36928,"NI2835PC","Nikon","Wide Angle Shift 28mm f/3.5 PC Manual Focus Lens","28mm f/3.5 PC Shift Manual Focus Lens",90
349180,"NI5535MAI","Nikon","Macro 55mm f/3.5 Micro AI Manual Focus Lens","55mm f/3.5 AI Micro-Nikkor Manual Focus Lens",45
36855,"NI10525","Nikon","Telephoto 105mm f/2.5 AIS Manual Focus Lens","105mm f/2.5 AIS Manual Focus Lens",175
258016,"NI10525N","Nikon","Telephoto 105mm f/2.5 Manual Focus Lens (Non-AI)","105mm f/2.5 Manual Focus Lens (Non-AI)",55
277227,"NI12244GAFS","Nikon","AF-S DX Zoom-NIKKOR 12-24mm f/4G IF-ED Lens","12-24 f/4G ED-IF DX AF-S Autofocus Lens",100
615742,"NID5000","Nikon","D5000 Digital SLR Camera (Body Only)","D5000 Digital SLR Camera (Camera Body)",65
37029,"NI852","Nikon","Telephoto 85mm f/2.0 AIS Manual Focus Lens","85mm f/2.0 AIS Manual Focus Lens",120
36880,"NI1352","Nikon","Telephoto 135mm f/2.0 AIS Manual Focus Lens","135mm f/2 AIS Manual Focus Lens",250
124173,"NIFM2B","Nikon","FM2N 35mm SLR Manual Focus Camera Body (Black)","FM2N Manual Focus Camera Body (Black)",200
220344,"NIFM3AB","Nikon","FM3A 35mm SLR Manual Focus Camera Body (Black)","FM3A Manual Focus Camera Body (Black)",500
328142,"NI13528N","Nikon","Telephoto 135mm f/2.8 Manual Focus Lens (Non-AI)","135mm f/2.8 Manual Focus Lens (Non-AI)",25
82949,"NIN90S","Nikon","N90s 35mm SLR Autofocus Camera Body","N90s 35mm SLR Autofocus Camera Body",60
580241,"NID90","Nikon","D90 SLR Digital Camera (Body Only)","D90 SLR Digital Camera (Camera Body)",85
580422,"NID9018105","Nikon","D90 DSLR Camera with 18-105mm Lens","D90 SLR Digital Camera with 18-105mm VR Lens",0
410488,"NISBR200","Nikon","SB-R200 Wireless Remote Speedlight","SB-R200 Wireless Remote Speedlight",40
325101,"NI204AI","Nikon","Super Wide Angle 20mm f/4.0 AI Manual Focus Lens","20mm f/4 AI Manuel focus Lens (52mm)",100
36854,"NI10518","Nikon","Telephoto 105mm f/1.8 AIS Manual Focus Lens","105mm f/1.8 AIS Manual Focus Lens",200
449088,"NI7030045AFS","Nikon","AF-S VR Zoom-NIKKOR 70-300mm f/4.5-5.6G IF-ED Lens","70-300mm f/4.5-5.6 G AF-S ""VR"" Autofocus Lens ",140
103804,"NI8020045DAF","Nikon","80-200mm f/4.5-5.6 D-AF Autofocus Lens","80-200 f/4.5-5.6 D-AF Autofocus Lens",25
254669,"NIFGC","Nikon","FG 35mm SLR Manual Focus Camera Body (Chrome)","FG Manual Focus Body (chrome)",60
254654,"NIFACZ","Nikon","FA 35mm SLR Manual Focus Camera Body (Chrome)","FA Manual Focus Camera Body (Chrome)",75
333821,"NI367235E","Nikon","Zoom Wide Angle-Telephoto 36-72mm f/3.5 AIS Manual Focus Lens - E Series","36-72mm f/2.8 E LENS",35
37899,"NISB16A","Nikon","SB-16A TTL Shoe Mount Flash","SB-16A TTL Shoe Mount Flash For F3",20
337749,"NI2835","Nikon","Wide Angle 28mm f/3.5 AIS Manual Focus Lens","28mm f/3.5 AIS Manual Focus Lens",50
254653,"NIF3","Nikon","F3 35mm SLR Manual Focus Camera Body","F3 Manual Focus Camera Body",220
352116,"NIF6","Nikon","F6 35mm SLR Autofocus Camera Body","F6 35mm SLR Autofocus Camera Body",1100
254856,"NICP5700","Nikon","Coolpix 5700 SLR Digital Camera","Coolpix 5700 Digital Camera",20
92011,"NI352DAF","Nikon","AF NIKKOR 35mm f/2D Lens","35mm f/2 D Nikkor Autofocus Lens",180
424744,"NI10528GAF","Nikon","AF-S VR Micro-NIKKOR 105mm f/2.8G IF-ED Lens","105mm f/2.8 G ED-IF AF-S Micro ""VR"" Lens",270
84151,"NI8518DAF","Nikon","AF Nikkor 85mm f/1.8D Lens","85mm f/1.8 D Autofocus Lens",80
36858,"NI1052DAF","Nikon","AF DC-NIKKOR 105mm f/2D Lens","105mm f/2 D DC (Defocus Control) Autofocus Lens",350
350371,"NI5528MAF","Nikon","Macro 55mm f/2.8 AF Micro-Nikkor Autofocus Lens","55mm f/2.8 AF Micro-Nikkor Autofocus Lens",75
615725,"NID50001855","Nikon","D5000 Digital SLR Camera Kit with 18-55mm VR Lens","D5000 Digital SLR Camera Kit with 18-55mm VR Lens",100
37923,"NISC24","Nikon","SC-24 TTL Cord","SC-24 TTL Cord",10
644741,"NI7020028","Nikon","AF-S NIKKOR 70-200mm f/2.8G ED VR II Lens","70-200 f/2.8G AF-S ED ""VR II"" Lens",600
729952,"NI8514GAF","Nikon","AF-S NIKKOR 85mm f/1.4G Lens","85mm f/1.4 G AF-S Lens",380
518489,"NID300","Nikon","D300 SLR Digital Camera (Camera Body)","D300 SLR Digital Camera (Camera Body)",75
219764,"NI7X15SE","Nikon","7x15 Mikron CF Binoculars","7x15 Special Edition Binocular ",85
818673,"NICPS1200PJB","Nikon","CoolPix S1200pj Digital Camera With Built-In Projector (Black)","Coolpix S1200pj Digital Camera With Built-In Projector",0
910170,"NID52001855B","Nikon","D5200 DSLR Camera with 18-55mm Lens (Black)","D5200 Digital SLR Camera with 18-55mm Lens (Black)",140
832699,"NISB910","Nikon","SB-910 AF Speedlight","SB-910 AF Speedlight i-TTL Shoe Mount Flash",80
1175033,"NI247028VR","Nikon","AF-S NIKKOR 24-70mm f/2.8E ED VR Lens","24-70mm f/2.8E ""VR"" ED AF-S Autofocus Lens ",750
729950,"NI28300GAF","Nikon","AF-S NIKKOR 28-300mm f/3.5-5.6G ED VR Lens","28-300mm f/3.5-5.6G AF-S ED VR Lens",225
1127271,"NID7200","Nikon","D7200 DSLR Camera (Body Only)","D7200 DSLR Camera (Body Only)",280
1166858,"NI5004EVRAFS","Nikon","AF-S NIKKOR 500mm f/4E FL ED VR Lens","500mm f/4E FL ED AF-S VR Lens",2400
1032376,"NICPP530BK","Nikon","COOLPIX P530 Digital Camera Basic Kit (Black)","COOLPIX P530 Digital Camera Basic Kit (Black)",
1166860,"NI168028VR","Nikon","AF-S DX NIKKOR 16-80mm f/2.8-4E ED VR Lens","16-80mm f/2.8-4E ED AF-S DX VR Lens",360
1013093,"NIDF50S","Nikon","Df DSLR Camera with 50mm f/1.8 Lens (Silver)","Df DSLR Camera with 50mm f/1.8 Lens (Silver)",850
1135820,"NI1J51030B","Nikon","1 J5 Mirrorless Digital Camera with 10-30mm Lens (Black)","1 J5 Mirrorless Digital Camera with 10-30mm Lens (Black)",0
1511273,"NIZ501650","Nikon","Z50 Mirrorless Camera with 16-50mm Lens","Z50 Mirrorless Digital Camera with 16-50mm Lens",375
1538574,"NIZ7020028","Nikon","NIKKOR Z 70-200mm f/2.8 VR S Lens","70-200mm f/2.8 VR S NIKKOR Z Lens",1250
1538607,"NID78024120","Nikon","D780 DSLR Camera with 24-120mm Lens","D780 DSLR Camera with 24-120mm Lens",950
1052083,"NI40028EFL","Nikon","AF-S NIKKOR 400mm f/2.8E FL ED VR Lens","AF-S NIKKOR 400mm f/2.8E FL ED VR Lens",3100
1497159,"NIZ8518","Nikon","NIKKOR Z 85mm f/1.8 S Lens","85mm f/1.8 S NIKKOR Z  Lens",360
1546136,"NIZ2018","Nikon","NIKKOR Z 20mm f/1.8 S Lens","20mm f/1.8 S NIKKOR Z Lens",500
1578224,"NIZ142428","Nikon","NIKKOR Z 14-24mm f/2.8 S Lens","14-24mm f/2.8 S NIKKOR Z Lens",880
1511296,"NIZ1650","Nikon","NIKKOR Z DX 16-50mm f/3.5-6.3 VR Lens (Black)","16-50mm f/3.5-6.3 VR DX NIKKOR Z Lens",80
1423182,"NICPP1000","Nikon","COOLPIX P1000 Digital Camera","COOLPIX P1000 Digital Camera",425
258022,"NI13535AI","Nikon","Telephoto 135mm f/3.5 AI Manual Focus Lens","Telephoto 135mm f/3.5 AI Manual Focus Lens",40
818318,"NID3100","Nikon","D3100 Digital SLR Camera Body","D3100 Digital SLR Camera Body",70
1234149,"NICPA900B","Nikon","COOLPIX A900 Digital Camera (Black)","COOLPIX A900 Digital Camera (Black)",200
910078,"NICPS6500S","Nikon","COOLPIX S6500 Digital Camera (Silver)","COOLPIX S6500 Digital Camera (Silver)",110
1859492,"NIZ28135","Nikon","NIKKOR Z 28-135mm f/4 PZ Lens (Nikon Z)","NIKKOR Z 28-135mm f/4 PZ Lens (Nikon Z)",1200
37021,"NI8020028EDA","Nikon","AF Zoom-NIKKOR 80-200mm f/2.8 ED Lens","AF Zoom-NIKKOR 80-200mm f/2.8 ED Lens",150
1004287,"NICPP7800B","Nikon","COOLPIX P7800 Digital Camera","COOLPIX P7800 Digital Camera",175
818671,"NICPS6200BL","Nikon","Coolpix S6200 Digital Camera (Blue)","Coolpix S6200 Digital Camera (Blue)",70
1919505,"NIZR","Nikon","ZR Cinema Camera","ZR 6K Cinema Camera",1200
1818948,"NIZ2840048","Nikon","NIKKOR Z 28-400mm f/4-8 VR Lens","28-400mm f/4-8 VR Lens NIKKOR Z",625
1669888,"NIZ40028","Nikon","NIKKOR Z 400mm f/2.8 TC VR S Lens","NIKKOR Z 400mm f/2.8 TC VR S Lens",8000
342432,"NI5535MAIMSB","Nikon","55mm f/3.5 Micro AI-Mod Silver/Black","55mm f/3.5 Micro AI-Mod Silver/Black",50
918828,"NICPP520R","Nikon","COOLPIX P520 Digital Camera (Red)","COOLPIX P520 Digital Camera (Red)",90
407284,"NID200","Nikon","D200 SLR Digital Camera (Camera Body)","D200 SLR Digital Camera (Camera Body)",85
1860526,"NIZFBL","Nikon","Zf Mirrorless Camera (Blue)","Zf Mirrorless Camera (Blue)",1000
1784758,"OMTG7R","OM SYSTEM","Tough TG-7 Digital Camera (Red)","Tough TG-7 Digital Camera (Red)",250
405349,"OL1818035","Olympus","18-180mm f/3.5-6.3 ED Zuiko Digital Zoom Lens","18-180 f/3.5-6.3 ED Zuiko Digital Zoom Lens",70
404517,"OL3510020","Olympus","Zuiko Digital ED 35-100mm f/2 Lens","35-100 f/2.0 ED Zuiko Digital 4/3 Zoom Lens",0
488300,"OLEE4101442","Olympus","Evolt E-410 Digital Camera Kit with 14-42mm Zuiko Lens","Evolt E-410 Digital Camera Kit with 14-42mm Lens",0
301903,"OLE1","Olympus","E-1 Digital Camera (Camera Body)","E-1 Digital Camera (Camera Body)",
607497,"OLEE620","Olympus","Evolt E-620 SLR Digital Camera ","Evolt E-620 SLR Digital Camera ",50
607500,"OLEE6201442","Olympus","E-System E-620 SLR Digital Camera Kit with 14-42mm Lens","E-620 SLR Digital Camera Kit with 14-42mm Lens",0
808135,"OLEPL31442S","Olympus","E-PL3 Mirrorless Micro Four Thirds Digital Camera with 14-42mm II f/3.5-5.6 Lens (Silver)","E-PL3 Digital Camera with 14-42mm II Lens",0
805185,"OLEP31442B","Olympus","E-P3 PEN Digital Camera with 14-42mm Lens (Black)","E-P3 PEN Digital Camera with 14-42mm Lens (Black)",140
900013,"OL1718","Olympus","M.Zuiko Digital 17mm f/1.8 Lens (Silver)","17mm f/1.8 M-4/3 Digital Lens (silver)",140
1026122,"OL144235EZB","Olympus","M.Zuiko Digital ED 14-42mm f/3.5-5.6 EZ Lens (Black)","14-42mm f/3.5-5.6 ""EZ"" Lens (Black) Micro 4/3",90
892512,"OL6028","Olympus","M.Zuiko Digital ED 60mm f/2.8 Macro Lens","60mm f/2.8 M.ZUIKO m-4/3 Macro Lens",210
971405,"OL1718B","Olympus","M.Zuiko Digital 17mm f/1.8 Lens (Black)","17mm f/1.8 M-4/3 Digital Lens (Black)",160
919786,"OL7530048IIB","Olympus","M.Zuiko Digital ED 75-300mm f/4.8-6.7 II Lens","75-300 f/4.8-6.7 ""Mark II"" M.Zuiko Lens Micro 4/3 ",180
1011024,"OLS1B","Olympus","Stylus 1 Digital Camera","Stylus 1 Digital Camera",130
1031587,"OL3004PROQ","Olympus","M.Zuiko Digital ED 300mm f/4 PRO Lens","M.Zuiko Digital ED 300mm f/4 PRO Lens",0
1078961,"OLEPL71442B","Olympus","PEN E-PL7 Mirrorless Micro Four Thirds Digital Camera with 14-42mm f/3.5-5.6 II R Lens (Black)","E-PL7 Mirrorless M-4/3 Digital Camera with 14-42mm f/3.5-5.6 II R Lens (Black)",250
1179113,"OLEM10M2KS","Olympus","OM-D E-M10 Mark II Mirrorless Micro Four Thirds Digital Camera with 14-42mm EZ Lens (Silver)","OM-D E-M10 Mark ""II"" M-4/3 Digital Camera with 14-42mm Lens (Silver)",250
1127872,"OLS1SB","Olympus","Stylus 1s Digital Camera","Stylus 1s Digital Camera",130
842933,"OLEM51442B","Olympus","OM-D E-M5 Mirrorless Micro Four Thirds Digital Camera with 14-42mm Lens (Black)","OM-D E-M5 Mirrorless Micro 4/3 Digital Camera with 14-42mm Lens (Black)",0
971404,"OL4518B","Olympus","M.Zuiko Digital 45mm f/1.8 Lens (Black)","45mm f/1.8 Lens (Black)",125
1169045,"OLEPL7EZS","Olympus","PEN E-PL7 Mirrorless Micro Four Thirds Digital Camera with 14-42mm f/3.5-5.6 EZ Lens (Silver)","E-PL7 Mirrorless M-4/3 Digital Camera with 14-42mm f/3.5-5.6 EZ Lens (Silver)",250
38814,"OL30045","Olympus","Telephoto Zuiko 300mm f/4.5 Manual Focus Lens","Telephoto Zuiko 300mm f/4.5 Manual Focus Lens",90
1283565,"OLEM12","Olympus","OM-D E-M1 Mark II Mirrorless Camera","OM-D E-M1 Mark II Mirrorless M-4/3  Digital Camera (Body Only)",325
1459075,"OL1220035","Olympus","M.Zuiko Digital ED 12-200mm f/3.5-6.3 Lens","12-200mm f/3.5-6.3 ED Micro 4/3 Lens",350
1576156,"OLEM10M4B","Olympus","OM-D E-M10 Mark IV Mirrorless Camera (Black)","OM-D E-M10 Mark IV Mirrorless Digital Camera (Body Only, Black)",250
277581,"OLOM2C","Olympus","OM-2 35mm SLR Manual Focus Camera Body (Chrome)","OM-2 35mm SLR Manual Focus Camera Body (Chrome)",80
1477205,"OLTG6R","Olympus","Tough TG-6 Digital Camera (Red)","Tough TG-6 Digital Camera (Red)",200
642149,"OLS7010S","Olympus","Stylus 7010 Digital Camera (Silver)","Stylus 7010 Digital Camera (Silver)",30
316100,"PAAGMYA30G","Panasonic","AG-MYA30G - XLR Microphone Adapter and Mount for Panasonic AG-HMC40","AG-MYA30G - XLR Microphone Adapter and Mount",0
558723,"PAAGHVX200A","Panasonic","AG-HVX200A P2HD Camcorder","AG-HVX200A P2HD Camcorder",0
575449,"PAHDCSD100K","Panasonic","HDC-SD100K High Definition SD Card Camcorder","HDC-SD100K High Definition SD Card Camcorder",0
709719,"PAAGHMC80","Panasonic","AG-HMC80 3MOS AVCCAM HD Shoulder-Mount Camcorder","AG-HMC80 3MOS AVCCAM HD Shoulder-Mount Camcorder",0
723284,"PADMCFZ40B","Panasonic","Lumix DMC-FZ40 Digital Camera","Lumix DMC-FZ40 Digital Camera",75
828170,"PADMCGX1K","Panasonic","LUMIX DMC-GX1 Mirrorless Micro Four Thirds Digital Camera Body (Black)","DMC-GX1 Digital Camera Body Only",160
733197,"PADMCFZ40BK2","Panasonic","Lumix DMC-FZ40 Digital Camera with Deluxe Accessory Kit","Lumix DMC-FZ40 Digital Camera with Deluxe Accessory Kit",
752074,"PADMCZS10B","Panasonic","Lumix DMC-ZS10 Digital Camera (Black)","Lumix DMC-ZS10 Digital Camera (Black)",60
749840,"PAHDCSD40","Panasonic","HDC-SD40 High Definition Camcorder (Black)","HDC-SD40 High Definition Camcorder (Gray)",0
749842,"PAHDCSD80K","Panasonic","HDC-SD80 High Definition Camcorder (Black)","HDC-SD80 High Definition Camcorder (Black)",50
749833,"PAHDCHS80","Panasonic","HDC-HS80 Camcorder","HDC-HS80 Camcorder",40
768734,"PADMCGF3CK","Panasonic","Lumix DMC-GF3 Digital Camera with 14mm Lens Kit (Black)","DMC-GF3 Digital Camera with 14mm Lens Kit ",65
630570,"PA714GH1","Panasonic","LUMIX G Vario 7-14mm f/4 ASPH. Lens","7-14mm f/4.0 ASPH. Lens Lumix G Micro 4/3 ",250
736393,"PA1425","Panasonic","Lumix G 14mm f/2.5 ASPH Lens","14mm F2.5 ASPH Lens m-4/3",110
588096,"PADMWFL220","Panasonic","LUMIX DMW-FL220 External Flash","DMW-FL220 External Flash ",30
1023346,"PAHCV130B","Panasonic","HC-V130 Full HD Camcorder","HC-V130 Full HD Camcorder",35
905777,"PAAGAF100A","Panasonic","AG-AF100A Digital Cinema Camcorder","AG-AF100A Digital Cinema Camcorder",0
910265,"PAHCX920K","Panasonic","HC-X920 3MOS Ultrafine Full HD Camcorder","HC-X920 3MOS Ultrafine Full HD Camcorder",150
892456,"PADMCGH3B","Panasonic","Lumix DMC-GH3 Mirrorless Micro Four Thirds Digital Camera (Black)","DMC-GH3 Mirrorless Digital Camera (Black)",130
1007127,"PAAGAC8PJ","Panasonic","AG-AC8PJ AVCCAM HD Shoulder-Mount Camcorder","AG-AC8PJ AVCCAM HD Shoulder-Mount Camcorder",0
1148283,"PADMCG7KS","Panasonic","LUMIX G7 Mirrorless Camera with 14-42mm Lens (Silver)","DMC-G7 Mirrorless Micro 4/3 Digital Camera with 14-42mm Lens (Silver)",200
1162644,"PADMCGX8S","Panasonic","Lumix DMC-GX8 Mirrorless Micro Four Thirds Digital Camera (Body Only, Silver)","DMC-GX8 Mirrorless Micro 4/3 Digital Camera (Body Only, Silver)",330
648488,"PADMCGF1","Panasonic","Lumix DMC-GF1 Digital Camera","Lumix DMC-GF1 Digital Camera",100
1166299,"PADMCGF7BK","Panasonic","Lumix DMC-GF7 Mirrorless Micro Four Thirds Digital Camera with 12-32mm Lens Basic Kit (Black and Silver)","Lumix DMC-GF7 Mirrorless Micro Four Thirds Digital Camera with 12-32mm Lens Basic Kit (Black and Silver)",
1028453,"PADMCGH4B","Panasonic","Lumix GH4 Mirrorless Camera","DMC-GH4 4K Mirrorless Micro 4/3 Digital Camera (Body Only)",200
1057135,"PADMCFZ1000B","Panasonic","Lumix DMC-FZ1000 Digital Camera","DMC-FZ1000 Digital Camera",275
1428270,"PADCLX1002","Panasonic","Lumix DC-LX100 II Digital Camera (Black)","DC-LX100 ""II"" Digital Camera (Black)",500
1442103,"PAAGDVX200Q","Panasonic","AG-DVX200 4K Professional Camcorder","AG-DVX200 4K Professional Camcorder",1100
1528018,"PAHCX1500","Panasonic","HC-X1500 UHD 4K HDMI Pro Camcorder with 24x Zoom","HC-X1500 UHD 4K HDMI Pro Camcorder with 24x Zoom",700
1280824,"PADMCG85MK","Panasonic","LUMIX G85 Mirrorless Camera with 12-60mm Lens","Lumix DMC-G85 Mirrorless Micro 4/3 Digital Camera with 12-60mm Lens",300
1393739,"PA5020028","Panasonic","Leica DG Vario-Elmarit 50-200mm f/2.8-4 ASPH. POWER O.I.S. Lens","50-200/2.8-4 ASPH. POWER O.I.S. Lens Leica DG Vario-Elmarit",625
1383054,"PAHCV800K","Panasonic","HC-V800 Full HD Camcorder","HC-V800 Full HD Camcorder",250
1383053,"PAHCWXF1K","Panasonic","HC-WXF1 UHD 4K Camcorder with Twin & Multicamera Capture","HC-WXF1 UHD 4K Camcorder with Twin & Multicamera Capture",380
1513255,"PA7020028S","Panasonic","LUMIX S PRO 70-200mm f/2.8 O.I.S. Lens","70-200mm f/2.8 O.I.S. LLumix S PRO Lens",1050
1513256,"PA16354S","Panasonic","LUMIX S PRO 16-35mm f/4 Lens","16-35mm f/4 Lumix S PRO Lens",700
1832646,"PADCGH7B","Panasonic","LUMIX GH7 Mirrorless Camera","Lumix GH7 Mirrorless Camera",1050
910507,"PADMCTS5BL","Panasonic","Lumix DMC-TS5 Digital Camera (Blue)","Lumix DMC-TS5 Digital Camera (Blue)",70
910506,"PADMCTS5S","Panasonic","Lumix DMC-TS5 Digital Camera (Silver)","Lumix DMC-TS5 Digital Camera (Silver)",70
1023337,"PADMCLZ40B","Panasonic","LUMIX DMC-LZ40 Digital Camera (Black)","LUMIX DMC-LZ40 Digital Camera (Black)",75
1858878,"PAHCVX3","Panasonic","HC-VX3 UHD 4K Camcorder with 24x Zoom","HC-VX3 UHD 4K Camcorder with 24x Zoom",400
1869315,"PADCG97MK","Panasonic","Panasonic Lumix G97 Mirrorless Camera with 12-60mm f/3.5-5.6 Lens","Panasonic Lumix G97 Mirrorless Camera with 12-60mm f/3.5-5.6 Lens",350
1869317,"PADCZS99S","Panasonic","ZS99 Digital Camera (Silver)","ZS99 Digital Camera (Silver)",350
749968,"PADMCFH27B","Panasonic","Lumix DMC-FH27 Digital Camera (Black)","Lumix DMC-FH27 Digital Camera (Black)",40
910522,"PADMCSZ3W","Panasonic","Lumix DMC-SZ3 Digital Camera (White)","Lumix DMC-SZ3 Digital Camera (White)",40
910523,"PADMCSZ3V","Panasonic","Lumix DMC-SZ3 Digital Camera (Violet)","Lumix DMC-SZ3 Digital Camera (Violet)",40
1922205,"PA100500S","Panasonic","LUMIX S 100-500mm f/5-7.1 O.I.S. Lens (L-Mount)","LUMIX S 100-500mm f/5-7.1 O.I.S. Lens (L-Mount)",1100
1283257,"PADCGH5","Panasonic","Lumix GH5 Mirrorless Camera","Lumix GH5 Mirrorless Camera",330
803405,"PEDWL2","Pearstone","DWL-2 Universal Tripod Dolly","DWL-2 Universal Tripod Dolly",10
145115,"PE458545645N","Pentax","SMCP-FA 645N Zoom 45-85mm f/4.5","45-85mm f/4.5 FA Auto Focus Lens for 645N",0
41585,"PESMD","Pentax","Digital Spot Meter","Digital Spot Meter",190
409200,"PE4319FAB","Pentax","smc PENTAX-FA 43mm f/1.9 Limited Lens (Black)","43mm f/1.9 FA Limited Autofocus Lens - Black",175
542127,"PE3528MDAZ","Pentax","SMCP-DA 35mm f/2.8 Macro Limited Series Autofocus Lens ","35mm f/2.8 Macro DA Limited Lens for Digital",100
542146,"PE553004EDZ","Pentax","SMCP-DA 55-300mm f/4-5.8 ED Autofocus Lens for Select Digital SLR Cameras","55-300 f/4-5.8 ED Autofocus Lens for Digital SLR",75
357075,"PE6X7FTTL","Pentax","6x7 Medium Format SLR Camera with TTL Metered Prism Viewfinder","6x7 Camera Body with TTL Metered Prism Viewfinder",0
169128,"PEGHS672","Pentax","Hotshoe Grip 67II for 67 Series Cameras","Hotshoe Grip 67II for 67 Cameras",75
41080,"PEETS67","Pentax","Extension Tube Set (Outer Bayonet)","Extension Tube Set (Outer Bayonet) 23 and 46",40
41078,"PEETH67","Pentax","Helicoid Extension Tube","Helicoid Extension Tube For 67",40
169804,"PE2004645N","Pentax","SMCP-FA 645N 200mm f/4 (IF)","200mm f/4 FA Auto Focus Lens For 645N",40
399853,"PE1224DA","Pentax","SMCP-DA 12-24mm f/4 ED AL Autofocus Lens","12-24 f/4 ED AL SMCP-DA Autofocus Lens",125
542044,"PEK200D","Pentax","K200D SLR Digital Camera (Camera Body)","K200D SLR Digital Camera (Camera Body)",0
567353,"PE17704DA","Pentax","SMCP-DA 17-70mm f/4 AL (IF) SDM Autofocus Lens for Digital SLR","17-70 f/4 AL (IF) SDM Autofocus Lens for Digital SLR",125
485180,"PE165028DA","Pentax","smc DA* 16-50mm f/2.8 ED AL (IF) SDM Lens","16-50 f/2.8 ED SMCP-DA* SDM Lens",160
169116,"PEMH672","Pentax","Rigid Magnifying Hood Model 67II","Rigid Magnifying Hood Model 67II",50
40743,"PE354567","Pentax","SMCP-67 35mm f/4.5 Fish Eye","35mm f/4.5 Fish Eye SMC lens For 67",245
40636,"PE1203567","Pentax","SMCP-67 120mm f/3.5 Soft","120mm f/3.5 Soft Focus Lens For 67",125
1002132,"PE2132DALB","Pentax","HD Pentax DA 21mm f/3.2 AL Limited Lens (Black)","21mm f/3.2 AL HD DA Limited Lens Black (Red-line)",150
1223123,"PEK1FF","Pentax","K-1 DSLR Camera (Body Only)","K-1 DSLR Camera (Body Only)",450
1590492,"PE5014SDMS","Pentax","HD PENTAX-D FA* 50mm f/1.4 SDM AW Silver Edition Lens","HD PENTAX-D FA* 50mm f/1.4 SDM AW Silver Edition Lens",
1257876,"PEK70B","Pentax","K-70 DSLR Camera (Body Only, Black)","K-70 DSLR Camera (Body Only, Black)",250
1633010,"PEK33S","Pentax","K-3 Mark III DSLR Camera (Silver)","K-3 Mark III DSLR Camera (Silver)",725
1590491,"PE7020028S","Pentax","HD PENTAX-D FA* 70-200mm f/2.8 ED DC AW Silver Edition Lens","HD PENTAX-D FA* 70-200mm f/2.8 ED DC AW Silver Edition Lens",650
1626698,"PE7718S","Pentax","HD Pentax-FA 77mm f/1.8 Limited (Silver)","HD Pentax-FA 77mm f/1.8 Limited (Silver)",
342448,"PE502M","Pentax","50mm f/2 M Lens","50mm f/2 M Lens",35
390870,"PEPCAB1","Petrol","PCAB-1 Camera Accessory Bag","PCAB-1 Camera Accessory Bag",10
236219,"PEPCUB3","Petrol","PCUB-3 U-Bag 3 Camera Bag","PCUB-3 U-Bag 3 Camera Bag",40
686533,"PEPC201","Petrol","Deca Mini Camporter, Small","Deca Mini Camporter, Small",50
1275065,"RO1428FSE","Rokinon","AF 14mm f/2.8 FE Lens for Sony E","AF 14mm f/2.8 FE Lens for Sony E",210
324242,"SEEW112PG2A","Sennheiser","Evolution G2 100 Series - UHF Lavalier System (A)","Evolution G2 100 Series - UHF Lavalier Portable System ",115
1385595,"SEEW112PG4A","Sennheiser","EW 112P G4 Camera-Mount Wireless Omni Lavalier Microphone System (A: 516 to 558 MHz)","EW 112P G4 Camera-Mount Wireless Omni Lavalier Microphone System (A: 516 to 558 MHz)",195
297848,"SI2830035MNA","Sigma","28-300mm f/3.5-6.3 Macro Autofocus Lens","28-300 f/3.5-6.3 Macro Lens for Nikon AF (62mm)",75
245264,"SI2830035NAQ","Sigma","Zoom Wide Angle-Telephoto 28-300mm f/3.5-6.3 Compact Hyper Zoom Aspherical for Nikon AF-D","28-300 f/3.5-6.3 Cmpct Hyper Zoom lens for Nikon AF (67mm)",65
148511,"SI5028MNAF","Sigma","Normal 50mm f/2.8 EX Macro Autofocus Lens for Nikon AF-D","50mm f/2.8 EX Macro Lens for Nikon AF",50
389504,"SI8040045DGC","Sigma","80-400mm f/4.5-5.6 EX DG APO OS Lens for Canon EOS","80-400 f/4.5-5.6 EX ""DG"" APO OS Lens for Canon EOS",275
381615,"SI3014DCCAF","Sigma","30mm f/1.4 EX DC HSM Autofocus Lens for Canon Digital","30mm f/1.4 EX DC HSM Autofocus Lens for Canon Digital",
407592,"SI1528DGCAF","Sigma","15mm f/2.8 EX DG Diagonal Fisheye Lens for Canon EF","15mm f/2.8 EX DG Fisheye Lens for Canon EOS",130
596243,"SI4528EXDSO","Sigma","4.5mm f/2.8 EX DC HSM Circular Fisheye Lens for Sony A","4.5mm f/2.8 EX DC HSM Lens for Sony Alpha SLR",110
390175,"SI1003004DGM","Sigma","100-300mm f/4 EX DG IF Autofocus Lens for Sony & Minolta","100-300 f/4 EX ""DG"" IF AF Lens for Sony/Minolta",0
217796,"SI2018MAF","Sigma","20mm f/1.8 (D) EX Aspherical DG DF RF AF Lens","20mm f/1.8 EX Asph DG Lens For Sony/minolta",50
148317,"SI7020028ACA","Sigma","Zoom Telephoto 70-200mm f/2.8 EX APO IF HSM AF Lens","70-200 f/2.8 EX APO HSM Lens for Canon EOS",175
157614,"SI287028ANAF","Sigma","Zoom Wide Angle-Telephoto 28-70mm f/2.8 EX Aspherical Autofocus Lens for Nikon AF-D","28-70 f/2.8 EX Aspherical Lens for Nikon AF",75
535763,"SI1028EXDCC","Sigma","10mm f/2.8 EX DC HSM Fisheye Lens for Canon Digital Camera","10mm f/2.8 EX DC HSM Fisheye Lens for Canon Digital ",100
231669,"SI153035CAF","Sigma","Zoom Super W/A 15-30mm f/3.5-4.5 EX Aspherical DG DF AF Lens","15-30 f/3.5-4.5 EX Asph DG DF Lens for Canon AF",70
121739,"SI1705005ACA","Sigma","Zoom Telephoto 170-500mm f/5-6.3 APO Aspherical AF Lens","170-500 f/5-6.3 APO Lens for Canon EOS",125
47456,"SI2818CAF","Sigma","Wide Angle 28mm f/1.8II Aspherical Auto Focus Lens f/Canon EOS","28mm f/1.8 II Aspheric Lens for Canon EOS",50
217794,"SI2018CAF","Sigma","Super W/A 20mm f/1.8 EX Aspherical DG DF RF AF Lens","20mm f/1.8 EX Aspherical DG DF RF Lens for Canon EOS",125
102873,"SI703004NAFQ","Sigma","Zoom Telephoto 70-300mm f/4-5.6 DL Autofocus Lens for Nikon AF","70-300 f/4-5.6 DL Autofocus Lens for Nikon AF",0
148576,"SI7020028ANY","Sigma","Zoom Telephoto 70-200mm f/2.8 EX APO IF HSM AF Lens","70-200mm f/2.8 EX APO HSM Lens for Nikon AF",0
373748,"SI1820035NAF","Sigma","18-200mm f/3.5-6.3 DC Lens for Nikon Digital SLR","18-200 f/3.5-6.3 DC Lens for Nikon Digital ",35
245270,"SI2820035MNA","Sigma","28-200mm f/3.5-5.6 Compact Hyper Zoom Aspherical Macro AF Lens","28-200 f/3.5-5.6 Compact Hyper Lens for Nikon AF (62mm)",0
535757,"SI4528EXDCC","Sigma","4.5mm f/2.8 EX DC HSM Circular Fisheye Lens for Canon EF","4.5mm f/2.8 EX DC HSM Lens for Canon Digital SLR",175
134856,"SI10030045CA","Sigma","Zoom Telephoto 100-300mm f/4.5-6.7 DL Autofocus Lens for Canon EOS","100-300 f/4.5-6.7 DL Lens for Canon EOS",30
332388,"SI246028CAF","Sigma","24-60mm f/2.8 EX DG Autofocus Lens","24-60 f/2.8 EX DG Lens For Canon AF",110
283382,"SI2413528ANA","Sigma","24-135mm f/2.8-4.5 Autofocus Lens for Nikon AF","24-135 f/2.8-4.5 Autofocus Lens for Nikon AF",65
609112,"SI1825035N","Sigma","18-250mm f/3.5-6.3 DC OS HSM Autofocus Zoom Lens For Nikon Cameras","18-250 f/3.5-6.3 DC ""OS"" HSM Autofocus Zoom Lens For Nikon ",50
609113,"SI1825035C","Sigma","18-250mm f/3.5-6.3 DC OS HSM Autofocus Zoom Lens For Canon Cameras","18-250 f/3.5-6.3 DC ""OS"" HSM Autofocus Zoom Lens For Canon ",75
397593,"SI287028DM","Sigma","28-70mm f/2.8-4 DG Compact Zoom Autofocus Lens for Sony Alpha & Minolta Maxxum","28-70 f/2.8-4 DG Compact AF Lens for Sony/Minolta",0
596244,"SI1028EXDCP","Sigma","10mm f/2.8 EX DC HSM Fisheye Lens for Pentax Digital Camera","10mm f/2.8 EX DC HSM Fisheye Lens for Pentax Digital ",120
806377,"SI10528MDGCE","Sigma","105mm f/2.8 EX DG OS HSM Macro Lens for Canon EF","105mm f/2.8 EX DG ""OS"" Macro Lens For Canon AF",225
852005,"SI1928DM43","Sigma","19mm f/2.8 EX DN Lens for Olympus/ Panasonic Micro 4/3 Cameras","19mm f/2.8 EX DN Lens for Olympus/ Panasonic Micro 4/3 Cameras",45
827694,"SI1820035NQ","Sigma","18-200mm f/3.5-6.3 II DC OS HSM Lens for Nikon","18-200mm f/3.5-6.3 II DC OS HSM Lens for Nikon",80
755345,"SI15028AMON","Sigma","APO Macro 150mm f/2.8 EX DG OS HSM Lens for Nikon F","150mm f/2.8 EX DG ""OS"" HSM APO Macro Lens For Nikon",220
390117,"SI7020028ACD","Sigma","Zoom Telephoto 70-200mm f/2.8 EX APO IF HSM AF Lens","Zoom Telephoto 70-200mm f/2.8 EX APO IF HSM AF Lens",
873391,"SI1825035MC","Sigma","18-250mm F3.5-6.3 DC Macro OS HSM for Canon EF Mount","18-250mm F3.5-6.3 DC ""Macro OS"" HSM for Canon ",130
1082353,"SITC1401C","Sigma","TC-1401 1.4x Teleconverter for Canon EF","TC-1401 1.4x Teleconverter for Canon EF",120
151555,"SI7020028ANA","Sigma","Zoom Telephoto 70-200mm f/2.8 EX APO IF HSM AF Lens","70-200mm f/2.8 EX APO IF HSM AF Lens Nikon AF",195
806375,"SI10528MDGNQ","Sigma","105mm f/2.8 EX DG OS HSM Macro Lens for Nikon F","105mm f/2.8 EX DG OS HSM Macro Lens for Nikon AF Cameras",175
909811,"SI120300N","Sigma","120-300mm f/2.8 DG OS HSM Sports Lens for Nikon F","120-300mm f/2.8 DG OS HSM Lens for Nikon ""NEW""",1350
549304,"SI70300456AN","Sigma","70-300mm f/4-5.6 APO DG Macro Lens for Nikon AF-D","70-300mm f/4-5.6 ""APO DG"" Macro Lens for Nikon AF-D",0
689579,"SI7020028NI","Sigma","APO 70-200mm f/2.8 EX DG OS HSM Lens for Nikon F","70-200mm f/2.8 EX DG APO ""OS"" HSM for Nikon",330
755329,"SI12030028N","Sigma","120-300mm f/2.8 EX DG OS APO HSM AF Lens (For Nikon)","120-300mm f/2.8 EX DG ""OS"" APO HSM AF Lens (For Nikon)",745
909812,"SI120300C","Sigma","120-300mm f/2.8 DG OS HSM Sports Lens for Canon EF","120-300mm f/2.8 DG OS HSM Lens for Canon ",1500
1082146,"SI1830035N","Sigma","18-300mm f/3.5-6.3 DC Macro OS HSM Contemporary Lens for Nikon F","18-300mm f/3.5-6.3 DC MACRO OS HSM Lens for Nikon F",150
1082149,"SI1830035SO","Sigma","18-300mm f/3.5-6.3 DC Macro HSM Contemporary Lens for Sony A","18-300mm f/3.5-6.3 DC MACRO HSM Lens for Sony A",125
549248,"SI120400N","Sigma","120-400mm f/4.5-5.6 DG OS HSM APO Autofocus Lens for Nikon AF","120-400mm f/4.5-5.6 DG OS HSM APO Autofocus Lens for Nikon AF",200
967344,"SI183518DCC","Sigma","18-35mm f/1.8 DC HSM Art Lens for Canon EF","18-35mm f/1.8 DC HSM Art Lens for Canon EF",340
837880,"SI18028AMEOQ","Sigma","APO Macro 180mm f/2.8 EX DG OS HSM Lens for Sigma SA","180mm f/2.8 APO Macro EX DG OS HSM Lens (for Sigma)",
1436283,"SI2814DGN","Sigma","28mm f/1.4 DG HSM Art Lens for Nikon F","28mm f/1.4 DG HSM Art Lens for Nikon F",250
1321308,"SI1418S","Sigma","14mm f/1.8 DG HSM Art Lens for Sigma SA","14mm f/1.8 DG HSM Art Lens for Sigma SA",500
1282159,"SI12244N","Sigma","12-24mm f/4 DG HSM Art Lens for Nikon F","12-24mm f/4 DG HSM Art Lens for Nikon F",300
1282158,"SI12244C","Sigma","12-24mm f/4 DG HSM Art Lens for Canon EF","12-24mm f/4 DG HSM Art Lens for Canon EF",350
1321303,"SI13518EF","Sigma","135mm f/1.8 DG HSM Art Lens for Canon EF","135mm f/1.8 DG HSM Art Lens for Canon EF",525
1661247,"SI242L","Sigma","24mm f/2 DG DN Contemporary Lens for Leica L","24mm f/2 DG DN Contemporary Lens for Leica L",275
340168,"SI185028SAF","Sigma","18-50mm f/2.8 EX DC Lens for Sigma Digital SA","18-50mm f/2.8 EX DC Lens for Sigma Digital SA",
1667228,"SI185028DCEM","Sigma","18-50mm f/2.8 DC DN Contemporary Lens (Sony E)","18-50mm f/2.8 DC DN Contemporary Lens for Sony E",350
1605133,"SI652L","Sigma","65mm f/2 DG DN Contemporary Lens for Leica L","65mm f/2 DG DN Contemporary Lens for Leica L",250
1492967,"SI3512L","Sigma","35mm f/1.2 DG DN Art Lens for Leica L","35mm f/1.2 DG DN Art Lens for Leica L",375
1624217,"SI287028LM","Sigma","28-70mm f/2.8 DG DN Contemporary Lens for Leica L","28-70mm f/2.8 DG DN Contemporary Lens for Leica L",375
1568628,"SITC2011","Sigma","TC-2011 2x Teleconverter for Leica L","TC-2011 2x Teleconverter for Leica L",145
1881814,"SI3006004S","Sigma","300-600mm f/4 DG OS Sports Lens (Sony E)","300-600mm f/4 DG OS Sports Lens (Sony E)",3500
1753806,"SI3014DCDNN","Sigma","30mm f/1.4 DC DN Contemporary Lens (Nikon Z)","30mm f/1.4 DC DN Contemporary Lens (Nikon Z)",140
1779410,"SI100400F","Sigma","100-400mm f/5-6.3 DG DN OS Contemporary Lens (FUJIFILM X)","100-400mm f/5-6.3 DG DN OS Contemporary Lens (FUJIFILM X)",500
1827260,"SI247028IIE","Sigma","24-70mm f/2.8 DG DN II Art Lens (Sony E)","24-70mm f/2.8 DG DN II Art Lens (Sony E)",780
1881812,"SI1630035C","Sigma","16-300mm f/3.5-6.7 DC OS Contemporary Lens (Canon RF)","16-300mm f/3.5-6.7 DC OS Contemporary Lens (Canon RF)",300
1282156,"SI5004C","Sigma","500mm f/4 DG OS HSM Sports Lens for Canon EF","500mm f/4 DG OS HSM Sports Lens for Canon EF",1700
1770211,"SI1414LM","Sigma","14mm f/1.4 DG DN Art Lens (Leica L)","14mm f/1.4 DG DN Art Lens (Leica L)",675
463905,"SO2410535","Sony","SAL-24105 24-105mm f/3.5-4.5 (D) Autofocus Lens","24-105mm f/3.5-4.5 (D) Autofocus Lens",140
471837,"SOHVLRLAM","Sony","HVL-RLAM Macro Ringlight for Sony Alpha SLR Camera","HVL-RLAM TTL Macro Ringlight Flash",40
582654,"SODSLRA900","Sony","Alpha DSLR-A900 SLR Digital Camera (Body Only)","Alpha DSLR-A900 SLR Digital Camera (Camera Body)",300
463924,"SO13518","Sony","Sonnar T* 135mm f/1.8 ZA Lens","135mm f/1.8 Carl Zeiss AF Lens",300
520931,"SO1610535","Sony","DT 16-105mm f/3.5-5.6 Lens","16-105mm f/3.5-5.6 DT Autofocus Lens",80
516841,"SOGVHD700","Sony","GV-HD700 HDV Video Walkman VCR","GV-HD700 HDV Video Walkman VCR",0
545840,"SODSLRA350K","Sony","Alpha DSLR-A350 SLR Digtial Camera with Sony 18-70mm Lens ","Alpha DSLR-A350 SLR Digtial with Sony 18-70mm Lens ",0
646609,"SODSLRA500L","Sony","DSLR-A500 12.3 MP   Digital SLR Camera With 18-55mm  f/3.5-5.6 DT AF Zoom Lens","DSLR-A500 Digital SLR With 18-55mm  f/3.5-5.6 Lens",0
530066,"SOVGC70AM","Sony","Vertical Grip for the Sony DSLR-A700 Digital Camera","VG-C70AM Vertical Grip for the Sony DSLR-A700 Digital Camera",10
631147,"SODSCTX1","Sony","DSC-TX1 Cybershot Digital Camera (Silver)","DSC-TX1 Cybershot Point & Shoot Digital Camera ",60
597341,"SODCRSX40","Sony","DCR-SX40 4GB Handycam Camcorder (Silver)","DCR-SX40 4GB Handycam Camcorder (Silver)",0
671544,"SODCRSX63","Sony","DCR-SX63 16GB Handycam Camcorder","DCR-SX63 16GB Handycam Camcorder",0
355586,"SOVCTFXA","Sony","VCT-FXA Shoulder Brace","VCT-FXA Shoulder Brace",40
748412,"SOHDRCX130B","Sony","HDR-CX130 Camcorder (Black)","HDR-CX130 Camcorder (Black)",45
479680,"SOVCLHG1737C","Sony","VCL-HG1737C 37mm 1.7x Hi-Grade Telephoto Lens","VCL-HG1737C 37mm 1.7x Hi-Grade Telephoto Lens",39
750018,"SODSCHX100VB","Sony","Cyber-shot DSC-HX100V Digital Camera (Black)","DSC-HX100V Cyber-shot Digital Camera (Black)",50
695859,"SO1628","Sony","E 16mm f/2.8 Lens","16mm f/2.8 Wide-Angle Alpha NEX Lens",65
712923,"SOVCLECF1","Sony","VCL-ECF1 E-Mount Fisheye Conversion Lens","VCL-ECF1 E-Mount Fisheye Conversion Lens",35
817848,"SONEX5NKS","Sony","Alpha NEX-5N Digital Camera with 18-55mm Lens (Silver)","NEX-5N Digital Camera with 18-55mm Lens ",0
471844,"SOFACC1AM","Sony","FA-CC1AM Off-Camera Cable","FA-CC1AM Off-Camera Cable",10
909749,"SOHDRCX220S","Sony","HDR-CX220 HD Handycam Camcorder (Silver)","HDR-CX220 HD Handycam Camcorder (Silver)",0
984408,"SODSCRX1002","Sony","Cyber-shot DSC-RX100 II Digital Camera","DSC-RX100 ""II"" Digital Camera",200
892389,"SO10184","Sony","E 10-18mm f/4 OSS Lens","10-18mm f/4 OSS Alpha E-mount Wide-Angle Zoom Lens",230
909738,"SOHDRCX430VB","Sony","32GB HDR-CX430V HD Handycam Camcorder","32GB HDR-CX430V HD Handycam Camcorder",100
1022653,"SOFDRAX100","Sony","FDR-AX100 4K Ultra HD Camcorder","FDR-AX100 4K Ultra HD Camcorder (Black)",525
479678,"SOVCLHA07A","Sony","VCL-HA07A 0.7x Wide Angle Lens","VCL-HA07A 0.7x Wide Angle Lens",8
1009156,"SODSCRX10B","Sony","Cyber-shot DSC-RX10 Digital Camera","DSC-RX10 Digital Camera",230
853273,"SONEXFS700","Sony","NEX-FS700U Super 35 Camcorder (Body Only)","NEX-FS700U Super 35 Camcorder (Body Only)",0
1082052,"SO16354","Sony","Vario-Tessar T* FE 16-35mm f/4 ZA OSS Lens","16-35mm f/4 ZA OSS Vario-Tessar T* FE Lens",275
1008126,"SO24704","Sony","Vario-Tessar T* FE 24-70mm f/4 ZA OSS Lens","24-70mm f/4 ZA OSS Vario-Tessar T* FE Lens",240
936238,"SOHVLRL1","Sony","HVL-RL1 Macro Ring Light","HVL-RL1 Macro Ring Light",125
925817,"SO704004G2","Sony","70-400mm f/4-5.6 G SSM II Lens","70-400mm f/4-5.6 ""GII"" SSM Autofocus Lens",600
1008160,"SOFACS1M","Sony","FA-CS1M Off-Camera Shoe for External Flash with Multi-Interface Shoe (Black)","FA-CS1M Off-Camera Shoe for External Flash with Multi-Interface Shoe (Black)",5
907012,"SOFDAEV1MK","Sony","FDA-EVM1K Electronic Viewfinder","FDA-EVM1K Electronic Viewfinder",135
1126139,"SO2820","Sony","FE 28mm f/2 Lens","28mm f/2 FE Lens",120
1059566,"SODSCRX1003K","Sony","Cyber-shot DSC-RX100 III Digital Camera with Free Accessory Kit","Cyber-shot DSC-RX100 III Digital Camera Basic Kit",
1222774,"SO247028GM","Sony","FE 24-70mm f/2.8 GM Lens","24-70mm f/2.8 GM FE Lens",875
1264965,"SO5014FE","Sony","Planar T* FE 50mm f/1.4 ZA Lens","50mm f/1.4 ZA Planar T* FE Lens",350
1338517,"SO12244G","Sony","FE 12-24mm f/4 G Lens","12-24mm f/4 G FE Lens",625
1338516,"SO163528GM","Sony","FE 16-35mm f/2.8 GM Lens","16-35mm f/2.8 GM FE  Lens",775
1361560,"SODSCRX10M4","Sony","RX10 IV Digital Camera","DSC-RX10 IV Digital Camera",1500
1222778,"SOTC2","Sony","FE 2x Teleconverter","2X FE Teleconverter",270
1369442,"SO241054G","Sony","FE 24-105mm f/4 G OSS Lens","24-105mm f/4 G FE OSS Lens",510
1453770,"SOA64001650","Sony","a6400 Mirrorless Camera with 16-50mm f/3.5-5.6 Lens","Alpha a6400 Mirrorless Digital Camera with 16-50mm Lens",500
1435887,"SO2414GM","Sony","FE 24mm f/1.4 GM Lens","24mm f/1.4 GM FE Lens",600
1190330,"SODSCRX1R2","Sony","Cyber-shot DSC-RX1R II Digital Camera","Cyber-shot DSC-RX1R II Digital Camera",1100
1211906,"SOHDRCX675","Sony","HDR-CX675 Full HD Handycam Camcorder with 32GB Internal Memory","HDR-CX675 Full HD Handycam Camcorder with 32GB Internal Memory",180
1565880,"SOZV1","Sony","ZV-1 Digital Camera (Black)","ZV-1 Digital Camera (Black)",380
1494689,"SOVGC4EM","Sony","VG-C4EM Vertical Grip","VG-C4EM Vertical Grip For A7R IV",165
1494679,"SOA7R4","Sony","Alpha a7R IV Mirrorless Digital Camera (Body Only)","A7R IV Mirrorless Digital Camera (Body Only)",1100
1655301,"SOZVE101650B","Sony","ZV-E10 Mirrorless Camera with 16-50mm Lens (Black)","ZV-E10 Mirrorless Camera with 16-50mm Lens (Black)",400
1630082,"SO5025G","Sony","FE 50mm f/2.5 G Lens","50mm f/2.5 G FE Lens",270
1709232,"SO1514G","Sony","E 15mm f/1.4 G Lens","15mm f/1.4 G E-Lens",350
1721726,"SOFDRAX43A","Sony","FDR-AX43A UHD 4K Handycam Camcorder","FDR-AX43A UHD 4K Handycam Camcorder",425
1333269,"SONPFZ100","Sony","NP-FZ100 Battery (2280mAh)","NP-FZ100 Battery (2280mAh)",25
1437917,"SODSCHX99B","Sony","Cyber-shot DSC-HX99 Digital Camera","Cyber-shot DSC-HX99 Digital Camera",350
846284,"SODSCHX20VB","Sony","Cyber-shot DSC-HX20V Digital Camera","Cyber-shot DSC-HX20V Digital Camera",110
1730531,"SOZV1FW","Sony","ZV-1F Vlogging Camera (White)","ZV-1F Vlogging Camera (White)",225
817858,"SOSLTA77V","Sony","Alpha SLT-A77 DSLR Digital Camera (Body Only)","Alpha SLT-A77 DSLR Digital Camera (Body Only)",200
1076396,"SOA5100B","Sony","Alpha a5100 Mirrorless Digital Camera (Black, Body Only)","Alpha a5100 Mirrorless Digital Camera (Black, Body Only)",250
1000998,"SONEX5TB","Sony","Alpha NEX-5T Mirrorless Digital Camera","Alpha NEX-5T Mirrorless Digital Camera",130
1894322,"SOFX3A","Sony","FX3A Full-Frame Cinema Camera","FX3A Full-Frame Cinema Camera",2700
1784157,"SOA7CRB","Sony","a7CR Mirrorless Camera (Black)","a7CR Mirrorless Camera (Black)",1475
68055,"AUP88W83013","Studioball","PRO 88W-830 Camera Mountable VHF Lavalier Wireless System (T13: 169.445 & 170.245 MHz)","Pro 88W - Camera Mountable VHF Lavalier System",10
539401,"TA7020028MN","Tamron","70-200mm f/2.8 Di LD (IF) Macro AF Lens for Nikon AF","70-200 f/2.8 Di LD (IF) Macro AF Lens for Nikon AF",240
162050,"TA1428ACAF","Tamron","14mm f/2.8 Aspherical IF Autofocus Lens","14mm f/2.8 Aspherical IF Lens for Canon AF",100
213159,"TA703004MCAF","Tamron","Zoom Telephoto AF 70-300mm f/4.0-5.6 LD Macro AF Lens","70-300 f/4.0-5.6 LD Macro AF Lens for canon eos",0
335379,"TA2005005C","Tamron","200-500mm f/5-6.3 SP AF Di LD (IF) Lens for Canon EOS","200-500 f/5-6.3 Di LD IF Autofocus Lens for Canon EOS",225
363812,"TA111845NAF","Tamron","11-18mm f/4.5-5.6 Di-II Lens for Nikon Digital","11-18 f/4.5-5.6 Di-II Lens for Nikon Digital",30
53227,"TA2820038NA","Tamron","Zoom Wide Angle Telephoto 28-200mm f/3.8-5.6 ASL Autofocus Lens for Nikon AF","28-200 f/3.8-5.6 Asph Lens for Nikon AF ",25
845339,"TA247028C","Tamron","SP 24-70mm f/2.8 DI VC USD Lens for Canon Cameras","24-70mm f/2.8 DI VC USD LENS F/CANON ",400
158047,"TA2820038A","Tamron","28-200mm f/3.8-5.6 LD Aspherical IF Super MF Adaptall Lens","28-200mm f/3.8-5.6 LD Aspherical IF Super MF Adaptall Lens",0
892886,"TA9028VCN","Tamron","90mm f/2.8 SP Di MACRO 1:1 VC USD Lens for Nikon","90mm f/2.8 SP Di MACRO ""VC"" USD Lens Nikon AF ",160
1029395,"TA2830035DIN","Tamron","28-300mm f/3.5-6.3 Di VC PZD Lens for Nikon","28-300mm f/3.5-6.3 Di VC ""PZD"" Lens for Nikon",160
1183050,"TA4518SPC","Tamron","SP 45mm f/1.8 Di VC USD Lens for Canon EF","45mm f/1.8 Di VC USD Lens for Canon EF",160
652139,"TA602DIM","Tamron","SP 60mm f/2 Di II 1:1 Macro Lens for Sony A","60mm f/2 DI II 1:1 Macro Lens For Minolta & Sony Digital SLR Cameras",50
1060227,"TA1820035CMQ","Tamron","18-200mm f/3.5-6.3 Di III VC Lens for Canon EF-M Mount (Black)","18-200mm f/3.5-6.3 Di III VC Lens for Canon ""EF-M"" Mount (Black)",180
284405,"TA18035MAF","Tamron","180mm f/3.5 Macro Autofocus Lens for Minolta AF and Sony A Series Cameras","180mm f/3.5 Macro Autofocus Lens",115
918952,"TA141503M43S","Tamron","14-150mm f/3.5-5.8 Di III Lens for Micro Four Thirds (Silver)","14-150mm f/3.5-5.8 Di III Lens for Micro Four Thirds (Silver)",150
1183046,"TA3518SPN","Tamron","SP 35mm f/1.8 Di VC USD Lens for Nikon F","35mm f/1.8 Di VC USD Lens for Nikon AF",175
1317272,"TA7020028SPN","Tamron","SP 70-200mm f/2.8 Di VC USD G2 Lens for Nikon F","70-200mm f/2.8 Di VC USD ""G2"" Lens for Nikon F",500
1636755,"TA150500S","Tamron","150-500mm f/5-6.7 Di III VC VXD Lens (Sony E)","150-500mm f/5-6.7 Di III VXD Lens for Sony E",675
1278450,"TA14XCEF","Tamron","Teleconverter 1.4x for Canon EF","1.4x Teleconverter for Canon EF",145
1582345,"TA703004563","Tamron","70-300mm f/4.5-6.3 Di III RXD Lens for Sony E","70-300mm f/4.5-6.3 Di III RXD Lens for Sony E",175
1752899,"TA1120F","Tamron","11-20mm f/2.8 Di III-A RXD Lens (FUJIFILM X)","11-20mm f/2.8 Di III-A RXD Lens (FUJIFILM X)",300
1950504,"TA3510028NZ","Tamron","35-100mm f/2.8 Di III VXD Lens (Nikon Z)","35-100mm f/2.8 Di III VXD Lens (Nikon Z)",450
429084,"TO8040045N","Tokina","AT-X 840 80-400mm f/4.5-5.6 D Lens for Nikon -D Cameras","80-400 f/4.5-5.6 Lens AF-D for Nikon AF w/clr",225
469652,"TO5013528NAF","Tokina","50-135mm f/2.8 AT-X 535 PRO DX Autofocus Lens for Nikon","50-135 f/2.8 AT-X PRO DX Lens for Nikon Digital",120
687279,"TO111628PDXS","Tokina","11-16mm f/2.8 AT-X 116 Pro DX Autofocus Lens For Sony Alpha DSLRs","11-16mm f/2.8 AT-X Pro DX AF Lens For Sony Alpha DSLRs",95
969884,"TO12284DXC","Tokina","12-28mm f/4.0 AT-X Pro APS-C Lens for Canon","12-28mm f/4.0 AT-X Pro APS-C Lens for Canon",55
1213516,"TO14202C","Tokina","AT-X 14-20mm f/2 PRO DX Lens for Canon EF","14-20mm f/2 PRO DX Lens for Canon EF",175
1393329,"TO5014OC","Tokina","opera 50mm f/1.4 FF Lens for Canon EF","50mm f/1.4 FF Opera Lens for Canon EF",250
1608874,"TO17354FFN","Tokina","atx-i 17-35mm f/4 FF Lens for Nikon F","17-35mm f/4 FF atx-i Lens for Nikon F",175
1519140,"TO10028N","Tokina","atx-i 100mm f/2.8 FF Macro Lens for Nikon F","100mm f/2.8 FF ATX-I Macro Lens for Nikon F",220
1669892,"TO5614SE","Tokina","atx-m 56mm f/1.4 Lens for Sony E-Mount","56mm f/1.4 atx-m Lens for Sony E-Mount",90
1506357,"VAVZ4018ANA","Vazen","40mm T2 1.8x Anamorphic Lens for Micro Four Thirds Cameras","40mm T2 1.8x Anamorphic Lens for Micro Four Thirds Cameras",
1927094,"VIAF8520Z","Viltrox","AF 85mm f/2 EVO Lens (Nikon Z)","AF 85mm f/2 EVO Lens (Nikon Z)",120
1626711,"VO3520A2VMS","Voigtlander","Ultron Vintage Line 35mm f/2 Aspherical Type II VM Lens (Silver)","35mm f/2 Aspherical Type II VM Lens (Silver) Ultron Vintage Line ",310
1695929,"VOBA324E","Voigtlander","Heliar 40mm f/2.8 Aspherical Lens (Black)","40mm f/2.8 Heliar Aspherical M-Lens (Black)",210
1603144,"VO5015AVMMB","Voigtlander","Nokton 50mm f/1.5 Aspherical II MC Lens (Black)","50mm f/1.5 Aspherical II MC Nokton M-Lens (Black)",325
1360683,"VO4020SL2NSR","Voigtlander","Ultron 40mm f/2 SL IIS Aspherical Lens for Nikon F (Silver Rim)","40mm f/2 SL IIS Aspherical Ultron Lens for Nikon F (Silver Rim)",175
1733758,"VOBA369B","Voigtlander","Nokton 35mm f/1.2 Lens (Nikon Z)","35mm f/1.2 Nokton lens (Nikon Z)",245
1219550,"VO1056","Voigtlander","Heliar-Hyper Wide 10mm f/5.6 Aspherical Lens for Sony E","10mm f/5.6 Aspherical Heliar-Hyper Wide Lens for Sony E",220
1667788,"VO9028AISMB","Voigtlander","90mm f/2.8 SLIIs Apo-Skopar for Nikon AIS F-Mount (Black Rim)","90mm f/2.8 SLIIs Apo-Skopar for Nikon AIS F-Mount (Black Rim)",275
1360684,"VO4020SL2NBR","Voigtlander","Ultron 40mm f/2 SL IIS Aspherical Lens for Nikon F (Black Rim)","40mm f/2 SL IIS Aspherical Ultron Lens for Nikon F (Black Rim)",185
1881897,"VO2815ANZ","Voigtlander","Nokton 28mm f/1.5 Aspherical Lens (Nikon Z)","Nokton 28mm f/1.5 Aspherical Lens (Nikon Z)",400
583976,"ZE8514ZEC","ZEISS","Planar T* 85mm f/1.4 ZE Lens for Canon EF","85mm f/1.4 ZE Planar T* Lens for Canon EOS",225
472571,"ZE2528ZFN","ZEISS","25mm f/2.8 ZF Lens for Nikon F Mount (Black)","25mm f/2.8 ZF Lens for Nikon F Mount (Black)",175
1436738,"ZE4020CF","ZEISS","Batis 40mm f/2 CF Lens for Sony E","40mm f/2 CF Batis Lens for Sony E",350
970834,"ZE1228TE","ZEISS","Touit 12mm f/2.8 Lens for Sony E","Touit 12mm f/2.8 Lens for Sony E",180
430111,"BEFOXI","bebob","Bebob Engineering FOXI Focus Iris Control for Panasonic AG-DVX100/A/B and AG-HVX200","Bebob Engineering FOXI Focus Iris Control",0
711572,"IKVG7","ikan","VG7 7"" SD VGA LCD Monitor","VG7 7"" SD VGA LCD Monitor",0
1507214,"BLSWATEMMINI","Blackmagic Design","ATEM Mini HDMI Live Stream Switcher","ATEM Mini HDMI Live Stream Switcher",75
1762244,"BLURSAMP12KO","Blackmagic Design","URSA Mini Pro 12K with OLPF","URSA Mini Pro 12K with OLPF",1600
857246,"GELEDP144T","Genaray","LED-6200T 144 LED Variable-Color On-Camera Light","LED-6200T 144 LED Variable-Color On-Camera Light",40
884131,"GELEDP209T","Genaray","LED-6500T 209 LED Variable-Color On-Camera Light","LED-6500T 209 LED Variable-Color On-Camera Light",39
878126,"GELEDP256","Genaray","LED-6800 256 LED Daylight-Balanced On-Camera Light","LED-6800 256 LED On-Camera Light",30
367747,"RONTG2","RODE","NTG2 Shotgun Microphone","NTG-2 Shotgun Microphone",100
367746,"RONTG1","RODE","NTG1 Shotgun Microphone","NTG-1 Shotgun Microphone",
1012003,"ROVMG","RODE","VideoMic GO Camera-Mount Shotgun Microphone","VideoMic GO On-Camera Shotgun Microphone",25
1622642,"ROWGII","RODE","Wireless GO II 2-Person Compact Digital Wireless Microphone System/Recorder (2.4 GHz, Black)","Wireless GO II 2-Person Compact Digital Wireless Microphone System/Recorder (2.4 GHz, Black)",75
535550,"JVGZMG150","JVC","GZ-MG150 30GB HDD SD Hybrid Camcorder ","GZ-MG150 30GB High Definition Camcorder",0
248591,"JVHRDVS3","JVC","HR-DVS3 MINI-DV/S-VHS Dual VCR","HR-DVS3 MINI-DV/S-VHS Dual VCR",100
537789,"JVGZHD6","JVC","GZ-HD6 120GB Everio High Definition Camcorder","GZ-HD6 120GB High Definition Camcorder",0
597957,"JVGZHM200B","JVC","GZ-HM200 Everio S High Definition Camcorder (Onyx Black)","GZ-HM200 Everio S High Definition Camcorder (Onyx Black)",0
1333927,"DJRONIN2","DJI","Ronin 2 Professional Combo (2024)","Ronin 2 3-Axis Handheld/Aerial Stabilizer",0
1585351,"DJRONINS2","DJI","RS 2 Gimbal Stabilizer","RS 2 Gimbal Stabilizer",0
1860633,"SA256EPSDUC","SanDisk","256GB Extreme PRO UHS-II SDXC Memory Card","256GB Extreme PRO UHS-II SDXC Memory Card",75
1754812,"SAEPSD128GB6","SanDisk","128GB Extreme PRO UHS-II SDXC Memory Card","128GB Extreme PRO UHS-II SDXC Memory Card",25
445214,"IMDVPTP2058","Impact","DVP-TP20-58 58mm 2.0x High-grade Telephoto Conversion Lens","DVP-TP20-58 58mm 2.0x High-grade Telephoto Conversion Lens",
1716622,"RIGR3XBUE","Ricoh","GR IIIx Urban Edition Digital Camera","GR IIIx Urban Edition Digital Camera",700
1806100,"RIWG90BL","Ricoh","Pentax WG-90 Digital Camera (Blue)","Pentax WG-90 Digital Camera (Blue)",150
1834336,"RIWG8BLK","Ricoh","PENTAX WG-8 Digital Camera (Black)","PENTAX WG-8 Digital Camera (Black)",200
1509732,"NI011","Niceyrig","15mm Carbon Fiber Rod Set (12"")","15mm Carbon Fiber Rod Set (12"")",
460591,"16HDV75X82","16x9","169-HDV75X-82 0.75 Wide Angle Converter Lens","0.75 Wide Angle Converter Lens for HDV Cameras",
69222,"ANULDC","Anton/Bauer","UL-DC Dichroic Filter","UL-DC Dichroic Filter",0
432978,"ANSIADPELPZ","Anton/Bauer","ElipZ Sony (SD) Adapter Cable","S1ADPELPZ ElipZ Adapter Cable - for Sony",0
176036,"ANH100","Anton/Bauer","HyTRON 100 Battery ","H100 Digital HyTRON 100, NiMH Battery",0
266176,"AUAT899","Audio-Technica","AT899 - Condenser Lavalier Microphone","AT899 - Condenser Lavalier Microphone",65
68317,"AUAT4073A","Audio-Technica","AT4073A - Shotgun Microphone","AT4073A - Shotgun Microphone",50
161977,"BEDXA4S","Beachtek","DXA-4S - Audio Adapter for Sony TRV Series","DXA-4S - Audio Adapter for Sony TRV Series",0
531333,"BEDXA6HD","Beachtek","DXA-6HD Dual Hi-Definition Audio Adapter","DXA-6HD Dual Hi-Definition Audio Adapter",0
277932,"BEDXA8","Beachtek","DXA8 - Dual XLR Camera Adapter with Phantom Power","DXA8 - Dual XLR Camera Adapter with Phantom Power",0
389743,"BEMPL313X","Bescor","MPL-313X DC On Camera Light","MPL-313X DC On Camera Light",0
304501,"BEMPL325BAC","Bescor","MPL-325BAC AC / DC On Camera Light","MPL-325BAC AC / DC On Camera Light",0
304498,"BEMPL325F","Bescor","MPL-325F DC On Camera Light","MPL-325F DC On Camera Light",0
642974,"BELED35D","Bescor","LED-35D Dimmable 35W LED Video & DSLR Light","LED-35D Dimmable 35W LED Video & DSLR Light",0
811759,"BELED125","Bescor","Morning Star Series LED-125 Dimmable On-Camera Light","Morning Star Series LED-125 Dimmable 125W On-Camera Light",0
366223,"CA8020028LEF","Canon","Zoom Telephoto 80-200mm f/2.8 L EF Autofocus Lens for EOS","80-200mm f/2.8 L EF Autofocus Lens for EOS",245
256060,"CAHC4100","Canon","HC-4100 Hard System Case","HC-4100 Hard System Case",45
317308,"CAPSP1","Canon","PowerShot Pro1 Digital Camera","PowerShot Pro1 Digital Camera",60
351554,"CA185535EF","Canon","18-55mm f/3.5-5.6 EF-S USM Lens","18-55 f/3.5-5.6 EF-S ""Ultrasonic"" Lens",25
145367,"CA288035EFQ","Canon","Zoom Wide Angle-Tele 28-80mm f/3.5-5.6 EF USM Autofocus Lens","28-80 f/3.5-5.6 EF USM Autofocus Lens",20
169271,"CAER20002880","Canon","EOS Rebel 2000 35mm SLR Autofocus Camera with 28-80mm f/3.5-5.6 EF II Lens","EOS Rebel 2000 with 28-80mm f/3.5-5.6 EF II Lens",35
262241,"CA28105456U","Canon","28-105mm f/4-5.6 USM Autofocus Lens","28-105 f/4-5.6 USM Autofocus Lens",60
425379,"CAPSS3IS","Canon","PowerShot S3 IS Digital Camera","PowerShot S3 IS Digital Camera",30
121602,"CA2880354EF","Canon","Zomm Wide Angle-Tele 28-80mm f/3.5-5.6 IV EF USM Auto Focus Lens","28-80 f/3.5-5.6 IV EF USM Auto Focus Lens",20
234444,"CA7020028LIS","Canon","EF 70-200mm f/2.8L IS USM Telephoto Zoom Lens","70-200mm f/2.8L IS USM EF Autofocus Lens",620
319783,"CA7030045IS","Canon","EF 70-300mm f/4.5-5.6 DO IS USM Lens","70-300mm f/4.5-5.6 ""DO"" IS Image Stabilizer USM Lens",165
319779,"CAEE7N","Canon","EOS Elan 7N Camera Body","EOS Elan 7N Camera Body",150
12135,"CA50045LEF","Canon","Telephoto 500mm f/4.5L EF USM Auto Focus Lens","500mm f/4.5L EF USM Auto Focus Lens",825
423691,"CA8512LEF2","Canon","EF 85mm f/1.2L II USM Lens","85mm f/1.2L II USM Autofocus Lens",560
457506,"CAEDRXTIB","Canon","EOS Digital Rebel XTi Digital Camera Body (Black)","EOS Digital Rebel XTi Digital Camera Body (Black)",50
425433,"CAPSSD630","Canon","PowerShot SD630 Digital Elph Digital Camera","PowerShot SD630 Digital Elph Camera",30
277768,"CAE10D","Canon","EOS 10D Digital Camera (Camera Body)","EOS 10D Digital Camera (Camera Body)",0
143169,"CA2414LEF","Canon","Wide Angle EF 24mm f/1.4L USM Autofocus Lens","24mm f/1.4L USM Autofocus Lens",325
256055,"CACA920","Canon","CA-920 AC Adapter Charger","CA-920 AC Adapter Charger",25
410296,"CABP950G","Canon","BP-950G Battery Pack - 7.2V, 5200mAh","BP-950G Battery Pack - 7.2v, 5200mAh",10
351542,"CA102235EF","Canon","EF-S 10-22mm f/3.5-4.5 USM Lens","10-22 f/3.5-4.5 USM EF-S Autofocus Lens",70
186152,"CA40028LISEF","Canon","Telephoto EF 400mm f/2.8L IS Image Stabilizer USM Autofocus Lens","400mm f/2.8L IS USM Autofocus Lens",2450
12091,"CA2428EF","Canon","Wide Angle EF 24mm f/2.8 Autofocus Lens","24mm f/2.8 Autofocus Lens",90
597423,"CAFS200S","Canon","FS200 Flash Memory Camcorder (Misty Silver)","FS200 Flash Memory Camcorder (Misty Silver)",30
671648,"CAHFM300","Canon","VIXIA HF M300 Flash Memory Camcorder","VIXIA HF M300 Flash Memory Camcorder",45
647015,"CA18135EFS","Canon","EF-S 18-135mm f/3.5-5.6 IS Lens","18-135mm f/3.5-5.6 IS EF-S Lens",90
618336,"CAWDH58","Canon","WD-H58 Wide Converter Lens (0.7x) ","WD-H58 Wide Converter Lens (0.7x) ",0
618341,"CATLH58","Canon","TL-H58 Teleconverter Lens (1.5x)","TL-H58 Tele Converter Lens (1.5x) ",110
733535,"CAXF105","Canon","XF105 HD Professional Camcorder","XF105 HD Professional Camcorder",300
684198,"CAXF305","Canon","XF305 Professional Camcorder","XF305 Professional Camcorder",650
749207,"CAFS40","Canon","FS40 Flash Memory Camcorder","FS40 Flash Memory Camcorder",25
749200,"CAHFR20B","Canon","VIXIA HF R20 Flash Memory Camcorder (Black)","VIXIA HF R20 Flash Memory Camcorder (Black)",60
749203,"CAHFR21","Canon","VIXIA HF R21 Flash Memory Camcorder","VIXIA HF R21 Flash Memory Camcorder",0
606804,"CA2435L2TSE","Canon","TS-E 24mm f/3.5L II Tilt-Shift Lens","24mm f/3.5L ""II"" Tilt-Shift TS-E Manual Focus Lens for EOS ",795
838600,"CAPSG1X","Canon","PowerShot G1 X Digital Camera","PowerShot G1X Digital Camera",220
842876,"CAPSA810S","Canon","PowerShot A810 Digital Camera (Silver)","Powershot A810 Digital Camera",0
909790,"CAHFR40","Canon","8GB VIXIA HF R40 Full HD Camcorder","VIXIA HF R40 Full HD 8GB Camcorder",55
898652,"CA24704LIS","Canon","EF 24-70mm f/4L IS USM Lens","24-70mm f/4.0 L IS USM Zoom Lens",325
945054,"CAEDRT5IK","Canon","EOS Rebel T5i DSLR Camera with 18-55mm Lens","Digital Rebel T5i DSLR Camera with 18-55 f/3.5-5.6 IS STM Lens",190
889962,"CAPSS110B","Canon","PowerShot S110 Digital Camera (Black)","PowerShot S110 Digital Camera ",140
945059,"CAEDRSL1K","Canon","EOS Rebel SL1 DSLR Camera with 18-55mm Lens (Black)","Digital Rebel SL1 DSLR with 18-55 f/3.5-5.6 IS STM Lens",130
1188039,"CA154535B","Canon","EF-M 15-45mm f/3.5-6.3 IS STM Lens (Graphite)","15-45mm f/3.5-6.3 IS STM EF-M Lens (BLK)",45
1180777,"CA222M","Canon","EF-M 22mm f/2 STM Lens (Silver)","22mm f/2 STM Lens EF-M (Silver)",50
1191270,"CAEM101545G","Canon","EOS M10 Mirrorless Digital Camera with 15-45mm Lens (Gray)","EOS M10 Mirrorless Digital Camera with 15-45mm Lens (Gray)",0
1119027,"CAE5DSR","Canon","EOS 5DS R DSLR Camera (Body Only)","EOS 5DS R DSLR Camera (Body Only)",645
1030209,"CAEDRT5K","Canon","EOS Rebel T5 DSLR Camera with 18-55mm Lens","Digital Rebel T5 Camera with EF-S 18-55mm IS II Lens",155
1000470,"CAPSG16","Canon","PowerShot G16 Digital Camera","PowerShot G16 Digital Camera",240
1080917,"CAPSG7XB","Canon","PowerShot G7 X Digital Camera","PowerShot G7X Digital Camera",300
1081812,"CA2428STM","Canon","EF-S 24mm f/2.8 STM Lens","24mm f/2.8 EF-S STM Lens",60
1274708,"CA163528LEF3","Canon","EF 16-35mm f/2.8L III USM Lens","16-35mm f/2.8 L ""III""  USM Lens",575
1281379,"CA70300ISII","Canon","EF 70-300mm f/4-5.6 IS II USM Lens","70-300mm f/4-5.6 IS ""II"" USM Lens",310
1361550,"CAXF400","Canon","XF400 UHD 4K60 Camcorder with Dual-Pixel Autofocus ","XF400 4K UHD 60P Camcorder with Dual-Pixel Autofocus ",1000
1433711,"CAER24105","Canon","EOS R Mirrorless Camera with 24-105mm f/4 Lens","EOS R Mirrorless Digital Camera with 24-105mm Lens",1050
1250646,"CA600EX2","Canon","Speedlite 600EX II-RT","600EX II-RT Speedlite ",150
1238183,"CAEDRT61855","Canon","EOS Rebel T6 DSLR Camera with 18-55mm Lens","EOS Rebel T6 DSLR Camera with 18-55mm Lens",160
1225875,"CAE80D","Canon","EOS 80D DSLR Camera (Body Only)","EOS 80D DSLR Camera (Body Only)",280
91680,"CA7020028LEF","Canon","EF 70-200mm f/2.8L USM Lens","70-200mm f/2.8L USM Lens",675
894272,"CABGE13","Canon","BG-E13 Battery Grip for EOS 6D","BG-E13 Battery Grip for EOS 6D",15
1502489,"CAE90D18135","Canon","EOS 90D DSLR Camera with 18-135mm Lens ","EOS 90D DSLR Camera with 18-135mm USM Lens",625
1461734,"CAEDRT71855","Canon","EOS Rebel T7 DSLR Camera with 18-55mm Lens","EOS Rebel T7 DSLR Camera with 18-55mm Lens",200
1598389,"CAEM502B","Canon","EOS M50 Mark II Mirrorless Camera (Black)","EOS M50 Mark II Mirrorless Digital Camera (Body Only, Black)",250
1503484,"CAC500II","Canon","EOS C500 Mark II 5.9K Full-Frame Camera Body (EF Mount)","EOS C500 Mark II 5.9K Full-Frame Camera Body (EF Mount)",2000
1451710,"CAHFG50","Canon","Vixia HF G50 UHD 4K Camcorder (Black)","Vixia HF G50 UHD 4K Camcorder (Black)",425
1573777,"CA2XRF","Canon","Extender RF 2x","2X Extender ""RF"" ",330
1393461,"CAEM501545B","Canon","EOS M50 Mirrorless Camera with 15-45mm Lens (Black)","EOS M50 Mirrorless Digital Camera with 15-45mm Lens (Black)",275
1433715,"CA5012LRF","Canon","RF 50mm f/1.2 L USM Lens","50mm f/1.2L USM ""RF"" Lens",1300
1547012,"CA852RF","Canon","RF 85mm f/2 Macro IS STM Lens","85mm f/2 Macro IS STM ""RF"" Lens",300
1502500,"CA2470RF","Canon","RF 24-70mm f/2.8 L IS USM Lens","24-70mm f/2.8L IS USM ""RF"" Lens",1550
1358149,"CAMT26EX","Canon","MT-26EX-RT Macro Twin Lite","MT-26EX-RT Macro Twin Lite",450
1707913,"CA1845RFS","Canon","RF-S 18-45mm f/4.5-6.3 IS STM Lens","18-45mm f/4.5-6.3 IS STM RF-S Lens",50
1748815,"CA55210RFS","Canon","RF-S 55-210mm f/5-7.1 IS STM Lens (Canon RF)","55-210mm f/5-7.1 IS STM Lens (Canon RF)",150
1665911,"CA5228L","Canon","RF 5.2mm f/2.8 L Dual Fisheye 3D VR Lens","5.2mm f/2.8 L Dual Fisheye 3D VR ""RF"" Lens",700
842872,"CAPSA2300BL","Canon","PowerShot A2300 Digital Camera (Blue)","PowerShot A2300 Digital Camera (Blue)",50
1071642,"CAEDRXSS","Canon","EOS Rebel XS SLR Digital Camera Body (Silver)","EOS Rebel XS SLR Digital Camera Body (Silver)",30
842882,"CAPSE530B","Canon","PowerShot ELPH 530 HS Digital Camera (Black)","PowerShot ELPH 530 HS Digital Camera (Black)",90
842883,"CAPSE530W","Canon","PowerShot ELPH 530 HS Digital Camera (White)","PowerShot ELPH 530 HS Digital Camera (White)",90
605223,"CAPSSX200BL","Canon","PowerShot SX200 IS Digital Camera (Blue)","PowerShot SX200 IS Digital Camera (Blue)",80
1947744,"CA1414LRF","Canon","RF 14mm f/1.4 L VCM Lens (Canon RF)","RF 14mm f/1.4 L VCM Lens (Canon RF)",1300
1210606,"CAPSE180S","Canon","PowerShot ELPH 180 Digital Camera (Silver)","PowerShot ELPH 180 Digital Camera (Silver)",100
1859145,"CA2414LRF","Canon","RF 24mm f/1.4 L VCM Lens (Canon RF)","RF 24mm f/1.4 L VCM Lens (Canon RF)",750
917892,"CAPSE115BL","Canon","PowerShot ELPH 115 IS Digital Camera (Blue)","PowerShot ELPH 115 IS Digital Camera (Blue)",80
917877,"CAPSE330B","Canon","PowerShot ELPH 330 HS Digital Camera (Black)","PowerShot ELPH 330 HS Digital Camera (Black)",100
605260,"CAPSSD1200O","Canon","PowerShot SD1200 IS Digital Camera (Orange)","PowerShot SD1200 IS Digital Camera (Orange)",75
749652,"CAPSA2200BL","Canon","Powershot A2200 Digital Camera (Blue)","Powershot A2200 Digital Camera (Blue)",35
237464,"CAAE1PC","Canon","AE-1 Program 35mm SLR Manual Focus Camera Body (Chrome)","AE-1 Program 35mm SLR Manual Focus Camera Body (Chrome)",125
1210598,"CAPSSX540HS","Canon","PowerShot SX540 HS Digital Camera","PowerShot SX540 HS Digital Camera",150
12094,"CA282","Canon","Wide Angle 28mm f/2 FD Manual Focus Lens","Wide Angle 28mm f/2 FD Manual Focus Lens",150
1318278,"CAEM6B","Canon","EOS M6 Mirrorless Digital Camera (Body Only, Black)","EOS M6 Mirrorless Digital Camera (Body Only, Black)",200
753773,"CAPSE300B","Canon","Powershot 300 HS Digital ELPH Camera (Black)","Powershot 300 HS Digital ELPH Camera (Black)",140
839268,"CAPSE110R","Canon","PowerShot ELPH 110 HS Digital Camera (Red)","PowerShot ELPH 110 HS Digital Camera (Red)",110
12433,"CAEA2E","Canon","EOS A2E 35mm SLR Autofocus Camera Body","EOS A2E 35mm SLR Autofocus Camera Body",60
371191,"CAEDRXTKB","Canon","EOS Digital Rebel XT Digital Camera (Black) with 18-55mm EF-S Lens","EOS Digital Rebel XT Digital Camera (Black) with 18-55mm EF-S Lens",70
1928858,"CAER63","Canon","EOS R6 Mark III Mirrorless Camera","EOS R6 Mark III Mirrorless Camera",1700
1970465,"CAER6V","Canon","EOS R6 V Mirrorless Camera","EOS R6 V Mirrorless Camera",1600
1725922,"CAXA70","Canon","XA70 UHD 4K30 Camcorder with Dual-Pixel Autofocus","XA70 UHD 4K30 Camcorder with Dual-Pixel Autofocus",1200
14612,"COT25","Comet","Stainless Steel Templates","Stainless Steel Templates",
234132,"COT3B","Contax","T3 Camera (Titanium Black)","T3 Camera (Titanium Black)",
14603,"COST","Contax","ST 35mm SLR Manual Focus Camera Body Date","ST 35mm SLR Manual Focus Camera Body Date",120
598242,"DA1019PS","Da-Lite","21400  3D Projector Stacker (10 x 19"")","21400  3D Projector Stacker (10 x 19"")",
692424,"DEHD7","Delvcam","7"" HDMI/VGA LCD Monitor","HD7 HDMI/VGA LCD Monitor (7"")",45
76669,"EL635AB","Electro-Voice","635A/B Omnidirectional Handheld Dynamic ENG Microphone (Black)","635A/B - Dynamic Mic (Black)",25
839135,"FUXPRO1","FUJIFILM","X-Pro1 Mirrorless Digital Camera (Body Only)","X-Pro 1 Digital Camera (Body Only)",375
839144,"FU6024","FUJIFILM","XF 60mm f/2.4 R Macro Lens","60mm f/2.4 XF Macro Lens",240
861782,"FUWCLX100B","FUJIFILM","WCL-X100 Wide-Angle Conversion Lens for X100 Camera (Black)","WCL-X100 Wide-Angle Conversion Lens for X100 Black ",80
1149209,"FUXT101650B","FUJIFILM","X-T10 Mirrorless Digital Camera with 16-50mm Lens (Black)","X-T10 Mirrorless Digital Camera with 16-50mm Lens (Black)",375
1112819,"FUXA2S","FUJIFILM","X-A2 Mirrorless Digital Camera with 16-50mm Lens (Silver)","X-A2 Mirrorless Digital Camera with 16-50mm Lens (Silver)",250
1005768,"FU50230S","FUJIFILM","XC 50-230mm f/4.5-6.7 OIS Lens (Silver)","50-230mm f/4.5-6.7 OIS XC Lens (Silver)",140
1080890,"FUX100TB","FUJIFILM","X100T Digital Camera (Black)","X100T Digital Camera (Black)",540
936435,"FUXE1HGB","FUJIFILM","HG-XE1 Hand Grip for X-E1 & X-E2 Digital Cameras","HG-XE1 Hand Grip for X-E1 Digital Camera",10
1025621,"FULCX100SB","FUJIFILM","Leather Case for the X100/ X100S Cameras (Black)","LCX-100 Leather Case F/ X100/ X100S Cameras (Black)",18
1388297,"FUXH1B","FUJIFILM","X-H1 Mirrorless Digital Camera (Body Only)","X-H1 Mirrorless Digital Camera (Body Only)",410
1307716,"FUXT2GS","FUJIFILM","X-T2 Mirrorless Digital Camera (Body Only, Graphite Silver Edition)","X-T2 Mirrorless Digital Camera (Body Only, Graphite Silver Edition)",400
1358139,"FU8028","FUJIFILM","XF 80mm f/2.8 R LM OIS WR Macro Lens","80mm f/2.8 R LM OIS WR Macro Lens",580
1459613,"FUXT301855B","FUJIFILM","X-T30 Mirrorless Camera with 18-55mm Lens (Black)","X-T30 Mirrorless Digital Camera with 18-55mm Lens (Black)",500
1618882,"FUXE4B","FUJIFILM","X-E4 Mirrorless Camera (Black)","X-E4 Mirrorless Digital Camera (Body Only, Black)",600
1283432,"FU32644LMWR","FUJIFILM","GF 32-64mm f/4 R LM WR Lens","32-64mm f/4 R LM WR GF Lens",900
1032495,"FUTLCX100S","FUJIFILM","TCL-X100 Telephoto Conversion Lens (Silver)","TCL-X100 Telephoto Conversion Lens (Silver)",90
1511706,"FUXP3DB","FUJIFILM","X-Pro3 Mirrorless Camera (Dura Black)","X-Pro3 Mirrorless Digital Camera (Body Only, Dura Black)",900
1662374,"FUXT302B","FUJIFILM","X-T30 II Mirrorless Camera (Black)","X-T30 II Mirrorless Camera (Black)",600
1708270,"FU18120RWR","FUJIFILM","XF 18-120mm f/4 LM PZ WR Lens","18-120mm f/4 LM PZ WR Lens",400
1410644,"FUXT100G","FUJIFILM","X-T100 Mirrorless Digital Camera (Body Only, Champagne Gold)","X-T100 Mirrorless Digital Camera (Body Only, Champagne Gold)",250
1926405,"FUXT303CS","FUJIFILM","X-T30 III Mirrorless Camera (Silver)","X-T30 III Mirrorless Camera (Silver)",570
1433848,"FUBCW126SB","FUJIFILM","BC-W126S Battery Charger","BC-W126S Battery Charger",25
1541203,"FU451004LMWR","FUJIFILM","GF 45-100mm f/4 R LM OIS WR Lens","GF 45-100mm f/4 R LM OIS WR Lens",1130
1900549,"FU23F28S","FUJIFILM","XF 23mm f/2.8 R WR Lens (FUJIFILM X, Silver)","XF 23mm f/2.8 R WR Lens (FUJIFILM X, Silver)",220
888800,"FUXF1B","FUJIFILM","XF1 Digital Camera (Black)","XF1 Digital Camera (Black)",110
1926406,"FUXT303CB","FUJIFILM","X-T30 III Mirrorless Camera (Black)","X-T30 III Mirrorless Camera (Black)",570
1785585,"FU3056GF","FUJIFILM","GF 30mm f/5.6 T/S Lens (FUJIFILM G)","GF 30mm f/5.6 T/S Lens (FUJIFILM G)",2400
1541198,"FUXT200S","FUJIFILM","X-T200 Mirrorless Digital Camera (Body Only, Silver)","X-T200 Mirrorless Digital Camera (Body Only, Silver)",300
1438875,"FUX100FBR","FUJIFILM","X100F Digital Camera (Brown)","X100F Digital Camera (Brown)",750
1454226,"FU100200LMWR","FUJIFILM","GF 100-200mm f/5.6 R LM OIS WR Lens","GF 100-200mm f/5.6 R LM OIS WR Lens",800
1308951,"FUFPXP120B","FUJIFILM","FinePix XP120 Digital Camera (Sky Blue)","FinePix XP120 Digital Camera (Sky Blue)",60
1899778,"FUX100VIBJP","FUJIFILM","X100VI Digital Camera (Black)","X100VI Digital Camera (Black) (made in Japan)",1200
1899777,"FUX100VISJP","FUJIFILM","X100VI Digital Camera (Silver)","X100VI Digital Camera (Silver) (made in Japan)",1200
77692,"FRMF4X","Frezzi","MF-4X 75-watt Mini-Fill On-Camera Light","MF-4X 75-watt Mini-Fill On-Camera Light",0
204022,"FRMFSB2","Frezzi","MFSB-2 Soft-Box with Diffuser/Gel Holder","MFSB-2 Soft-Box with Diffuser/Gel Holder",0
1613343,"GOV860IIIF","Godox","Ving V860III TTL Li-Ion Flash Kit for FUJIFILM Cameras","Ving V860III TTL Li-Ion Flash Kit for FUJIFILM Cameras",80
1341884,"GOTT600","Godox","TT600 Thinklite Flash ","TT600 Thinklite Flash ",25
1260272,"HAX1D50C","Hasselblad","X1D-50c Medium Format Mirrorless Digital Camera (Body Only, Silver)","X1D-50c Medium Format Mirrorless Digital Camera (Body Only, Silver)",1050
1364353,"HAX1D50CB","Hasselblad","X1D-50c Medium Format Mirrorless Digital Camera (Body Only, Black)","X1D-50c Medium Format Mirrorless Digital Camera (Body Only, Black)",1050
21083,"HA504CF","Hasselblad","Wide Angle 50mm f/4 CF Zeiss Distagon FLE T* Lens for 500 Series","Wide Angle 50mm f/4 CF Zeiss Distagon FLE T* Lens for 500 Series",525
1725356,"HAX2D100C","Hasselblad","X2D 100C Medium Format Mirrorless Camera","X2D 100C Medium Format Mirrorless Camera",2000
376550,"IDE10","IDX System Technology","E-10 Endura Lithium-Ion Stackable V-Mount Battery","E-10 Endura Lithium-Ion Stackable V-Mount Battery",0
1724558,"IN360X3","Insta360","X3 360&deg; Camera","X3 360 deg Camera",150
210738,"KACCC102","Kata","CCC-102 Compact Camera Case (Small)","CCC-102 Compact Camera Case (Small)",13
422741,"KACC195","Kata","CC-195 GDC HDV Case","CC-195 GDC DV Shoulder Case (Gray)",25
368035,"KAMC61","Kata","MC-61 GDC Multi Case Shoulder Bag","MC-61 GDC Multi Case",15
162775,"KATB2R","Kata","Triporigid-2 Rigid Tripod Bag","Triporigid-2 Rigid Tripod Bag",0
102388,"MI10040045AA","Konica Minolta","Zoom Telephoto AF 100-400mm f/4.5-6.7 APO Autofocus Lens","100-400mm f/4.5-6.7 APO Autofocus Lens",0
277002,"MIFM6","Konica Minolta","Flash Meter 6","Flash Meter 6",165
392310,"MI111845AFDT","Konica Minolta","11-18mm f/4.5-5.6(D) DT Autofocus Lens","11-18mm f/4.5-5.6(D) DT Autofocus Lens",0
36153,"MIVF5","Konica Minolta","(Minolta) 5 Degree Viewfinder (Spot Attachment)","5 Degree Viewfinder (Spot Attachment)",0
340660,"MI13528AF","Konica Minolta","Telephoto 135mm f/2.8 Maxxum AF Autofocus Lens","135mm f/2.8  Autofocus  lens",0
182938,"MI13528STF","Konica Minolta","Telephoto 135mm f/2.8 [T 4.5] STF MF Lens for Maxxum","135mm f/2.8 [T 4.5] STF MF Lens ",0
320497,"MI1.4XAFD","Konica Minolta","1.4x Teleconverter APO (D) for Maxxum AF","1.4x Teleconverter APO (D) for Maxxum AF",0
35154,"MI24504AF","Konica Minolta","Zoom Wide Angle-Normal 24-50mm f/4.0 Maxxum AF Autofocus Lens","24-50mm f/4.0 Autofocus Lens",0
584888,"LEM8.2B","Leica","M8.2 Rangefinder Digital Camera Body (Black)","M8.2 Rangefinder Digital Camera Body (Black)",1600
649923,"LEM9B","Leica","M9 Rangefinder Digital Camera Body (Black)","M9 Rangefinder Digital Camera Body",1000
736234,"LEDL5B","Leica","D-LUX 5 Digital Camera (Black)","D-LUX 5 Digital Camera (Black)",275
860504,"LEVL40","Leica","V-LUX 40 Digital Camera","V-LUX 40 Digital Camera",200
1082916,"LEVLUXB","Leica","V-LUX (Typ 114) Digital Camera","V-LUX (Typ 114) Digital Camera",325
1082919,"LEXT113S","Leica","X (Typ 113) Digital Camera (Silver)","X (Typ 113) Digital Camera (Silver)",599
893171,"LEM24S","Leica","M (Typ 240) Digital Rangefinder Camera (Silver)","M Digital Rangefinder Camera (Body Only, Silver)",2000
1376598,"LECLB","Leica","CL Mirrorless Camera (Black)","CL Mirrorless Digital Camera (Body Only, Black)",975
1609644,"LESL2S","Leica","SL2-S Mirrorless Camera","SL2-S Mirrorless Digital Camera (Body Only)",1600
1736447,"LEQ2GH","Leica","Q2 ""Ghost"" by HODINKEE Digital Camera","Q2 ""Ghost"" by HODINKEE Digital Camera",2600
1082893,"LE112335","Leica","Super-Vario-Elmar-T 11-23mm f/3.5-4.5 ASPH Lens","Super-Vario-Elmar-T 11-23mm f/3.5-4.5 ASPH Lens",500
1863181,"LEM11C","Leica","M11 Rangefinder Camera (Glossy Black)","M11 Rangefinder Camera (Glossy Black)",4000
1792197,"LEM11PS","Leica","M11-P Rangefinder Camera (Silver)","M11-P Rangefinder Camera (Silver)",4500
1925685,"LEMEV1","Leica","M EV1 Mirrorless Camera","M EV1 Mirrorless Camera",5400
1430189,"LEM10PSL","Leica","M10-P Digital Rangefinder Camera (Silver Chrome)","M10-P Digital Rangefinder Camera (Silver Chrome)",3500
1639033,"LE247028VE","Leica","Vario-Elmarit-SL 24-70mm f/2.8 ASPH. Lens","Vario-Elmarit-SL 24-70mm f/2.8 ASPH. Lens",1000
285929,"LODV903Z","Lowel","DV Creator 55 Kit with TO-83 Case","DV Creator 55 Kit, TO-83 Case",0
167781,"MA1202VLZPRO","Mackie","1202VLZ PRO 12 Channel Mixer","1202VLZ PRO 12 Channel Mixer",0
182448,"MAETA3645AF","Mamiya","AF Auto Extension Tube #3","Auto Extension Tube #3 645-AF",0
182421,"MA4528645AF","Mamiya","45mm f/2.8 Lens for 645-AF","45mm f/2.8 Lens for 645-AF",0
507964,"MA75150645","Mamiya","Zoom Telephoto 75-150mm f/4.5 D (Digital) Auto Focus Lens for 645AFD","75-150 f/4.5 D Auto Focus Lens for 645AFD",0
285195,"MA532ART","Manfrotto","532ART Aluminum 2-Stage Tripod Legs (75mm & 100mm Bowl) - Supports 33 lb","532ART Aluminum 2-Stage Tripod Legs (75mm and 100mm Bowl)",
504845,"MA055XPROB","Manfrotto","055XPROB Pro Aluminum Tripod","055XPROB Tripod Legs (Black) - Supports 15.4 lbs (7kg)",
91678,"MIFM5","Minolta","Flash Meter V","Flash Meter V",95
63832,"MI10030045A","Minolta","Zoom Telephoto 100-300mm f/4.5-5.6 APO Maxxum Auto Focus Lens","100-300mm f/4.5-5.6 APO Maxxum Auto Focus Lens",0
35240,"MI8514AF","Minolta","Telephoto 85mm f/1.4 G Maxxum Auto Focus Lens","85mm f/1.4 G Auto Focus Lens",0
1448288,"MI6514FGFX","Mitakon Zhongyi","Speedmaster 65mm f/1.4 Lens (FUJIFILM G)","Speedmaster 65mm f/1.4 Lens (FUJIFILM G)",265
36921,"NI245033AF","Nikon","Zoom Wide Angle-Normal 24-50mm f/3.3-4.5 Auto Focus Lens","24-50 f/3.3-4.5 Auto Focus Lens",30
36931,"NI287035DAF","Nikon","28-70mm f/3.5-4.5 D-AF Autofocus Lens","28-70 f/3.5-4.5 D-AF Autofocus Lens",30
104584,"NI35804DAF","Nikon","Zoom Wide Angle-Telephoto 35-80mm f/4-5.6 D (N) Autofocus Lens","35-80 f/4-5.6 D Autofocus Lens",15
149607,"NI703004DAF","Nikon","Zoom Telephoto AF Zoom Nikkor 70-300mm f/4.0-5.6D ED Autofocus Lens","70-300 f/4-5.6D ED Autofocus Lens",55
449061,"NID80","Nikon","D80 SLR Digital Camera (Camera Body)","D80 SLR Digital Camera (Camera Body)",60
102352,"NISB27","Nikon","SB-27 TTL Shoe Mount Flash","SB-27 Speedlight Flash ",15
258052,"NI5014AI","Nikon","Normal 50mm f/1.4 AI Manual Focus Lens","50mm f/1.4 AI Manual Focus Lens",75
36951,"NI3520035","Nikon","Zoom Wide Angle-Telephoto 35-200mm f/3.5-4.5 AIS Manual Focus Lens","35-200mm f/3.5-4.5 AIS Manual Focus Lens",75
570522,"NI8528N","Nikon","PC-E Micro-NIKKOR 85mm f/2.8D Tilt-Shift Lens","85mm f/2.8 D PC-E Micro Manual Focus Lens",420
545654,"NI168535VR","Nikon","AF-S DX NIKKOR 16-85mm f/3.5-5.6G ED VR Lens","16-85 f/3.5-5.6G ED VR AF-S DX Lens",80
300487,"NI10.528AF","Nikon","AF DX Fisheye-NIKKOR 10.5mm f/2.8G ED Lens","10.5mm f/2.8G ED FISHEYE DX Lens",100
183786,"NISB29","Nikon","SB-29 TTL Macro Speedlight Flash","SB-29 Macro Speedlight Flash",100
300477,"NISC28","Nikon","SC-28 TTL Coiled Remote Cord (9')","SC-28 TTL Off-Camera Shoe Cord",15
570338,"NISB900","Nikon","SB-900 AF Speedlight i-TTL Shoe Mount Flash","SB-900 Speedlight i-TTL Flash",80
37907,"NISB24","Nikon","SB-24 AF Speedlight","SB-24 AF Speedlight Flash",25
325127,"NI5018AI","Nikon","Normal 50mm f/1.8 AI Manual Focus Lens","50mm f/1.8 AI Manual Focus Lens",70
36977,"NI5014","Nikon","NIKKOR 50mm f/1.4 Lens","50mm f/1.4 AIS Manual Focus Lens",130
36895,"NI18028EDAF","Nikon","Telephoto 180mm f/2.8n AF ED(IF) Autofocus Lens","180mm f/2.8n ED-IF Autofocus Lens",120
36937,"NI30028EDAF","Nikon","300mm f/2.8n ED (IF) AF lens","300mm f/2.8n ED (IF) AF lens",330
325102,"NI204N","Nikon","Super Wide Angle 20mm f/4.0 Manual Focus Lens (Non-AI)","20mm f/4 Manual Focus Lens (Non-AI) (52mm)",100
325094,"NI352AI","Nikon","Wide Angle 35mm f/2 AI Manual Focus Lens","35mm f/2 AI Manual Focus Lens",75
340654,"NI3528","Nikon","Wide Angle 35mm f/2.8 AIS Manual Focus Lens","35mm f/2.8 AIS Manual Focus Lens",50
186251,"NI8528M","Nikon","Telephoto PC Micro Nikkor 85mm f/2.8D Manual Focus Lens","85mm f/2.8 D PC Micro Nikkor Manual Focus Lens",270
103803,"NI288035DAF","Nikon","Zoom Wide Angle-Telephoto 28-80mm f/3.5-5.6 D-AF Autofocus Lens","28-80 f/3.5-5.6 D-AF Autofocus Lens",25
254672,"NIFMC","Nikon","FM 35mm SLR Manual Focus Camera Body (Chrome)","FM Manual Focus Camera Body (Chrome)",140
220341,"NIFM3AC","Nikon","FM3A 35mm SLR Manual Focus Camera (Chrome)","FM3A Manual Focus Camera Body (Chrome)",500
258054,"NI5018AISE","Nikon","Normal 50mm f/1.8 AIS Manual Focus Lens - E Series","50mm f/1.8 AIS Manual Focus Lens - E Series",60
36853,"NI10030056","Nikon","Zoom Tele 100-300mm f/5.6 AIS Manual Focus Lens","100-300mm f/5.6 AIS Manual Focus Lens",60
315814,"NICP8700","Nikon","Coolpix 8700 Digital Camera","Coolpix 8700 Digital Camera",20
124669,"NI8020028DAQ","Nikon","AF Zoom-NIKKOR 80-200mm f/2.8D ED Lens","80-200mm f/2.8 ED AF-D Autofocus Lens with Tripod Collar",200
486464,"NID40X1855","Nikon","D40x Digital Camera Kit with Nikon 18-55mm Lens","D40x Digital Camera Kit with Nikon 18-55mm Lens",85
486469,"NID40X18135","Nikon","D40x Digital Camera Kit with 18-135mm Lens","D40x Digital Camera Kit with 18-135mm Lens",0
220377,"NI30028DAFSB","Nikon","Telephoto AF-S Nikkor 300mm f/2.8D ED-IF II Autofocus Lens - Black","300mm f/2.8D AF-S Nikkor ED-IF II AF Lens - Black",800
207356,"NI3004DAFS","Nikon","AF-S NIKKOR 300mm f/4D IF-ED Lens","300mm f/4D AF-S ED-IF Autofocus Lens",260
36940,"NI3004EDAF","Nikon","Nikkor 300mm f/4.0D ED-IF Autofocus Telephoto Lens","300mm f/4  ED-IF Autofocus Lens",140
119517,"NI5004DAFS","Nikon","Telephoto AF-S Nikkor 500mm f/4D ED-IF Autofocus Lens","500mm f/4 D AF-S ED-IF Autofocus Lens",500
67138,"NI1628DAF","Nikon","AF Fisheye-NIKKOR 16mm f/2.8D Lens","16mm f/2.8 D Fisheye Autofocus Lens",200
619515,"NI102435G","Nikon","AF-S DX NIKKOR 10-24mm f/3.5-4.5G ED Lens","10-24mm f/3.5-4.5G ED AF-S DX Zoom Lens ",140
734997,"NISB700","Nikon","SB-700 AF Speedlight","SB-700 Speedlight Shoe Mount Flash",55
688212,"NI2004004AED","Nikon","AF-S NIKKOR 200-400mm f/4G ED VR II Lens","200-400mm f/4 G ED VR ""II"" AF-S Lens",1100
734464,"NICPP7000B","Nikon","CoolPix P7000 Digital Camera","Coolpix P7000 Digital Camera",110
842926,"NID800","Nikon","D800 Digital SLR Camera (Body Only)","D800 SLR Digital Camera (Body Only)",300
672202,"NITC20E3","Nikon","AF-S Teleconverter TC-20E III","TC-20E III 2x Teleconverter for AF-S & AF-I Lenses",125
856049,"NID32001855","Nikon","D3200 DSLR Camera with 18-55mm Lens (Black)","D3200 Digital SLR Camera W/ 18-55 VR",140
734998,"NI2002AFS","Nikon","AF-S NIKKOR 200mm f/2G ED VR II Lens","200mm f/2.0 G ED AF-S VR II Telephoto Lens",2200
729948,"NI241204GAF","Nikon","AF-S NIKKOR 24-120mm f/4G ED VR Lens","24-120mm f/4G ED VR AF-S Zoom Lens",285
810414,"NI4028AFS","Nikon","AF-S DX Micro NIKKOR 40mm f/2.8G Lens","40mm f/2.8 G AF-S DX Micro-Nikkor Lens",120
838794,"NID4","Nikon","D4 Digital SLR Camera (Body Only)","D4 Digital SLR Camera (Body Only)",300
843007,"NID800E","Nikon","D800E Digital SLR Camera (Body Only)","D800E SLR Digital Camera (Body Only)",300
892799,"NIMBD14","Nikon","MB-D14 Multi Battery Power Pack","MB-D14 Multi Battery Power Pack",8
1005009,"NID710018140","Nikon","D7100 DSLR Camera with 18-140mm Lens","D7100 DSLR Camera with 18-140mm Lens",275
843384,"NIMBD12","Nikon","MB-D12 Multi Power Battery Pack","MB-D12 Multi Power Battery Pack for D800 and D810 Cameras",20
823751,"NIGRN1000","Nikon","GR-N1000 Camera Grip for Nikon 1 V1 Camera (Black)","GR-N1000 Camera Grip for Nikon 1 V1 Camera",0
1008264,"NID610","Nikon","D610 DSLR Camera (Body Only)","D610 DSLR Camera (Body Only)",200
927108,"NID710018105","Nikon","D7100 DSLR Camera with 18-105mm Lens","D7100 DSLR Camera with 18-105mm Lens",250
1383763,"NI1804004E","Nikon","AF-S NIKKOR 180-400mm f/4E TC1.4 FL ED VR Lens","180-400mm f/4E TC1.4 FL ED VR Lens",3500
1013089,"NIDFS","Nikon","Df DSLR Camera (Body Only, Silver)","Df DSLR Camera (Body Only, Silver)",730
570162,"NID700","Nikon","D700 SLR Digital Camera (Body Only)","D700 SLR Digital Camera (Body Only)",300
1308819,"NID56001855","Nikon","D5600 DSLR Camera with 18-55mm Lens","D5600 DSLR Camera with 18-55mm Lens",270
1349415,"NI7030045AFP","Nikon","AF-P NIKKOR 70-300mm f/4.5-5.6E ED VR Lens","70-300mm f/4.5-5.6E ED VR AF-P Lens",240
1386306,"RBN185535VR","Nikon","AF-P DX NIKKOR 18-55mm f/3.5-5.6G VR Lens (Refurbished by Nikon USA)","AF-P DX NIKKOR 18-55mm f/3.5-5.6G VR Lens (Refurbished by Nikon USA)",
1578219,"NIZ2450","Nikon","NIKKOR Z 24-50mm f/4-6.3 Lens","24-50mm f/4-6.3 NIKKOR Z Lens",100
1649436,"NIZ18140","Nikon","NIKKOR Z DX 18-140mm f/3.5-6.3 VR Lens","18-140mm f/3.5-6.3 VR NIKKOR Z DX Lens",225
1431704,"NIZ7","Nikon","Z7 Mirrorless Camera","Z7 Mirrorless Digital Camera (Body Only)",525
1597168,"NIZ72","Nikon","Z7 II Mirrorless Camera","Z7 II Mirrorless Digital Camera (Body Only)",925
1679304,"NI287528N","Nikon","NIKKOR Z 28-75mm f/2.8 Lens","28-75mm f/2.8 NIKKOR Z  Lens",440
818668,"NICPS6200B","Nikon","Coolpix S6200 Digital Camera (Black)","Coolpix S6200 Digital Camera (Black)",75
1834803,"NIZ63","Nikon","Z6 III Mirrorless Camera","Z6 III Mirrorless Camera",1150
1788063,"NIZF40","Nikon","Nikon Zf Mirrorless Camera with 40mm Lens (Black)","Zf Mirrorless Camera with 40mm Lens",1275
38009,"NITC14A","Nikon","TC-14A 1.4x Telconverter AIS","TC-14A 1.4x Telconverter AIS",35
910146,"NID5200","Nikon","D5200 DSLR Camera (Body Only)","D5200 DSLR Camera (Body Only)",125
936340,"NICPS3500P","Nikon","COOLPIX S3500 Digital Camera (Purple)","COOLPIX S3500 Digital Camera (Purple)",75
325134,"NIFM2BQ","Nikon","FM2 35mm SLR Manual Focus Camera Body (Black)","FM2 35mm SLR Manual Focus Camera Body (Black)",225
1953083,"NIFTZ2MA","Nikon","FTZ II Mount Adapter","FTZ II Mount Adapter",115
1918146,"NID3500DSLRB","Nikon","","D3500 DSLR BODY",150
37461,"NIF4S","Nikon","F4S 35mm SLR Autofocus Camera Body (DP-20 Finder)","F4S 35mm SLR Autofocus Camera Body (DP-20 Finder)",180
1120463,"NICPS9900S","Nikon","COOLPIX S9900 Digital Camera (Silver)","COOLPIX S9900 Digital Camera (Silver)",250
918827,"NICPP520S","Nikon","COOLPIX P520 Digital Camera (Silver)","COOLPIX P520 Digital Camera (Silver)",100
254685,"NIEL2C","Nikon","EL2 35mm Manual Focus Camera Body (Chrome)","EL2 35mm Manual Focus Camera Body (Chrome)",60
1029614,"NICPAW120B","Nikon","COOLPIX AW120 Waterproof Digital Camera (Black)","COOLPIX AW120 Waterproof Digital Camera (Black)",100
36926,"NI2828AF","Nikon","Wide Angle 28mm f/2.8 AF Autofocus Lens","Wide Angle 28mm f/2.8 AF Autofocus Lens",70
601923,"NICPS230BL","Nikon","Coolpix S230 Digital Camera (Night Blue)","Coolpix S230 Digital Camera (Night Blue)",30
601921,"NICPS230PL","Nikon","Coolpix S230 Digital Camera (Plum)","Coolpix S230 Digital Camera (Plum)",30
918824,"NICPL820B","Nikon","COOLPIX L820 Digital Camera (Black)","COOLPIX L820 Digital Camera (Black)",40
754886,"NICPS6100B","Nikon","Coolpix S6100 Digital Camera (Black)","Coolpix S6100 Digital Camera (Black)",60
258030,"NI2004Q","Nikon","Telephoto 200mm f/4 Nikkor-Q Manual Focus Lens (Non-AI)","Telephoto 200mm f/4 Nikkor-Q Manual Focus Lens (Non-AI)",10
818665,"NICPS8200B","Nikon","COOLPIX S8200 Digital Camera (Black)","COOLPIX S8200 Digital Camera (Black)",75
754889,"NICPS9100B","Nikon","Coolpix S9100 Digital Camera (Black)","Coolpix S9100 Digital Camera (Black)",150
1670965,"OM2014MZP","OM SYSTEM","M.Zuiko Digital ED 20mm f/1.4 PRO Lens","M.Zuiko Digital ED 20mm f/1.4 PRO Lens",300
1917650,"OM5020028P","OM SYSTEM","M.Zuiko Digital ED 50-200mm f/2.8 IS PRO Lens (Micro Four Thirds)","M.Zuiko Digital ED 50-200mm f/2.8 IS PRO Lens (Micro Four Thirds)",1800
405508,"OL835","Olympus","8mm f/3.5 Fisheye ED Zuiko Digital Lens","8mm f/3.5 Fisheye ED Zuiko Digital Lens",0
405348,"OL9025028","Olympus","90-250mm f/2.8 ED Zuiko Digital Zoom Lens","90-250mm f/2.8 ED Zuiko Digital Zoom Lens",420
301932,"OL5020","Olympus","50mm f/2.0 Macro ED Zuiko Digital Lens","50mm f/2.0 Macro ED Zuiko Digital Lens",0
358162,"OL71440","Olympus","7-14mm f/4.0 Zuiko ED Zoom Lens","7-14mm f/4.0 Zuiko ED 4/3 Zoom Lens",200
549006,"OLEE420","Olympus","E-420 SLR Digital Camera (Camera Body)","Evolt E-420 SLR Digital Camera (Camera Body)",0
301910,"OL112228","Olympus","Zuiko Digital 11-22mm f/2.8-3.5 Lens","11-22 f/2.8-3.5 ED Lens",0
358250,"OLEE300","Olympus","Evolt E-300 Digital Camera (Camera Body)","Evolt E-300 Digital Camera (Camera Body)",0
631797,"OLFL14","Olympus","FL-14 Flash","FL-14 Shoe Mount Flash f/ EP-1/2 Pen",30
971371,"OLEP5B","Olympus","PEN E-P5 Mirrorless Micro Four Thirds Digital Camera Body (Black)","E-P5 PEN Mirrorless Digital Camera Body (Black)",200
1026113,"OLEM101442B","Olympus","OM-D E-M10 Mirrorless Micro Four Thirds Digital Camera with 14-42mm Lens (Black)","OM-D E-M10 Micro 4/3 Digital Camera with 14-42mm Lens (Black)",185
822057,"OL401504S","Olympus","M.Zuiko Digital ED 40-150mm f/4-5.6 R Lens (Silver)","40-150mm f/4.0-5.6 R ED Lens for Micro 4/3",45
1188622,"OLEPL6","Olympus","PEN E-PL6 Mirrorless Micro Four Thirds Digital Camera with 14-42mm and 40-150mm Lenses and FlashAir Memory Card Kit","PEN E-PL6 Mirrorless Micro Four Thirds Digital Camera with 14-42mm and 40-150mm Lenses and FlashAir Memory Card Kit",0
1147634,"OL818","Olympus","M.Zuiko Digital ED 8mm f/1.8 Fisheye PRO Lens","8mm f/1.8 ED Fisheye PRO Lens",340
1026121,"OL144235EZS","Olympus","M.Zuiko Digital ED 14-42mm f/3.5-5.6 EZ Lens (Silver)","14-42mm f/3.5-5.6 EZ M.Zuiko Digital ED Lens (Silver)",90
1219323,"OLPENFB","Olympus","PEN-F Mirrorless Micro Four Thirds Digital Camera (Body Only, Black)","PEN-F Mirrorless Micro Four Thirds Digital Camera (Body Only, Black)",760
87457,"OLOM3TI","Olympus","OM-3Ti Body","OM-3Ti Body",220
277578,"OLOM1C","Olympus","OM-1 35mm SLR Manual Focus Camera Body (Chrome)","OM-1 35mm SLR Manual Focus Camera Body (Chrome)",70
1477204,"OLTG6B","Olympus","Tough TG-6 Digital Camera (Black)","Tough TG-6 Digital Camera (Black)",200
1351005,"OLEM10M3B","Olympus","OM-D E-M10 Mark III Mirrorless Micro Four Thirds Digital Camera (Body Only, Black)","OM-D E-M10 Mark III Mirrorless Micro Four Thirds Digital Camera (Body Only, Black)",250
547680,"PAAGHMC70","Panasonic","AG-HMC70U Shoulder Mounted Camcorder","AG-HMC70U Shoulder Mounted Camcorder",0
575992,"PAAGHMC150","Panasonic","AG-HMC150 AVCCAM Camcorder","AG-HMC150 AVCCAM Camcorder",0
276817,"PAAGHT100G","Panasonic","AG-HT100G Hard Case","AG-HT100G Hard Case",50
468591,"PADMCFZ50KD","Panasonic","Lumix DMC-FZ50 Digital Camera (Black)","Lumix DMC-FZ50 Digital Camera ",0
588078,"PA45200","Panasonic","45-200mm f/4-5.6 G Vario MEGA O.I.S. Lens for Micro Four Thirds Mount","45-200 f/4-5.6 G Vario MEGA O.I.S. Lens ",100
732283,"PADMCG2B","Panasonic","Lumix DMC-G2 Digital Camera Body","DMC-G2 Digital Camera Body",75
657970,"PA144535","Panasonic","Lumix G Vario 14-45mm f/3.5-5.6 ASPH. MEGA O.I.S. Lens","14-45 f/3.5-5.6 ASPH / MEGA O.I.S. Micro 4 Thirds Lens",65
436821,"PADMWLA2","Panasonic","DMW-LA2 Conversion Lens Adapter","DMW-LA2 Conversion Lens Adapter",5
672379,"PADMCFH20S","Panasonic","LUMIX DMC-FH20 Digital Camera (Silver)","LUMIX DMC-FH20 Digital Camera (Silver)",
818959,"PA451754XS","Panasonic","Lumix G X Vario PZ 45-175mm f/4.0-5.6 ASPH. Lens (Silver)","45-175mm f/4.0-5.6 ASPH GX Vario PZ Lens (silver)",100
768927,"PAAGAC160","Panasonic","AG-AC160 AVCCAM HD Handheld Camcorder","AG-AC160 AVCCAM HD Handheld Camcorder",0
257215,"PADMWFL28","Panasonic","DMW-FL28 External Flash","DMW-FL28 External Flash",
865111,"PA123528XB","Panasonic","Lumix G X Vario 12-35mm f/2.8 ASPH. POWER O.I.S. Lens","12-35mm f/2.8 Asph GX Lens for Micro 4/3 (Black)",240
1023342,"PAHCW850B","Panasonic","HC-W850 Twin Camera Full HD Camcorder","HC-W850 Twin Camera Full HD Camcorder",175
910273,"PAHCV520K","Panasonic","HC-V520 Full HD Camcorder","HC-V520 Live Streaming HD Camcorder",40
838806,"PAHCV10B","Panasonic","HC-V10 High Definition Camcorder (Black)","HC-V10 High Definition Camcorder (Black)",0
838807,"PAHCV10S","Panasonic","HC-V10 High Definition Camcorder (Silver)","HC-V10 High Definition Camcorder (Silver)",0
1182742,"PA1442DIS","Panasonic","Lumix G Vario 14-42mm f/3.5-5.6 II ASPH. MEGA O.I.S. Lens","Lumix G Vario 14-42mm f/3.5-5.6 II ASPH. MEGA O.I.S. Lens",70
1250996,"PAAGUX180","Panasonic","AG-UX180 4K Premium Professional Camcorder","AG-UX180 4K Premium Professional Camcorder",1000
1455066,"PADCS1","Panasonic","Lumix S1 Mirrorless Camera","Lumix DC-S1 Mirrorless Digital Camera (Body Only)",500
1367122,"PADMWBGG9","Panasonic","DMW-BGG9 Battery Grip","DMW-BGG9 Battery Grip",20
1304869,"PA3510028A","Panasonic","Lumix G X Vario 35-100mm f/2.8 II POWER O.I.S. Lens","35-100mm f/2.8 II GX Vario POWER O.I.S. Lens",350
1077993,"PAHCX1000K","Panasonic","HC-X1000 4K DCI/Ultra HD/Full HD Camcorder","HC-X1000 4K DCI/Ultra HD/Full HD Camcorder",600
1211809,"PAHCV180K","Panasonic","HC-V180K Full HD Camcorder (Black)","HC-V180K Full HD Camcorder (Black)",95
924874,"PADMWFL360L","Panasonic","LUMIX DMW-FL360L External Flash","DMW-FL360L External Flash",65
1211805,"PAHCWXF991K","Panasonic","HC-WXF991K 4K Ultra HD Camcorder with Twin Camera","HC-WXF991K 4K Ultra HD Camcorder with Twin Camera",365
1583509,"PADCS5K","Panasonic","Lumix S5 Mirrorless Camera with 20-60mm Lens","Lumix DC-S5 Mirrorless Digital Camera with 20-60mm Lens",675
1528016,"PAHCX2000","Panasonic","HC-X2000 UHD 4K 3G-SDI/HDMI Pro Camcorder with 24x Zoom","HC-X2000 UHD 4K 3G-SDI/HDMI Pro Camcorder with 24x Zoom",1150
1469487,"PA1414035562","Panasonic","LUMIX G Vario 14-140mm f/3.5-5.6 II ASPH. POWER O.I.S. Lens","Lumix G Vario 14-140mm f/3.5-5.6 II ASPH. POWER O.I.S. Lens",205
1501344,"PADCS1H","Panasonic","Lumix S1H Mirrorless Camera","Lumix DC-S1H Mirrorless Digital Camera (Body Only)",1000
1182676,"PA45150MB","Panasonic","LUMIX G Vario 45-150mm f/4-5.6 ASPH MEGA O.I.S. Lens","Lumix G Vario 45-150mm f/4-5.6 ASPH. MEGA O.I.S. Lens",40
1742390,"PA1428456ML","Panasonic","LUMIX S 14-28mm f/4-5.6 MACRO Lens (Leica L)","14-28mm f/4-5.6 MACRO Lens (Leica L)",360
1972109,"PADCL10K","Panasonic","LUMIX L10 Digital Camera (Black)","LUMIX L10 Digital Camera (Black)",825
1328549,"PADCZS70B","Panasonic","Lumix DC-ZS70 Digital Camera (Black)","Lumix DC-ZS70 Digital Camera (Black)",260
573590,"PADMCFZ28S","Panasonic","Lumix DMC-FZ28 Digital Camera (Silver)","Lumix DMC-FZ28 Digital Camera (Silver)",
1737438,"PADCZS200DK","Panasonic","Lumix DC-ZS200D Digital Camera (Black)","Lumix DC-ZS200D Digital Camera (Black)",350
880960,"PADMCLX7B","Panasonic","Lumix DMC-LX7 Digital Camera (Black)","Lumix DMC-LX7 Digital Camera (Black)",150
1109395,"PADMCZS50B","Panasonic","Lumix DMC-ZS50 Digital Camera (Black)","Lumix DMC-ZS50 Digital Camera (Black)",175
1391012,"PADCGX9MS","Panasonic","Lumix GX9 Mirrorless Camera with 12-60mm Lens (Silver)","Lumix GX9 Mirrorless Camera with 12-60mm Lens (Silver)",500
1892232,"PADCS1M2E","Panasonic","LUMIX S1 IIE Mirrorless Camera","Lumix S1 IIE Mirrorless Camera",1150
1874563,"PAHCX2100","Panasonic","HC-X2100 UHD 4K 3G-SDI/HDMI Pro Camcorder with 24x Zoom","HC-X2100 UHD 4K 3G-SDI/HDMI Pro Camcorder with 24x Zoom",1200
838473,"PADMCFH8B","Panasonic","LUMIX FH8 Digital Camera (Black)","LUMIX FH8 Digital Camera (Black)",50
1389451,"PADCZS200S","Panasonic","Lumix DC-ZS200 Digital Camera (Silver)","Lumix DC-ZS200 Digital Camera (Silver)",350
1023338,"PADMCZS40B","Panasonic","Lumix DMC-ZS40 Digital Camera (Black)","Lumix DMC-ZS40 Digital Camera (Black)",150
1740628,"PAHES12035","Panasonic","Leica DG Vario-Elmarit 12-35mm f/2.8 ASPH POWER O.I.S. Lens (Micro Four Thirds)","Leica DG Vario-Elmarit 12-35mm f/2.8 ASPH POWER O.I.S. Lens (Micro Four Thirds)",450
551134,"PEHDC1010W","Pearstone","Pro Camcorder Case with Wheels ","Pro Camcorder Case with Wheels ",50
351699,"PE5028MDFA","Pentax","Normal smc P-D FA 50mm f/2.8 Macro Autofocus Lens","50mm f/2.8 Macro smc P-D FA Autofocus Lens",120
336499,"PE672P","Pentax","67II Medium Format SLR Manual Focus Camera body with Standard Prism Finder","67II Camera body with Standard Prism Finder",0
41089,"PEFB120645","Pentax","120 Film Holder (Insert) for 645 Cameras","120 Film Holder (Insert) for 645 Cameras",0
357074,"PE6X7FP","Pentax","6x7 Medium Format SLR Camera with (Non-Metered) Prism Viewfinder","6x7 Camera Body with (Non-Metered) Prism Viewfinder",0
350512,"PE10524T67","Pentax","Normal 105mm f/2.4 SMC-Takumar Lens for 67","105mm f/2.4  SMC ""Takumar""  Lens for 67",200
610951,"PEK2000K3","Pentax","K2000 SLR Digital Camera with 18-55mm Lens","K2000 SLR Digital Camera with 18-55mm Lens",0
634600,"PE5020045WR","Pentax","SMC Pentax DA 50-200mm f/4-5.6 ED WR Zoom Lens","50-200mm f/4-5.6 DA ED ""WR"" Zoom Lens",50
891523,"PE56056DA","Pentax","DA 560mm f/5.6 ED AW Lens","560mm f/5.6 DA ED AW Lens",1645
842479,"PE4028","Pentax","DA 40mm f/2.8 XS Lens","40mm f/2.8 DA XS Lens",60
1007545,"PEK3","Pentax","K-3 DSLR Camera (Body Only)","K-3 DSLR Camera (Body Only)",200
340840,"PE3528KMV","Pentax","C52915K 35mm, f/2.8 K-Mount Lens","C52915K 35mm, f/2.8 K-Mount Lens",
1002130,"PE1540DALB","Pentax","HD Pentax DA 15mm f/4 ED AL Limited Lens (Black)","15mm f/4 ED AL Limited HD DA Lens (Black)",160
1014041,"PE204028B","Pentax","HD Pentax DA 20-40mm f/2.8-4 ED Limited DC WR Lens (Black)","20-40mm f/2.8-4 ED HD DA Limited DC WR Lens (Black)",200
1626697,"PE7718B","Pentax","HD Pentax-FA 77mm f/1.8 Limited (Black)","HD Pentax-FA 77mm f/1.8 Limited (Black)",275
1257878,"PEK7018135S","Pentax","K-70 DSLR Camera with 18-135mm Lens (Silver)","K-70 DSLR Camera with 18-135mm Lens (Silver)",295
1456862,"PE111828HDDA","Pentax","HD Pentax DA* 11-18mm f/2.8 ED DC AW Lens","HD Pentax DA* 11-18mm f/2.8 ED DC AW Lens",415
1653084,"PE165028","Pentax","HD-DA 16-50mm f/2.8ED PLM AW Lens","HD-DA 16-50mm f/2.8ED PLM AW Lens",550
1626694,"PE3118S","Pentax","HD Pentax-FA 31mm f/1.8 Limited (Silver)","31mm f/1.8 HD-FA Limited (Silver)",375
1456858,"PE352HDFA","Pentax","HD Pentax-FA 35mm f/2 Lens","HD Pentax-FA 35mm f/2 Lens",130
1542018,"PE702104HDDA","Pentax","HD PENTAX-D FA 70-210mm f/4 ED SDM WR Lens","HD PENTAX-D FA 70-210mm f/4 ED SDM WR Lens",350
1002138,"PE7024DALB","Pentax","HD Pentax DA 70mm f/2.4 Limited Lens (Black)","70mm f/2.4 HD Pentax DA Limited Lens (Black)",100
459620,"PEK10D","Pentax","K10D SLR, Digital Camera (Camera Body)","K10D SLR, Digital Camera (Camera Body)",35
1039948,"RO1220SEB","Rokinon","12mm f/2.0 NCS CS Lens for Sony E-Mount (Black)","12mm f/2.0 NCS CS Lens for Sony E-Mount (Black)",80
1503283,"RO1828FFS","Rokinon","AF 18mm f/2.8 FE Lens for Sony E","AF 18mm f/2.8 FE Lens for Sony E",110
572505,"SASCMX20B","Samsung","SC-MX20 Flash Memory Camcorder (Black)","SC-MX20 Flash Memory Camcorder (Black)",0
597801,"SAHMXH104B","Samsung","HMX-H104 Compact Full High Definition Camcorder ","HMX-H104 Compact Full High Definition Camcorder ",0
476493,"SEL758C","Sekonic","L-758Cine DigitalMaster Light Meter","L-758C Cine Light Meter",220
46890,"SEL718","Sekonic","L-718 Digital Flash Pro Meter","L-718 DIGITAL FLASH PRO METER",70
878340,"SEMKE600","Sennheiser","MKE 600 Shotgun Microphone","MKE 600 Shotgun Microphone",135
225820,"SHSM7B","Shure","SM7B Cardioid Dynamic Vocal Microphone","SM7B Vocal Microphone (Gray)",175
396830,"SI703004DGNA","Sigma","70-300mm f/4-5.6 APO DG Macro Autofocus Lens for Nikon AF-D","70-300 f/4-5.6 APO DG Macro Lens for Nikon AF",0
217725,"SI1003004NAF","Sigma","Zoom Telephoto 100-300mm F/4.0 EX IF HSM Autofocus Lens for Nikon AF-D","100-300 F/4 EX IF HSM Lens for Nikon AF",250
223626,"SI247028NAF","Sigma","Zoom W/A-Telephoto 24-70mm f/2.8 EX Aspherical DF AF Lens","24-70mm f/2.8 EX Aspherical DF AF Lens for Nikon AF",120
444462,"SI7028MDGNA","Sigma","70mm f/2.8 EX DG Macro AF Lens for Nikon AF","70mm f/2.8 EX DG Macro AF Lens for Nikon AF",165
179374,"SI84NAF","Sigma","Fisheye 8mm f/4.0 EX Circular Fisheye Autofocus Lens for Nikon AF-D","8mm f/4 EX Fisheye Autofocus Lens for Nikon AF",145
555139,"SI7020028SO","Sigma","70-200mm f/2.8 II EX DG APO Macro HSM AF Lens for Sony Alpha","70-200 f/2.8 II EX DG APO Macro HSM Lens for Sony Alpha",175
350971,"SI247028DGMA","Sigma","24-70mm f/2.8 (D) EX DG Macro DF Autofocus Lens for Sony SLR & Minolta Maxxum Series","24-70mm f/2.8 EX DG Macro DF AF Lens for Sony/Minolta",125
435163,"SI7020028DMC","Sigma","70-200mm f/2.8 EX DG APO Macro HSM AF Lens for Canon EOS","70-200 f/2.8 EX DG APO Macro HSM Lens for Canon EOS",250
533558,"SI5015028EXC","Sigma","50-150mm f/2.8 II EX DC HSM Lens","50-150 f/2.8 II EX DC HSM Lens for Canon Digital",195
192446,"SI505004ANAF","Sigma","Zoom Normal-Telephoto 50-500mm f/4.0-6.3 EX APO RF HSM AF Lens","50-500 f/4.0-6.3 EX HSM Lens for Nikon AF",325
397525,"SI1705005DN","Sigma","Zoom Telephoto 170-500mm f/5-6.3 APO DG Aspherical AF Lens","170-500 f/5-6.3 APO DG Lens For Nikon AF",200
217758,"SI2818MCAF","Sigma","Wide Angle 28mm f/1.8 EX Aspherical DG DF Macro AF Lens for Canon","28mm f/1.8 EX Aspheric DG DF Macro Lens for Canon EOS",100
390168,"SI2XDGNAF","Sigma","APO Teleconverter 2x EX DG for Nikon F","2x EX DG APO Teleconverter for Nikon AF",60
121735,"SI13540045NA","Sigma","Zoom Telephoto 135-400mm f/4.5-5.6 APO Aspherical AF Lens","135-400 f/4.5-5.6 APO Lens for Nikon AF",150
186663,"SI2830035NAF","Sigma","28-300mm f/3.5-6.3 DL Asph IF Hyperzoom Lens f/Nikon AF-D (Black)","28-300 f/3.5-6.3 DL Asph IF Lens for Nikon AF (72mm)",60
381616,"SI3014DCNAF","Sigma","30mm f/1.4 EX DC HSM Autofocus Lens for Nikon Digital","30mm f/1.4 EX DC HSM  Lens for Nikon Digital",80
341922,"SI10528MDGNA","Sigma","105mm f/2.8 EX DG Macro Lens for Nikon AF Cameras","105mm f/2.8 EX DG Macro Lens for Nikon AF",150
485229,"SI1820035N","Sigma","18-200mm f/3.5-6.3 DC OS HSM Lens for Nikon Digital SLR","18-200 f/3.5-6.3 DC OS HSM Lens for Nikon Digital",60
145099,"SI1.4XNAF","Sigma","1.4x EX APO Teleconverter for Nikon AF","1.4x EX APO Teleconverter for Nikon AF",40
419582,"SI177028DCCA","Sigma","17-70mm f/2.8-4.5 DC Macro Lens for Canon Digital Cameras","17-70 f/2.8-4.5 DC Macro Lens for Canon Digital ",65
463428,"SI185028MCAF","Sigma","18-50mm f/2.8 EX DC Macro Lens for Canon Digital EOS","18-50 f/2.8 EX DC Macro Lens for Canon Digital ",90
335742,"SI185035CAF","Sigma","18-50mm f/3.5-5.6 DC Lens for Canon EOS Digital Camera","18-50 f/3.5-5.6 DC Lens for Canon EOS Digital ",30
389507,"SI8040045DGN","Sigma","80-400mm f/4.5-5.6 EX DG APO OS Lens for Nikon AF","80-400 f/4.5-5.6 EX ""DG"" APO OS Lens for Nikon AF",180
590733,"SI120400MAF","Sigma","120-400mm f/4.5-5.6 DG OS HSM APO Autofocus Lens for Sony Alpha & Minolta Maxxum","120-400 f/4.5-5.6 DG OS HSM APO Lens Fo Sony A",220
102867,"SI703004M","Sigma","Zoom Telephoto 70-300mm f/4-5.6 DL Manual Focus Lens for Minolta MD","70-300mm f/4-5.6 DL f/MINOLTA MD",
652368,"SI7030045SM","Sigma","70-300mm f/4-5.6 DG OS Lens for Sony Alpha & Minolta Digital Cameras","70-300 f/4-5.6 DG ""OS"" Zoom for Sony Alpha & Minolta",0
909807,"SI1770284DCP","Sigma","17-70mm f/2.8-4 DC Macro HSM Contemporary Lens for Pentax K","17-70mm f/2.8-4 DC Macro HSM Lens for Pentax (new)",140
898831,"SI3514C","Sigma","35mm f/1.4 DG HSM Art Lens for Canon EF","35mm f/1.4 DG HSM ART Lens for Canon DSLR Cameras",260
549256,"SI150500N","Sigma","150-500mm f/5-6.3 APO DG OS HSM Lens for Nikon F Mount","150-500 f/5-6.3 DG OS HSM APO Autofocus Lens Nikon AF",245
844952,"SI3028DNSEM","Sigma","30mm f/2.8 EX DN Lens for Sony E Mount Cameras","30mm f/2.8 EX DN Lens for Sony NEX Mount Cameras",55
755349,"SI15028AMOS","Sigma","150mm f/2.8 EX DG OS HSM APO Macro Lens (For Sony)","150mm f/2.8 EX DG ""OS"" HSM APO Macro Lens For Sony",175
1009621,"SI241054C","Sigma","24-105mm f/4 DG OS HSM Art Lens (Canon EF)","24-105mm F/4 DG OS HSM Lens for Canon",350
171138,"SI80056ACAF","Sigma","800mm f/5.6 EX APO HSM Autofocus Lens for Canon EOS","800mm f/5.6 EX APO HSM Autofocus Lens for Canon EOS",0
384406,"SI80056CAF","Sigma","APO 800mm f/5.6 EX DG HSM Lens for Canon EF","800mm f/5.6 EX ""DG"" APO HSM for Canon EOS",1500
755360,"SI122445S","Sigma","12-24mm f/4.5-5.6 DG HSM II Lens (For Sony)","12-24mm f/4.5-5.6 DG HSM ""II"" Lens (For Sony)",0
1120086,"SI2414DGN","Sigma","24mm f/1.4 DG HSM Art Lens for Nikon F","24mm f/1.4 DG HSM Art Lens for Nikon ",225
670041,"SI177028DCNQ","Sigma","17-70mm f/2.8-4 DC Macro OS HSM Lens for Nikon Digital Cameras","17-70mm f/2.8-4 DC Macro OS HSM Lens for Nikon ",85
533557,"SI7020028S","Sigma","70-200mm f/2.8 II EX DG APO Macro HSM AF Lens for Sigma SLR Camera","70-200mm f/2.8 II EX DG APO Macro HSM AF Lens for Sigma SLR Camera",
689576,"SI7020028SOQ","Sigma","70-200mm f/2.8 EX DG APO OS HSM for Sony","70-200mm f/2.8 EX DG APO OS HSM for Sony",295
689633,"SI8164556SO","Sigma","8-16mm f/4.5-5.6 DC HSM Lens for Sony A","8-16mm f/4.5-5.6 DC HSM Ultra-Wide Zoom Lens for Sony",110
1162797,"SI24352DGN","Sigma","24-35mm f/2 DG HSM Art Lens for Nikon F","24-35mm f/2 DG HSM Art Lens for Nikon ",200
1191177,"SI2014N","Sigma","20mm f/1.4 DG HSM Art Lens for Nikon F","20mm f/1.4 DG HSM Art Lens for Nikon ",275
741731,"SIEF610S","Sigma","EF-610 DG Super Flash for Sony/Minolta Cameras","EF-610 DG Super Flash for Sony/Minolta Cameras",0
1436284,"SI2814DGC","Sigma","28mm f/1.4 DG HSM Art Lens for Canon EF","28mm f/1.4 DG HSM Art Lens for Canon EF",320
1436285,"SI2814DGSE","Sigma","28mm f/1.4 DG HSM Art Lens (Sony E)","28mm f/1.4 DG HSM Art Lens for Sony E",245
1282165,"SI8514NF","Sigma","85mm f/1.4 DG HSM Art Lens for Nikon F","85mm f/1.4 DG HSM ""Art"" Lens for Nikon F",450
1282167,"SI8514AS","Sigma","85mm f/1.4 DG HSM Art Lens for Sigma SA","85mm f/1.4 DG HSM ""Art"" Lens for Sigma SA",345
1282160,"SI12244S","Sigma","12-24mm f/4 DG HSM Art Lens for Sigma SA","12-24mm f/4 DG HSM Art Lens for Sigma SA",445
1393485,"SI10514C","Sigma","105mm f/1.4 DG HSM Art Lens for Canon EF","105mm f/1.4 DG HSM Art Lens for Canon EF",595
1436262,"SI606004563C","Sigma","60-600mm f/4.5-6.3 DG OS HSM Sports Lens (Canon EF)","60-600mm f/4.5-6.3 DG OS HSM Sports Lens for Canon EF",780
1595582,"SI10528E","Sigma","105mm f/2.8 DG DN Macro Art Lens (Sony E)","105mm f/2.8 DG DN Macro Art Lens for Sony E",380
1605137,"SI2435L","Sigma","24mm f/3.5 DG DN Contemporary Lens (L-Mount)","24mm f/3.5 DG DN Contemporary Lens for Leica L",225
1570250,"SI1614L","Sigma","16mm f/1.4 DC DN Contemporary Lens (Leica L)","16mm f/1.4 DC DN Contemporary Lens for Leica L",175
1436292,"SI4014DGSE","Sigma","40mm f/1.4 DG HSM Art Lens for Sony E","40mm f/1.4 DG HSM Art Lens for Sony E",345
1570252,"SI5614L","Sigma","56mm f/1.4 DC DN Contemporary Lens (Leica L)","56mm f/1.4 DC DN Contemporary Lens for Leica L",200
1624216,"SI287028SE","Sigma","28-70mm f/2.8 DG DN Contemporary Lens for Sony E","28-70mm f/2.8 DG DN Contemporary Lens for Sony E",475
1436298,"SI7020028OSN","Sigma","70-200mm f/2.8 DG OS HSM Sports Lens for Nikon F","70-200mm f/2.8 DG OS HSM Sports Lens for Nikon F",600
1757615,"SI2314L","Sigma","23mm f/1.4 DC DN Contemporary Lens (Leica L)","23mm f/1.4 DC DN Contemporary Lens (Leica L)",200
1789139,"SI7020028SE","Sigma","70-200mm f/2.8 DG DN OS Sports Lens (Sony E)","70-200mm f/2.8 DG DN OS Sports Lens (Sony E)",820
1770203,"SI1414EM","Sigma","14mm f/1.4 DG DN Art Lens (Sony E)","14mm f/1.4 DG DN Art Lens (Sony E)",725
463916,"SO13528","Sony","135mm f/2.8 STF Lens","135mm f/2.8 [T 4.5] STF MF Lens ",240
423689,"SOHDRHC3","Sony","HDR-HC3 Mini DV / HDV Camcorder","HDR-HC3 High Definition Camcorder",0
537982,"SOHDRSR11","Sony","HDR-SR11 60GB Hybrid HDD/Memory Stick High Definition Camcorder","HDR-SR11 60GB High Definition Camcorder",0
475452,"SOHDRHC7","Sony","HDR-HC7 1080i HDV Camcorder","HDR-HC7 High Definition Camcorder",0
526423,"SOBPU30","Sony","BP-U30 Lithium-Ion Battery","BP-U30 Lithium-Ion Battery",20
446810,"SOHDRSR1","Sony","HDR-SR1 AVC HD 30GB Hard-Disc Handycam Camcorder","HDR-SR1 30GB High Definition Camcorder",0
439162,"SO10028M","Sony","100mm f/2.8 Macro Lens","100mm f/2.8 AF Macro Autofocus Lens",130
439004,"SOHVLF36AM","Sony","HVL-F36AM Digital Camera Flash","HVL-F36AM Digital Camera Flash",30
569293,"SOHVLF58AM","Sony","HVL-F58AM Digital Camera Flash for Sony Alpha Series","HVL-F58AM Digital Camera Flash",75
493531,"SOHDRCX7","Sony","HDR-CX7 1080i AVCHD Memory Stick Camcorder","HDR-CX7 High Definition Camcorder",0
116493,"SOHVLS3D","Sony","HVL-S3D 3 Watt DC Video Light","HVL-S3D 3 Watt DC Video Light",0
439173,"SO5008R","Sony","SAL-500F80 Telephoto 500mm f/8.0 Reflex Autofocus Lens","500mm f/8.0 Reflex Autofocus Lens",160
671538,"SOHDRCX350V","Sony","HDR-CX350V 32GB HD Handycam Camcorder","HDR-CX350V 32GB HD Handycam Camcorder",75
671551,"SODCRSX44S","Sony","DCR-SX44 4GB Handycam Camcorder (Silver)","DCR-SX44 4GB Handycam Camcorder (Silver)",0
597339,"SODCRSX60","Sony","DCR-SX60 16GB Handycam Camcorder ","DCR-SX60 16GB Handycam Camcorder ",0
49508,"SOMDR7502","Sony","MDR-7502 Headphones","MDR-7502 Headphone",9.95
761581,"SOHXRNX70U","Sony","HXR-NX70U NXCAM Compact Camcorder","HXR-NX70U NXCAM Compact Camcorder",0
819768,"SOLAEA2","Sony","A-Mount Lens to NEX Camera Mount Adapter","A-Mount Lens to NEX Camera Mount Adapter",75
731708,"SO8528","Sony","85mm f/2.8 SAM Lens","85mm f/2.8 SAM Telephoto Lens",60
731694,"SO242","Sony","Distagon T* 24mm f/2 ZA SSM Lens","24mm f/2 T* SSM Wide Angle Lens",150
731697,"SO3518","Sony","DT 35mm f/1.8 SAM Lens","35mm f/1.8 DT SAM Lens",65
672423,"SOHXRNX5U","Sony","HXR-NX5U NXCAM Professional Camcorder","HXR-NX5U NXCAM Professional Camcorder",750
818647,"SO2418","Sony","Sonnar T* E 24mm f/1.8 ZA Lens","24mm f/1.8 E-Mount Carl Zeiss Sonnar Lens",140
732292,"SO1820035Q","Sony","E 18-200mm f/3.5-6.3 OSS Lens","18-200mm f/3.5-6.3 Zoom Lens for NEX (silver)",175
713118,"SOVCLECU1","Sony","VCL-ECU1 0.75x Wide Angle Conversion Lens","VCL-ECU1 E-Mount Wide Angle Conversion Lens",10
859419,"SO18135","Sony","DT 18-135mm f/3.5-5.6 SAM Lens","18-135mm f/ 3.5-5.6 Zoom Lens",75
767660,"SOHVLF43AM","Sony","HVL-F43AM Compact External Flash","HVL-F43AM Compact External Flash",55
849377,"SOSLTA57","Sony","Alpha SLT-A57 SLR Digital Camera (Body Only)","Alpha SLT-A57 SLR Digital Camera (Body Only)",0
909745,"SOHDRCX220B","Sony","HDR-CX220 HD Handycam Camcorder (Black)","HDR-CX220 HD Handycam Camcorder (Black)",0
471852,"SOFAMC1AM","Sony","FA-MC1AM Off-Camera Flash Cable","FA-MC1AM Off-Camera Flash Cable",10
818649,"SO5018Q","Sony","E 50mm f/1.8 OSS Lens (Silver)","50mm f/1.8 OSS E-Lens (Silver)",100
1140693,"SO1635282","Sony","Vario-Sonnar T* 16-35mm f/2.8 ZA SSM II Lens","16-35mm f/2.8 ZA SSM ""II"" Vario-Sonnar T* Lens",250
1022332,"SOA5000SK","Sony","Alpha a5000 Mirrorless Digital Camera with 16-50mm Lens (Silver)","Alpha a5000 Mirrorless Digital Camera with 16-50mm Lens (Silver)",145
1317562,"SO8518","Sony","FE 85mm f/1.8 Lens","85mm f/1.8 FE Lens",250
1369441,"SOA7R3","Sony","a7R III Mirrorless Camera","Alpha a7R III Mirrorless Digital Camera (Body Only)",725
1453768,"SOA6400B","Sony","a6400 Mirrorless Camera","Alpha a6400 Mirrorless Digital Camera (Body Only)",440
1029168,"SOECMGZ1M","Sony","ECM-GZ1M Zoom Microphone for Cameras with Multi-Interface Shoe","ECM-GZ1M Zoom Microphone for Cameras with Multi-Interface Shoe",36
1453771,"SOA640018135","Sony","a6400 Mirrorless Camera with 18-135mm f/3.5-5.6 Lens","Alpha a6400 Mirrorless Digital Camera with 18-135mm Lens",660
1502965,"SOA6600K","Sony","a6600 Mirrorless Camera with 18-135mm f/3.5-5.6 Lens","Alpha a6600 Mirrorless Digital Camera with 18-135mm Lens",750
1630079,"SO5012GM","Sony","FE 50mm f/1.2 GM Lens (Sony E)","50mm f/1.2 GM FE Lens",950
1784819,"SOA7C2S","Sony","a7C II Mirrorless Camera (Silver)","a7C II Mirrorless Camera (Silver)",1200
1421536,"SODSCRX1005A","Sony","Cyber-shot DSC-RX100 VA Digital Camera","Cyber-shot DSC-RX100 VA Digital Camera",475
1729317,"SOFX30","Sony","FX30 Digital Cinema Camera","FX30 Digital Cinema Camera",1100
1709233,"SO10204GPZ","Sony","E 10-20mm f/4 PZ G Lens","E 10-20mm f/4 PZ G Lens",340
671987,"SODSCW350B","Sony","Cyber-shot DSC-W350 Digital Camera (Black)","Cyber-shot DSC-W350 Digital Camera (Black)",60
1029524,"SODSCHX400VB","Sony","Cyber-shot DSC-HX400V Digital Camera","Cyber-shot DSC-HX400V Digital Camera",145
1839377,"SOZVE102KB","Sony","ZV-E10 II Mirrorless Camera with 16-50mm Lens (Black)","ZV-E10 ""II"" Mirrorless Camera with 16-50mm Lens (Black)",680
1935439,"SOA75","Sony","a7 V Mirrorless Camera","a7 V Mirrorless Camera",2000
1823773,"SO162528G","Sony","FE 16-25mm f/2.8 G Lens (Sony E)","FE 16-25mm f/2.8 G Lens (Sony E)",675
1899230,"SOFX2","Sony","FX2 Digital Cinema Camera","FX2 Digital Cinema Camera",1400
1920345,"SOCEAG240T","Sony","240GB CFexpress 4.0 Type A TOUGH Memory Card","240GB CFexpress 4.0 Type A TOUGH Memory Card",75
1257852,"SO185535B","Sony","E 18-55mm f/3.5-5.6 OSS Lens","E 18-55mm f/3.5-5.6 OSS Lens",80
1029529,"SODSCW800B","Sony","Cyber-shot DSC-W800 Digital Camera (Black)","Cyber-shot DSC-W800 Digital Camera (Black)",100
1862825,"SO28702GM","Sony","FE 28-70mm f/2 GM Lens (Sony E)","28-70mm f/2 GM Lens (Sony E)",1800
811415,"SODSCTX55B","Sony","DSC-TX55 Cyber-Shot Digital Camera (Black)","DSC-TX55 Cyber-Shot Digital Camera (Black)",60
1434706,"SOA10RACK","Sound Devices","A10-RACK 4-Slot Wireless Enclosure","A10-RACK 4-Slot Wireless Enclosure",
521721,"STM","Steadicam","Merlin Camera Stabilizing System","Merlin Camera Stabilizing System - with Metal Gimbal",0
423727,"TA70300MNA","Tamron","70-300mm f/4-5.6 Di LD Macro Lens for Nikon","70-300 f/4-5.6 Di LD Macro Lens for Nikon AF",50
581246,"TA1827035C","Tamron","AF18-270mm f/3.5-6.3 Di-II VC LD Asph. AF (IF) Macro Lens","18-270 f/3.5-6.3 Di-II VC LD Asph Lens for Canon Digital ",90
284399,"TA287528CAF","Tamron","SP 28-75mm F/2.8 XR Di for Canon EF","28-75mm f/2.8 XR Di Autofocus Lens for Canon EOS",135
506046,"TA2830035C","Tamron","28-300mm f/3.5-6.3 XR Di VC LD Aspherical IF Macro Lens for Canon","28-300 f/3.5-6.3 XR Di ""VC"" Lens for Canon EOS",150
213156,"TA2413535NAF","Tamron","Zoom W/A-Telephoto SP AF 24-135mm f/3.5-5.6 AD Aspherical IF AF Lens","24-135mm f/3.5-5.6 Aspherical IF Lens For Nikon AF",40
225815,"TA2820038NAF","Tamron","28-200mm Super Zoom f/3.8-5.6 Aspherical XR IF Macro AF Lens","28-200 f/3.8-5.6 XR Lens For Nikon AF ",65
231636,"TA753004MMAF","Tamron","75-300mm f/4-5.6 LD Macro Autofocus Lens for Sony Alpha & Minolta Maxxum","75-300mm f/4-5.6 LD Macro Autofocus Lens for Sony Alpha & Minolta Maxxum",0
629846,"TA602DIC","Tamron","SP 60mm f/2 Di II 1:1 Macro Lens for Canon EF","60mm f/2 Di II LD SP AF 1:1 Macro AF Lens For Canon AF Digital SLR Cameras",80
747927,"TA18270CAF","Tamron","AF18-270mm f/3.5-6.3 Di II VC PZD AF Lens for Canon","18-270 f/3.5-6.3 Di II VC ""PZD"" AF Lens Canon AF",110
131355,"TA2810528CAF","Tamron","Zoom W/A-Telephoto SP AF 28-105mm f/2.8 LD Aspherical IF AF Lens","28-105mm f/2.8 LD Aspherical IF AF Lens for Canon EOS",175
1029404,"TA1630035DIC","Tamron","16-300mm f/3.5-6.3 Di II VC PZD MACRO Lens for Canon","16-300mm f/3.5-6.3 Di II VC PZD MACRO Lens for Canon",200
363810,"TA111845MAF","Tamron","11-18mm f/4.5-5.6 Di-II Lens for Digital Camera","11-18mm f/4.5-5.6 Di-II Lens for Sony Digital ",100
845351,"TA247028S","Tamron","SP 24-70mm f/2.8 Di USD Lens for Sony A","24-70mm f/2.8 Di USD Lens for Sony Cameras",160
1183048,"TA4518SPS","Tamron","SP 45mm f/1.8 Di USD Lens for Sony A","45mm f/1.8 Di USD Lens for Sony A",90
835057,"TA1820035SS","Tamron","18-200mm F/3.5-6.3 Di III VC Lens for Sony E Mount Cameras (Silver)","18-200mm F/3.5-6.3 Di ""III VC"" Lens for Sony E Mount (Silver)",220
1083947,"TA153028C","Tamron","SP 15-30mm f/2.8 Di VC USD Lens for Canon EF","15-30mm f/2.8 Di VC USD Lens for Canon EF",225
1233548,"TA8518SPS","Tamron","SP 85mm f/1.8 Di USD Lens for Sony A","85mm f/1.8 Di SP USD Lens for Sony A",200
1461529,"TA172828E","Tamron","17-28mm f/2.8 Di III RXD Lens for Sony E","17-28mm f/2.8 Di III RXD Lens for Sony E",300
1233541,"TA9028SPC","Tamron","SP 90mm f/2.8 Di Macro 1:1 VC USD Lens for Canon EF","90mm f/2.8 Di Macro 1:1 VC USD SP Lens for Canon EF",260
1658157,"TA287528SE","Tamron","28-75mm f/2.8 Di III VXD G2 Lens (Sony E)","28-75mm f/2.8 Di III VXD G2 Lens for Sony E",430
1636756,"TA1120S","Tamron","11-20mm f/2.8 Di III-A RXD Lens (Sony E)","11-20mm f/2.8 Di III-A RXD Lens for Sony E",300
1781149,"TA7018028EG2","Tamron","70-180mm f/2.8 Di III VC VXD G2 Lens (Sony E)","70-180mm f/2.8 Di III VC VXD ""G2"" Lens (Sony E)",670
554033,"TO3528PDXN","Tokina","35mm f/2.8 AT-X M35 Pro DX Macro Autofocus Lens for Nikon Digital","35mm f/2.8 DX Macro Autofocus Lens for Nikon Digital",65
429082,"TO8040045C","Tokina","AF-D 80-400mm f/4.5-5.6 Lens for Canon EOS","80-400 f/4.5-5.6 Lens AF-D for Canon EOS w/clr",110
169414,"TO1735PNAF","Tokina","Super W/A AF 17mm f/3.5 AT-X 17AF Pro Aspherical AF Lens","17mm f/3.5 AT-X Pro Aspherical Lens For Nikon AF",85
393445,"TO10028PCAF","Tokina","100mm f/2.8 AT-X M100 AF Pro D Macro Autofocus Lens for Canon EOS","100mm f/2.8 AT-X Pro D Macro Lens for Canon EOS",105
393445,"TO10028PCAF","Tokina","100mm f/2.8 AT-X M100 AF Pro D Macro Autofocus Lens for Canon EOS","100mm f/2.8 AT-X M100 AF Pro D Macro Autofocus Lens for Canon EOS",
393446,"TO10028PNAF","Tokina","100mm f/2.8 AT-X M100 AF Pro D Macro Autofocus Lens for Nikon AF-D","100mm f/2.8 AT-X Pro D Macro Lens for Nikon AF",100
1608879,"TO3314FX","Tokina","atx-m 33mm f/1.4 X Lens for FUJIFILM X","33mm f/1.4 X atx-m Lens for FUJIFILM X",110
1723065,"TOSZMF33FE","Tokina","SZ 33mm f/1.2 Lens for Sony E","33mm f/1.2 SZ Lens for Sony E",145
379229,"VAS8080S","VariZoom","S-8080S 14.4 VDC Lithium Ion Battery","S-8080S 14.4 VDC Lithium Ion Battery",
1904389,"VE1228AFFE","Venus Optics","Laowa 12mm f/2.8 Lite Zero-D AF Lens (Sony E, 5-Blade Aperture)","Laowa 12mm f/2.8 Lite Zero-D AF Lens (Sony E, 5-Blade Aperture)",300
1456128,"VO2135AVM","Voigtlander","Color-Skopar 21mm f/3.5 Aspherical Lens","21mm f/3.5 Aspherical Color-Skopar M-Lens",300
1603148,"VO5015AVMNM","Voigtlander","Nokton 50mm f/1.5 Aspherical II MC Lens (Nickel)","50mm f/1.5 Aspherical II MC Nokton M-Lens (Nickel)",350
1603147,"VO5015AVMSS","Voigtlander","Nokton 50mm f/1.5 Aspherical II SC Lens (Silver)","50mm f/1.5 Aspherical II SC Nokton M-Lens (Silver)",345
1603145,"VO5015AVMSB","Voigtlander","Nokton 50mm f/1.5 Aspherical II SC Lens (Black)","50mm f/1.5 Aspherical II SC Nokton M-Lens (Black)",325
1626272,"VO3520AEM","Voigtlander","APO-LANTHAR 35mm f/2 Aspherical Lens for Sony E","35mm f/2 Aspherical APO-LANTHAR Lens for Sony E",395
827628,"VOVF1535MB","Voigtlander","15-35mm Multi Format Zoomfinder (Type B)","15-35mm Multi Format Zoomfinder (Type B)",225
1551054,"VO2114M","Voigtlander","Nokton 21mm f/1.4 Aspherical Lens","21mm f/1.4 Aspherical Nokton M-Lens",375
483740,"VO2140M","Voigtlander","Color-Skopar 21mm f/4 P Lens","21mm f/4 P M-Lens Color-Skopar",180
1637251,"VO2820VMB","Voigtlander","28mm f/2.0 Ultron Vintage Aspherical VM Lens Type II (Black)","28mm f/2.0 Ultron Vintage Aspherical VM Lens Type II (Black)",400
1667785,"VO9028VMS","Voigtlander","90mm f/2.8 Apo-Skopar (Silver)","90mm f/2.8 Apo-Skopar (Silver) M-Lens",345
855215,"VO17595","Voigtlander","Nokton 17.5mm f/0.95 Lens for Micro Four Thirds Cameras","17.5mm f/0.95 Nokton Lens for Micro 4/3 Cameras",225
1295108,"VO5814SLNLS","Voigtlander","Nokton 58mm f/1.4 SL II S Lens (Silver)","58mm f/1.4 SL II S Nokton  Lens (Silver)",235
1091071,"VO4028M","Voigtlander","VM 40mm f/2.8 Heliar Lens for Sony E-Mount","40mm f/2.8 Heliar VM Lens for Sony E-Mount",150
1724131,"VOBA361B","Voigtlander","APO-LANTHAR 50mm f/2 Aspherical Lens for Nikon Z","50mm f/2 Aspherical Lens for Nikon Z",365
662717,"ZE5014ZF2N","ZEISS","Planar T* 50mm f/1.4 ZF.2 Lens for Nikon F","50mm F/1.4 ""ZF.2"" Lens for Nikon Cameras",250
662720,"ZE8514ZF2N","ZEISS","Planar T* 85mm f/1.4 ZF.2 Lens for Nikon F","85mm f/1.4 ""ZF.2"" Lens for Nikon Cameras",350
441700,"ZE8514ZFN","ZEISS","85mm f/1.4 Planar T* Manual Focus Lens for Nikon","85mm f/1.4 Planar T* Manual Focus Lens for Nikon",250
714810,"ZE2528ZF2N","ZEISS","Distagon T* 25mm f/2.8 ZF.2 Lens for Nikon F","25mm f/2.8 ""ZF.2"" Distagon Lens for Nikon",225
839986,"ZE252ZF2N","ZEISS","Distagon T* 25mm f/2.0 ZF.2 Lens for Nikon F Mount","25mm f/2.0 ""ZF.2"" Distagon T* Lens for Nikon F Mount",375
1277350,"ZE1828MZE","ZEISS","Milvus 18mm f/2.8 ZE Lens for Canon EF","Milvus 18mm f/2.8 ZE Lens for Canon EF",320
1116341,"ZOZQ8","Zoom","Q8 Handy Video Recorder","Q8 Handy Video Recorder",100
1401512,"BL4KPKCAM","Blackmagic Design","Pocket Cinema Camera 4K","Pocket Cinema Camera 4K",475
1322801,"BLURSAMPRO","Blackmagic Design","URSA Mini Pro 4.6K Digital Cinema Camera","URSA Mini Pro 4.6K Digital Cinema Camera",1000
884129,"GELEDP312T","Genaray","LED-7100T 312 LED Variable-Color On-Camera Light","LED-7100T 312 LED Variable-Color On-Camera Light",60
381627,"JVGZMC500","JVC","GZ-MC500 Everio Digital Media Camera","GZ-MC500 High Definition Camcorder",0
200450,"JVBNV428U","JVC","BN-V428U Lithium-Ion Battery Pack - 7.2v, 2800mAh","BN-V428U Lithium-Ion Battery Pack - 7.2v, 2800mAh",0
537788,"JVGZHD5","JVC","GZ-HD5 60GB HD  Everio Camcorder","GZ-HD5 60GB high definition camcorder ",0
465559,"JVLM170U","JVC","LM170U 17"" Professional LCD Monitor","LM170U 17"" Professional LCD Monitor",0
671789,"JVGZHD620BUS","JVC","GZ-HD620 HD Everio Hard Drive Camera","GZ-HD620 HD Everio Hard Drive Camera",0
597971,"JVGZHD320B","JVC","GZ-HD320 Everio High Definition Hard Disk Camcorder (Onyx Black)","GZ-HD320 High Definition Hard Disk Camcorder (Onyx Black)",0
749370,"JVGZHM30AUS","JVC","GZ-HM30 HD Everio Camcorder (Blue)","GZ-HM30 HD Everio Camcorder (Blue)",0
749382,"JVGZHM50BUS","JVC","GZ-HM50 HD Everio Camcorder (Black)","GZ-HM50 HD Everio Camcorder (Black)",0
797554,"JVGYHM710U","JVC","GY-HM710U ProHD Compact Shoulder Camcorder with Canon 14x Lens","GY-HM710U ProHD Compact Shoulder Camcorder with Canon 14x Lens",0
1400278,"JVGYHM180","JVC","GY-HM180 Ultra HD 4K Camcorder with HD-SDI","GY-HM180 Ultra HD 4K Camcorder with HD-SDI",400
1551687,"SACFEP128GB","SanDisk","128GB Extreme PRO CFexpress Type B Memory Card","128GB Extreme PRO CFexpress Type B Memory Card",40
475950,"GIGT3530LSV","Gitzo","GT3530LSV 2-Stage Carbon Fiber Tripod - Long","BO523P2-Stage Carbon Fiber Tripod - Long",0
1834335,"RIWG1000OV","Ricoh","PENTAX WG-1000 Digital Camera (Olive)","PENTAX WG-1000 Digital Camera (Olive)",120
1819935,"RIGR3HDF","Ricoh","GR III HDF Digital Camera","GR III HDF Digital Camera",650
1898564,"RIGR4","Ricoh","GR IV Digital Camera","GR IV Digital Camera",800
1707681,"RIWG80B","Ricoh","WG-80 Digital Camera (Black)","WG-80 Digital Camera (Black)",90
179590,"AKPCC160","AKG","PCC160 Phase Coherent Cardioid Microphone","PCC-160 Phase Coherent Cardioid Microphone",
74236,"ANTP14","Anton/Bauer","TrimPac14 Nickel Cadmium Battery","TrimPac14 Nickel Cadmium Battery",0
122585,"AND2701","Anton/Bauer","D-2701 PowerCharger","D-2701 PowerCharger",0
283753,"ANTTWQ","Anton/Bauer","TWQ 4 Position Gold Mount Charger","TWQ 4 Position Gold Mount Charger",0
495302,"AUAT875R","Audio-Technica","AT875R Short Shotgun Microphone","AT875 Short Condenser Shotgun Microphone",65
68058,"AUP88W82957","Audio-Technica","PRO 88W-829 Camera Mountable VHF Lavalier Pro 88W VHF Wireless System","W88-13-829  VHF Lavalier Pro 88W VHF Wireless System",10
68272,"AUAT803","Audio-Technica","AT803B Omnidirectional Condenser Lavalier Microphone","AT803B - Mini Clip-On Mic",46
383975,"AZ200ULT","Azden","Dual Channel Wireless Microphone System","200ULT Dual Channel Wireless Microphone System",125
3656,"AZWLXPRO","Azden","WLX-PRO VHF Wireless Lavalier Microphone System (F1/F2 Frequencies)","WLX Pro Wireless Lavalier Mic System",0
238826,"AZSGM1X","Azden","SGM-1X Professional Shotgun Microphone","SGM-1X - Shotgun Mic",40
136397,"BEDXA4","Beachtek","DXA-4 Audio Adapter","DXA-4 Audio Adapter",
335809,"BEDXA2S","Beachtek","DXA-2S - Dual XLR Universal Microphone Adapter","DXA-2S - Dual XLR Universal Microphone Adapter",0
338452,"BEBPLI95","Bescor","BPLI-95 V-Mount Li-Ion Battery","BPLI-95 V-Mount Li-Ion Battery",0
304495,"BEAK10ATM","Bescor","AK-10ATM On Camera Light Kit","AK-10ATM On Camera Light Kit",
681139,"BELED25","Bescor","LED-25 25W LED On-Camera Light","LED-25 25W LED On-Camera Light",0
364689,"CA753004USM","Canon","Zoom 75-300mm f/4-5.6 EF USM AF Lens","75-300mm f/4-5.6 EF USM AF Lens",45
518215,"CAPSA650","Canon","PowerShot A650 IS Digital Camera","PowerShot A650 IS Digital Camera",45
582444,"CA1820035","Canon","EF-S 18-200mm f/3.5-5.6 IS Lens","18-200 f/3.5-5.6 IS EF-S Lens ",150
164690,"CAHC3500","Canon","System Case HC-3500","SYSTEM CASE HC-3500",40
542178,"CAEDRXSIS","Canon","EOS Rebel XSi Digital Camera (a.k.a. 450D) (Silver) (Camera Body)","EOS Rebel XSi SLR Digital Camera (Silver)",60
300535,"CAERK2","Canon","EOS Rebel K2 Camera Body","EOS Rebel K2 Camera Body",40
590449,"CA2414L2EF","Canon","EF 24mm f/1.4L II USM Lens","24mm f/1.4L II USM Autofocus Lens",320
371444,"CAPSSD500","Canon","PowerShot SD500 Digital ELPH Digital Camera","PowerShot SD500 Digital Elph Camera",40
460259,"CAPSSD900","Canon","PowerShot SD900 Digital ELPH Digital Camera","PowerShot SD900 Digital Elph Camera",60
129189,"CA248535EF","Canon","Zoom Wide Angle-Telephoto EF 24-85mm f/3.5-4.5 USM Autofocus Lens","24-85 f/3.5-4.5 USM Autofocus Lens",100
12311,"CACLS50EF","Canon","Life-Size Converter EF","Life-Size Converter EF",60
121599,"CAERG","Canon","EOS Rebel G 35mm SLR Autofocus Camera Body","EOS Rebel G 35mm SLR Autofocus Camera Body",50
12054,"CA1.4XEF","Canon","1.4x Autofocus Extender EF for EOS Cameras","1.4x EF Extender ",50
580462,"CAE50D","Canon","EOS 50D SLR Digital Camera (Camera Body)","EOS 50D SLR Digital Camera (Camera Body)",75
542282,"CAPSSD1100P","Canon","PowerShot SD1100 IS Digital ELPH Digital Camera (Melody Pink)","PowerShot SD1100 IS Digital Elph Camera ",50
397988,"CAE1D2N","Canon","EOS-1D Mark II n Digital Camera (Camera Body)","EOS 1D Mark II n Digital Camera (Camera Body)",170
571297,"CA430EX2","Canon","Speedlite 430EX II","430EX II Speedlite",35
206447,"CAEE72890K","Canon","EOS Elan 7 35mm SLR AF Camera with 28-90mm f/4-5.6 USM EF Lens","EOS Elan 7  Camera with 28-90mm f/4-5.6 USM EF Lens",160
183203,"CA5004LISEF","Canon","EF 500mm f/4L IS (Image Stabilizer) USM Lens","500mm f/4 L IS (Image Stabilizer) USM Autofocus Lens",1640
457545,"CAPSA710IS","Canon","PowerShot A710 IS Digital Camera","PowerShot A710 IS Digital Camera",0
498744,"CAOCE3","Canon","OC-E3 Off Camera Shoe Cord (2')","OC-E3 Off Camera Shoe Cord 3",7
239654,"CA4004ISEF","Canon","EF 400mm f/4 DO IS USM Lens","400mm f/4 DO IS USM Lens",1070
12069,"CA1528EF","Canon","Fisheye EF 15mm f/2.8 Autofocus Lens","15mm f/2.8 Autofocus Lens",210
580537,"CAPSE1BL","Canon","PowerShot E1 Digital Camera (Blue)","PowerShot E1 Digital Camera ",0
348317,"CAE20DK","Canon","EOS 20D Digital Camera with Canon 18-55mm Lens","EOS 20D Digital Camera with Canon 18-55mm Lens",0
186650,"CAFU1000","Canon","FU-1000 Monochrome Viewfinder","CANON FU-1000 Monochrome Viewfinder",0
397314,"CAE5D","Canon","EOS 5D Digital Camera (Camera Body)","EOS 5D Digital Camera (Camera Body)",80
542271,"CAPSA580","Canon","PowerShot A580 Digital Camera","PowerShot A580 Digital Camera",0
542181,"CAEDRXSIKS","Canon","EOS Rebel XSi (a.k.a. 450D) SLR Digital Camera Kit (Silver) with 18-55mm IS Lens ","EOS Digital Rebel XSi (Silver) with 18-55 ""IS"" Lens ",100
605216,"CAPSSX1","Canon","PowerShot SX1 IS Digital Camera","PowerShot SX1 IS Digital Camera",30
671647,"CAHFM31","Canon","VIXIA HF M31 Dual Flash Memory Camcorder","VIXIA HF M31 Dual Flash Memory Camcorder",60
684206,"CAWAH82","Canon","WA-H82 0.8x Wide Attachment Lens","WA-H82 0.8x Wide Attachment Lens",70
643179,"CAPSSX20","Canon","PowerShot SX20 IS Digital Camera","PowerShot SX20 IS Digital Camera",60
463324,"CAWCDC58B","Canon","WC-DC58B 0.75x Wide Angle Converter Lens","WC-DC58B Wide Angle Converter Lens for G7",0
397953,"CAWCDC10","Canon","WC-DC10 0.8x Wide Angle Converter Lens","WC-DC10, 0.8x Wide-angle Converter Lens",20
675618,"CAEDRT2IK","Canon","EOS Rebel T2i Digital SLR Kit w/ EF-S/18-55 IS II","Digital Rebel T2i Digital SLR Kit w/ EF-S/18-55 IS",130
729874,"CAPSSD4500S","Canon","PowerShot SD4500 IS Digital ELPH Camera (Silver)","PowerShot SD4500 IS Digital ELPH Camera ",0
734854,"CABGE9","Canon","BG-E9 Battery Grip for EOS 60D","BG-E9 BATTERY GRIP f/60D",8
672198,"CAPSA3100BL","Canon","PowerShot A3100 IS Digital Camera (Blue)","PowerShot A3100 IS Digital Camera",0
680103,"CA7020028LIQ","Canon","EF 70-200mm f/2.8L IS II USM Lens","70-200mm f/2.8L IS II USM Telephoto Zoom Lens",900
718162,"CAHFM32","Canon","VIXIA HF M32 Dual Flash Memory Camcorder","VIXIA HF M32 Dual Flash Memory Camcorder",50
870177,"CAEDRT4IK","Canon","EOS Rebel T4i Digital Camera with EF-S 18-55mm f/3.5-5.6 IS II Lens","EOS Rebel T4i Digital Camera with EF-S 18-55mm ",165
732108,"CA30028LIS2","Canon","EF 300mm f/2.8L IS II USM Lens","300mm f/2.8L ""IS"" II USM Telephoto Lens",2400
539265,"CADM100","Canon","DM-100 Camera-Mount Directional/Stereo Microphone for Vixia Camcorders","DM-100 Directional Stereo Microphone",55
898726,"CA352ISEF","Canon","EF 35mm f/2 IS USM Lens","35mm f/2 IS USM Lens",265
1023205,"CAHFR52","Canon","32GB VIXIA HF R52 Full HD Camcorder","32GB VIXIA HF R52 Full HD Camcorder",100
1023204,"CAHFR50","Canon","8GB VIXIA HF R50 Full HD Camcorder","HF R50 8GB VIXIA Full HD Camcorder",75
1023206,"CAHFR500B","Canon","VIXIA HF R500 Full HD Camcorder (Black)","VIXIA HF R500 Full HD Camcorder (Black)",50
892381,"CA552504ISY","Canon","EF-S 55-250mm f/4-5.6 IS Lens","55-250mm f/4-5.6 EF-S IS Lens",75
1081811,"CABGE16","Canon","BG-E16 Battery Grip for EOS 7D Mark II","BG-E16 Battery Grip for EOS 7D Mark II",30
1120052,"CAPSG3X","Canon","PowerShot G3 X Digital Camera","POWERSHOT G3X DIGITAL CAMERA",310
1188052,"CAPSG5X","Canon","PowerShot G5 X Digital Camera","PowerShot G5X Digital Camera",350
1047774,"CAEDRSL1WK","Canon","EOS Rebel SL1 DSLR Camera with 18-55mm Lens (White)","EOS Rebel SL1 DSLR Camera with 18-55mm Lens (White)",170
894772,"CATCDC58E","Canon","TC-DC58E 1.4x Tele-Converter for PowerShot G15 Digital Camera","TC-DC58E 1.4x Tele-Converter for PowerShot G15 Digital Camera",0
1051475,"CA16354LEF","Canon","EF 16-35mm f/4L IS USM Lens","16-35mm EF f/4L IS USM Lens",335
1081814,"CA4004ISEFM2","Canon","EF 400mm f/4 DO IS II USM Lens","400mm f/4 DO IS ""II"" USM Lens",1800
1022458,"CAPSN100B","Canon","PowerShot N100 Digital Camera (Black)","PowerShot N100 Digital Camera (Black)",
1081813,"CA2410535IS","Canon","EF 24-105mm f/3.5-5.6 IS STM Lens","24-105mm f/3.5-5.6 IS STM Lens",200
1110382,"CAPSSX530HS","Canon","PowerShot SX530 HS Digital Camera","PowerShot SX530 HS Digital Camera",140
1030212,"CAMR14EXII","Canon","MR-14EX II Macro Ring Lite","MR-14EX ""II"" Macro Ring Lite",260
680674,"CAE7D18135","Canon","EOS 7D DSLR Camera with 18-135mm Kit","EOS 7D DSLR Camera with 18-135mm Kit",250
1433720,"CA3214M","Canon","EF-M 32mm f/1.4 STM Lens","32mm f/1.4 STM EF-M Lens",240
1433710,"CAERB","Canon","EOS R Mirrorless Camera","EOS R Mirrorless Digital Camera (Body Only)",500
1354803,"CA8514LEF","Canon","EF 85mm f/1.4L IS USM Lens","85mm f/1.4L IS USM Lens",625
1433716,"CABGE22","Canon","BG-E22 Battery Grip","BG-E22 Battery Grip",35
1346735,"CAE6D2241054","Canon","EOS 6D Mark II DSLR Camera with 24-105mm f/4L II Lens","EOS 6D Mark II DSLR Camera with 24-105mm f/4L II Lens",900
1663582,"CA1628RF","Canon","RF 16mm f/2.8 STM Lens","16mm f/2.8 STM RF Lens",140
1558260,"CAERP2410547","Canon","EOS RP Mirrorless Camera with 24-105mm f/4-7.1 Lens","EOS RP Mirrorless Digital Camera with 24-105mm f/4-7.1 Lens",525
1433721,"CA40028L3","Canon","EF 400mm f/2.8L IS III USM Lens","EF 400mm f/2.8L IS III USM Lens",5500
1659385,"CAXF605","Canon","XF605 UHD 4K HDR Pro Camcorder","XF605 UHD 4K HDR Pro Camcorder",2200
1470023,"CAHFG60","Canon","Vixia HF G60 UHD 4K Camcorder","Vixia HF G60 UHD 4K Camcorder",625
1515333,"CAERA","Canon","EOS Ra Mirrorless Digital Camera (Body Only)","EOS Ra Mirrorless Digital Camera (Body Only)",1125
1473087,"CAEDRSL3BK","Canon","EOS Rebel SL3 DSLR Camera with 18-55mm Lens (Black)","EOS Rebel SL3 DSLR Camera with 18-55mm Lens (Black)",330
1281380,"CA18150MB","Canon","EF-M 18-150mm f/3.5-6.3 IS STM Lens (Graphite)","18-150mm f/3.5-6.3 IS STM EF-M Lens (Graphite)",200
1598385,"CAEM5021545B","Canon","EOS M50 Mark II Mirrorless Camera with 15-45mm Lens (Black)","EOS M50 Mark II Mirrorless Digital Camera with 15-45mm Lens (Black)",330
1547011,"CA100500LRF","Canon","RF 100-500mm f/4.5-7.1 L IS USM Lens","100-500mm f/4.5-7.1L IS USM ""RF"" Lens",1750
1477265,"CA8512LRF","Canon","RF 85mm f/1.2 L USM Lens","85mm f/1.2L USM ""RF"" Lens",1350
1598395,"CAEL1","Canon","Speedlite EL-1","EL-1 Speedlite Flash",375
1574449,"CABGR10","Canon","BG-R10 Battery Grip","BG-R10 Battery Grip",80
1733226,"CA13518RF","Canon","RF 135mm f/1.8 L IS USM Lens","RF 135mm f/1.8 L IS USM Lens",950
1733217,"CAER6224105S","Canon","EOS R6 Mark II Mirrorless Camera with 24-105mm f/4-7.1 Lens","EOS R6 Mark II Mirrorless Camera with 24-105mm f/4-7.1 Lens",1400
1762615,"CA10030028RF","Canon","RF 100-300mm f/2.8 L IS USM Lens (Canon RF)","RF 100-300mm f/2.8 L IS USM Lens (Canon RF)",6000
1716503,"CA2418RF","Canon","RF 24mm f/1.8 Macro IS STM Lens","24mm f/1.8 Macro IS STM RF Lens",280
1346737,"CAEDRSL2B","Canon","EOS Rebel SL2 DSLR Camera (Black, Body Only)","EOS Rebel SL2 DSLR Camera (Black, Body Only)",150
1875412,"CA162828RF","Canon","RF 16-28mm f/2.8 IS STM Lens (Canon RF)","RF 16-28mm f/2.8 IS STM Lens (Canon RF)",500
12076,"CA20028LEF","Canon","Telephoto 200mm f/2.8 L EF USM Autofocus Lens","Telephoto 200mm f/2.8 L EF USM Autofocus Lens",250
237462,"CAA1Q","Canon","A-1 35mm SLR Manual Focus Camera Body","A-1 35mm SLR Manual Focus Camera Body",135
842870,"CAPSA2300B","Canon","PowerShot A2300 Digital Camera (Black)","PowerShot A2300 Digital Camera (Black)",50
1839349,"CACFR20EP","Canon","CF-R20EP Battery Grip with Cooling Fan & Ethernet","CF-R20EP Battery Grip with Cooling Fan & Ethernet",225
838756,"CAPSE520B","Canon","PowerShot ELPH 520 HS Digital Camera (Black)","PowerShot ELPH 520 HS Digital Camera (Black)",110
1068606,"CAPSSX400B","Canon","PowerShot SX400 IS Digital Camera (Black)","PowerShot SX400 IS Digital Camera (Black)",40
1881509,"CAPSV1","Canon","PowerShot V1 Digital Camera","PowerShot V1 Digital Camera",450
1766853,"CAPSV10VB","Canon","PowerShot V10 Vlog Camera (Black)","PowerShot V10 Vlog Camera (Black)",180
1028811,"CAPSE135B","Canon","Canon PowerShot ELPH 135 (Black)","Canon PowerShot ELPH 135 (Black)",60
1461735,"CAEDRT7L1","Canon","EOS Rebel T7 DSLR with 18-55mm and 75-300mm Lenses","EOS Rebel T7 DSLR with 18-55mm and 75-300mm Lenses",300
1427178,"CAPSSX740HSS","Canon","PowerShot SX740 HS Digital Camera (Silver)","PowerShot SX740 HS Digital Camera (Silver)",300
1110381,"CAPSSX610HSR","Canon","PowerShot SX610 HS Digital Camera (Red)","PowerShot SX610 HS Digital Camera (Red)",145
12139,"CA5014","Canon","Normal 50mm f/1.4 FD Manual Focus Lens","Normal 50mm f/1.4 FD Manual Focus Lens",100
1793388,"CA20080063IS","Canon","RF 200-800mm f/6.3-9 IS USM Lens (Canon RF)","RF 200-800mm f/6.3-9 IS USM Lens (Canon RF)",1260
1851537,"CAEC80","Canon","EOS C80 6K Full-Frame Cinema Camera (Canon RF)","EOS C80 6K Full-Frame Cinema Camera (Canon RF)",3000
255101,"CAAE1PB","Canon","AE-1 Program 35mm SLR Manual Focus Camera Body (Black)","AE-1 Program 35mm SLR Manual Focus Camera Body (Black)",135
1719262,"CAEDRT100K","Canon","EOS Rebel T100 DSLR Camera with 18-55mm Lens","EOS Rebel T100 DSLR Camera with 18-55mm Lens",150
300417,"CA2828","Canon","Wide Angle 28mm f/2.8 FD Manual Focus Lens","Wide Angle 28mm f/2.8 FD Manual Focus Lens",65
484813,"CAE1D3","Canon","EOS-1D Mark III 10.1 Megapixel Digital SLR Camera","EOS-1D Mark III 10.1 Megapixel Digital SLR Camera",175
1893569,"CA75300456RF","Canon","RF 75-300mm f/4-5.6 Lens (Canon RF)","RF 75-300mm f/4-5.6 Lens (Canon RF)",120
1733227,"CAEL5","Canon","Speedlite EL-5","Speedlite EL-5",120
1725874,"CAXA75","Canon","XA75 UHD 4K30 Camcorder with Dual-Pixel Autofocus","XA75 UHD 4K30 Camcorder with Dual-Pixel Autofocus",1300
237463,"CAAE1","Canon","AE-1 35mm SLR Manual Focus Camera Body (Chrome)","AE-1 35mm SLR Manual Focus Camera Body (Chrome)",110
1340800,"CAC200EF","Canon","EOS C200 Cinema Camera (EF-Mount)","EOS C200 Cinema Camera (EF-Mount)",850
1852753,"CA2870RF","Canon","RF 28-70mm f/2.8 IS STM Lens (Canon RF)","28-70mm f/2.8 IS STM Lens (Canon RF)",750
303886,"CAPS","Canopus","Production Suite Video Prodution Software Tools - Win","Production Suite Video Prodution Software Tools - Win",
173586,"CEDS160958","Century Precision Optics","ODS-1609-58 16:9 Widescreen Adapter Lens - 58mm","ODS-1609-58 16:9 Widescreen Adapter Lens - 58mm",
91147,"COT20","Comet","Ops-set 3 SS templates (20) w/case","OPS-SET 3 SS TEMPLATES (20) w/CASE",
14613,"COT2B","Contax","T2 35mm Autofocus Point & Shoot Camera (Black)","T2 35mm Autofocus Point & Shoot Camera (Black)",
161470,"COT2BL","Contax","T2 Limited 35mm Autofocus Point & Shoot Camera - Black Lacquer","T2 L KIT (BLACK LACQUER)",
65120,"COTVS","Contax","TVS Zoom Point & Shoot Camera","TVS Zoom Point & Shoot Camera",
1601843,"DZ35VPL","DZOFilm","VESPID 35mm T2.1 Lens (PL & EF Mounts)","VESPID 35mm T2.1 Lens (PL & EF Mounts)",350
751784,"FUFPX100","FUJIFILM","FinePix X100 Digital Camera","FinePix X100 Digital Camera",425
839139,"FU3514","FUJIFILM","XF 35mm f/1.4 R Lens","35mm f/1.4 XF R Lens",325
1003764,"FU2314","FUJIFILM","XF 23mm f/1.4 R Lens","23mm f/1.4 XF R Lens",230
966855,"FU55200","FUJIFILM","XF 55-200mm f/3.5-4.8 R LM OIS Lens","55-200mm f/3.5-4.8 R LM XF OIS Lens",260
1149207,"FUXT101855B","FUJIFILM","X-T10 Mirrorless Digital Camera with 18-55mm Lens (Black)","X-T10 Mirrorless Digital Camera with 18-55mm Lens (Black)",425
1080892,"FU5014028","FUJIFILM","XF 50-140mm f/2.8 R LM OIS WR Lens","50-140mm f/2.8 R XF LM OIS WR Lens",680
1051854,"FUWSXSC","FUJIFILM","Grip Belt GB-001 for Select X-Series Cameras and FinePix HS50EXR","Grip Belt GB-001 for Select X-Series Cameras and FinePix HS50EXR",12
985480,"FU1650B","FUJIFILM","XC 16-50mm f/3.5-5.6 OIS Lens (Black)","16-50mm f/3.5-5.6 OIS Lens (Black)",110
1263382,"FUEFX500","FUJIFILM","EF-X500 Flash","EF-X500 Flash",80
1548392,"FUXT4S","FUJIFILM","X-T4 Mirrorless Camera (Silver)","X-T4 Mirrorless Digital Camera (Body Only, Silver)",750
1437094,"FUGFX50R32LK","FUJIFILM","GFX 50R Medium Format Mirrorless Camera with 32-64mm Lens Kit","GFX 50R Medium Format Mirrorless Camera with 32-64mm Lens Kit",
1283336,"FUGFX50S","FUJIFILM","GFX 50S Medium Format Mirrorless Camera (Body Only)","GFX 50S Medium Format Mirrorless Camera (Body Only)",1100
1491910,"FU168054","FUJIFILM","XF 16-80mm f/4 R OIS WR Lens","16-80mm f/4 R OIS WR XF Lens",290
1618886,"FUXE4SK","FUJIFILM","X-E4 Mirrorless Camera with 27mm Lens (Silver)","X-E4 Mirrorless Digital Camera with XF 27mm f/2.8 R WR Lens (Silver)",750
1548393,"FUXT41855B","FUJIFILM","X-T4 Mirrorless Camera with 18-55mm Lens (Black)","X-T4 Mirrorless Digital Camera with 18-55mm Lens (Black)",875
1583635,"FU5010","FUJIFILM","XF 50mm f/1.0 R WR Lens","50mm f/1.0 R XF WR Lens",600
1618876,"FUGFX100S","FUJIFILM","GFX 100S Medium Format Mirrorless Camera","GFX 100S Medium Format Mirrorless Camera (Body Only)",2100
1424733,"FU8162.8WRB","FUJIFILM","XF 8-16mm f/2.8 R LM WR Lens","8-16mm f/2.8 R LM WR XF Lens",525
1731284,"FUXT5BS1680","FUJIFILM","X-T5 Mirrorless Camera with 16-80mm f/4 Lens (Silver)","X-T5 Mirrorless Camera with 16-80mm Lens (Silver)",1150
1726025,"FU5612R","FUJIFILM","XF 56mm f/1.2 R WR Lens","56mm f/1.2 R ""WR"" XF Lens",550
1662376,"FUXT3021855S","FUJIFILM","X-T30 II Mirrorless Camera with 18-55mm Lens (Silver)","X-T30 II Mirrorless Camera with 18-55mm Lens (Silver)",750
1662375,"FUXT302S","FUJIFILM","X-T30 II Mirrorless Camera (Silver)","X-T30 II Mirrorless Camera (Silver)",660
1708265,"FUXH2S","FUJIFILM","X-H2S Mirrorless Camera","X-H2S Mirrorless Camera",1400
1113032,"FU5023045B","FUJIFILM","XC 50-230mm f/4.5-6.7 OIS II Lens (Black)","XC 50-230mm f/4.5-6.7 OIS II Lens (Black)",180
1855421,"FU1655282","FUJIFILM","XF 16-55mm f/2.8 R LM WR II Lens","16-55mm f/2.8 R LM WR ""II"" Lens",700
1424713,"FUXF10B","FUJIFILM","XF 10 Digital Camera (Black)","XF 10 Digital Camera (Black)",425
1263624,"FUNPW126S","FUJIFILM","NP-W126S Li-Ion Battery Pack","NP-W126S Li-Ion Battery Pack",20
1541197,"FUXT200DS","FUJIFILM","X-T200 Mirrorless Digital Camera (Body Only, Dark Silver)","X-T200 Mirrorless Digital Camera (Body Only, Dark Silver)",300
1926408,"FUXC1333","FUJIFILM","XC 13-33mm f/3.5-6.3 OIS Lens (FUJIFILM X)","XC 13-33mm f/3.5-6.3 OIS Lens (FUJIFILM X)",160
1765971,"FUXF835","FUJIFILM","XF 8mm f/3.5 R WR Lens","8mm f/3.5 R WR Lens",410
1387601,"FU154535S","FUJIFILM","XC 15-45mm f/3.5-5.6 OIS PZ Lens (Silver)","XC 15-45mm f/3.5-5.6 OIS PZ Lens (Silver)",140
1662378,"FUXT3021545B","FUJIFILM","X-T30 II Mirrorless Camera with 15-45mm f/3.5-5.6 Lens (Black)","X-T30 II Mirrorless Camera with XC 15-45mm OIS PZ Lens (Black)",700
1007607,"FUXE2S","FUJIFILM","X-E2 Mirrorless Digital Camera (Silver, Body Only)","X-E2 Mirrorless Digital Camera (Silver, Body Only)",245
362298,"FRFQCNP1","Frezzi","FQC-NP1 Quick Charger for NP-1","FQC-NP1 Quick Charger for NP-1",0
193812,"GLGL2000","Glidecam","2000 PRO Camcorder Stabilizing System","Glidecam 2000 PRO Camcorder Stabilizing System",0
210067,"GLCC200","Glidecam","Camcrane 200 Camera Crane","Camcrane 200 Camera Crane",0
141721,"GLL4P","Glidecam","L4-PRO 4"" Active Matrix TFT LCD Monitor","L4-PRO 4"" Active Matrix TFT LCD Monitor for NTSC and PAL",0
1466057,"GOV1S","Godox","V1 Flash for Sony","V1 Flash for Sony",100
1466058,"GOV1F","Godox","V1 Flash for FUJIFILM","V1 Flash for FUJIFILM",95
1803863,"GOV1PROO","Godox","V1Pro O Flash for Olympus and Panasonic","V1Pro O Flash for Olympus and Panasonic",150
1803864,"GOV1PROS","Godox","V1Pro S Flash for Sony","V1Pro S Flash for Sony",165
257033,"GODS","Gossen","Digisix Ultra Compact Lightmeter","Digisix Ultra Compact Lightmeter",0
64214,"GOLPD","Gossen","Luna-Pro Digital Meter","Luna-Pro Digital Meter",0
1725357,"HA9025XCD","Hasselblad","XCD 90mm f/2.5 V Lens (Hasselblad X)","XCD 90mm f/2.5 V Lens (Hasselblad X)",2200
1487057,"HAX1D50C2","Hasselblad","X1D II 50C Medium Format Mirrorless Camera","X1D II 50C Medium Format Mirrorless Camera",1550
586338,"HIDZBD10HA","Hitachi","DZBD10HA Hybrid 30GB HDD/Blu-ray/DVD High Definition Camcorder ","DZBD10HA Hybrid 30GB HDD/Blu-ray/DVD High Definition Camcorder ",
326895,"KTKE110CC","K-Tek","KE-110CC Avalon Series Aluminum Boompole with Internal XLR Cable","KE110CC - Aluminum Boompole with Coiled Cable",75
316849,"KAT212TP","Kata","T-212 Torso-Pack","T-212 Torso-Pack",12
162787,"KAB3","Kata","Banana-3 Contour Shoulder Bag","Banana-3 Contour Shoulder Bag",0
422740,"KACC190","Kata","CC-190 GDC HDV Case","CC-190 Shoulder Case",10
446476,"KASVB","Kata","Sensitivity V Backpack","Sensitivity V Backpack",18
548348,"KACC192","Kata","CC-192 GDC HDV Case","CC-192 GDC HDV Case",10
218266,"KATS41","Kata","Tripoaction-41 Action Tripod Carrier","Tripoaction-41 Action Tripod Carrier",5
475165,"KACCC10A","Kata","CCC-10A Camcorder Case (Gray)","CCC-10A Camcorder Case (Gray)",40
426297,"KASB902","Kata","SB-902 Reporter Shoulder Case","SB-902 Reporter Shoulder Case",0
475199,"KADVG51","Kata","DVG-51 Camcorder Guard","DVG-51 Camcorder Guard",0
35492,"MICM3F","Konica Minolta","Color Meter IIIF","Color Meter IIIF",0
164834,"MI70210452AF","Konica Minolta","Zoom Telephoto AF 70-210mm f/4.5-5.6 II Autofocus Lens","70-210mm f/4.5-5.6 II Autofocus Lens",0
392010,"MIM5DK","Konica Minolta","Maxxum 5D Digital Camera Kit with 18-70mm AF DT Zoom Lens","Maxxum 5D Digital Camera Kit with 18-70mm Lens",0
173413,"MI5014AF","Konica Minolta","Normal AF 50mm f/1.4 Autofocus Lens","50mm f/1.4 N Autofocus Lens",0
35116,"MI1.4XAF","Konica Minolta","1.4x Converter (APO) Maxxum AF","1.4x Converter (APO) Maxxum AF",0
210688,"MI2410535DAF","Konica Minolta","Zoom Wide Angle-Telephoto AF D 24-105mm f/3.5-4.5 Autofocus Lens","24-105mm f/3.5-4.5 D Autofocus Lens",45
175735,"LEMLZB","Leica","Minilux Zoom Camera (Black)","Minilux Zoom Camera (Black)",175
302882,"LECM","Leica","CM Camera","CM Camera",275
860541,"LEX2B","Leica","X2 Digital Compact Camera With Elmarit 24mm f/2.8 ASPH Lens (Black)","X2 Digital Compact Camera 24mm f/2.8 Elmarit ASPH Lens (Black)",550
1046767,"LETB","Leica","T Mirrorless Digital Camera (Black)","T Mirrorless Digital Camera (Black)",325
1034145,"LEXVS","Leica","X Vario Digital Camera (Silver)","X Vario Digital Camera (Silver)",600
1249571,"LEMD262","Leica","M-D (Typ 262) Digital Rangefinder Camera","M-D (Typ 262) Digital Rangefinder Camera",2250
1442706,"LEQP","Leica","Q-P Digital Camera","Q-P Digital Camera",2000
1540177,"LEM10MBL","Leica","M10 Monochrom Rangefinder Camera","M10 Monochrom Digital Rangefinder Camera",4000
1571535,"LEM10RB","Leica","M10-R Rangefinder Camera (Black Chrome)","M10-R Digital Rangefinder Camera (Black Chrome)",4000
302885,"LESF24DB","Leica","SF 24D Flash","SF 24D Flash",200
1445092,"LEDL7","Leica","D-Lux 7 Digital Camera (Silver)","D-Lux 7 Digital Camera (Silver)",700
1369979,"LEQT116S","Leica","Q (Typ 116) Digital Camera (Silver Anodized)","Q (Typ 116) Digital Camera (Silver Anodized)",1400
1830573,"LEDL8B","Leica","D-Lux 8 Digital Camera (Black)","D-Lux 8 Digital Camera",1100
1514510,"LESL2","Leica","SL2 Mirrorless Camera (Black)","SL2 Mirrorless Camera (Black)",1600
842085,"MAVT3000","Magnus","VT-3000 Tripod System with Fluid Head","VT-3000 Tripod System with Fluid Head",30
213301,"MA3535645AF","Mamiya","35mm f/3.5 Lens for 645-AF","35mm f/3.5 Lens for 645-AF",0
213304,"MA10521045AF","Mamiya","Zoom Telephoto 105-210mm f/4.5 ULD Autofocus Lens for 645AF","105-210 f/4.5 ULD Autofocus Lens for 645AF",0
182436,"MAFB645AF","Mamiya","Film Back HM401 (120/220) for 645AF","Film Back HM401 (120/220) for 645AF",0
362023,"MAPMD660","Marantz Professional","PMD660 - Portable Compact Flash Recorder","PMD660 - Portable Compact Flash Recorder",0
147274,"MICQ","Mighty Wondercam (Videosmith)","Classic Shoulder Pod","Classic Shoulder Pod",
161423,"MI75300452AF","Minolta","Zoom Telephoto AF 75-300mm f/4.5-5.6 II Autofocus Lens","75-300mm f/4.5-5.6 II Autofocus Lens",0
1724604,"MIMND50R","Minolta","MND50 Digital Camera (Red)","MND50 Digital Camera (Red)",
279033,"ZZTEST1","Misc","Super-Vario-Elmar-SL 16-35mm f/3.5-4.5 ASPH. Lens","TEST ITEM",
36948,"NI3513535AF","Nikon","Zoom 35-135mm f/3.5-4.5N Auto Focus Lens","35-135 f/3.5-4.5N Auto Focus Lens",25
518490,"NID3","Nikon","D3 SLR Digital Camera (Camera Body)","D3 SLR Digital Camera (Camera Body)",250
36975,"NI5008","Nikon","Telephoto 500mm f/8.0 N Reflex Manual Focus Lens","500mm f/8.0 N Reflex Manual Focus Lens",90
228165,"NITC14E2","Nikon","TC-14E II 1.4x Teleconverter for D-AF-S & AF-I Lenses ONLY","TC-14EII 1.4x Teleconverter for D-AF-S",70
328114,"NI285035","Nikon","Zoom Wide Angle-Normal 28-50mm f/3.5 AIS Manual Focus Lens","28-50mm f/3.5 AIS LENS",60
364665,"NI284545AI","Nikon","Zoom 28-45mm f/4.5 AI Lens","28-45mm f/4.5 AI zoom Lens",50
328132,"NI852AI","Nikon","Telephoto 85mm f/2.0 AI Manual Focus Lens","85mm f/2.0 AI LENS",100
333758,"NI1054M","Nikon","Telephoto 105mm f/4 Micro Nikkor AIS Manual Focus Lens","105mm f/4 AIS MICRO LENS",110
520635,"NI142428GAFS","Nikon","AF-S NIKKOR 14-24mm f/2.8G ED Lens","14-24mm f/2.8 G AF-S Nikkor ED AF Lens",440
324190,"NI187035GAF","Nikon","18-70mm f/3.5-4.5 G-AFS ED-IF DX Autofocus Lens","18-70 f/3.5-4.5 G-AFS ED-IF DX Lens",30
372904,"NID2HS","Nikon","D2Hs Digital Camera","D2Hs Digital Camera",0
542463,"NID601855","Nikon","D60 SLR Digital Camera Kit with 18-55mm VR Lens","D60 SLR Digital Camera Kit with 18-55mm VR Lens",75
381797,"NI55200GAF","Nikon","AF-S DX Zoom-NIKKOR 55-200mm f/4-5.6G ED Lens","55-200 f/4-5.6G ED AF-S DX Autofocus Lens",40
592951,"NID3X","Nikon","D3x SLR Digital Camera (Body Only)","D3x SLR Digital Camera (Camera Body)",400
152102,"NI40028EDAFS","Nikon","Telephoto 400mm f/2.8 D IF-ED AF-S Auto Focus Lens","400mm f/2.8 D IF-ED AF-S Auto Focus Lens",1100
352127,"NIMB40","Nikon","MB-40 Multi-Power Battery Pack","MB-40 Multi-Power Battery Pack F/F6",100
410484,"NIR1SS","Nikon","4804 R1 Wireless Close-Up Speedlight System","R1 Wireless Close-Up Speedlight System",140
449071,"NIMBD80","Nikon","MB-D80 Multi-Power Battery Pack","MB-D80 Multi-Power Battery Pack F/D80",25
255513,"NIMBD100","Nikon","MB-D100 Vertical Grip/Battery Holder","MB-D100 Vertical Grip/Battery Holder F/D100",0
84155,"NIMB10","Nikon","MB-10 Multi-Power Vertical Grip for N90s Camera","MB-10 Vertical Grip  F/90S",0
325098,"NI2035UDAIM","Nikon","Super Wide Angle 20mm f/3.5 UD Manual Focus Lens - 72mm (AI-Modified)","20mm f/3.5 UD Manual Focus Lens 72mm (AI-Modified)",120
79364,"NI40028DEDAF","Nikon","400mm f/2.8 D-AF/i ED(IF) Autofocus Lens","400mm f/2.8 D-AF/i ED(IF) Autofocus Lens",1200
325124,"NI242AI","Nikon","Wide Angle 24mm f/2.0 AI Manual Focus Lens","24mm f/2 AIS Manual Focus Lens",175
36949,"NI3514","Nikon","NIKKOR 35mm f/1.4 Lens","35mm f/1.4 AIS Manual Focus Lens",360
66987,"NI6028DMAF","Nikon","AF Micro-NIKKOR 60mm f/2.8D Lens","60mm f/2.8 D Micro Autofocus Lens",110
37027,"NI8514","Nikon","Telephoto 85mm f/1.4 AIS Manual Focus Lens","85mm f/1.4 AIS Manual Focus Lens",225
142322,"NI7018045DAF","Nikon","Zoom Telephoto AF Zoom Micro Nikkor 70-180mm 4.5-5.6D ED AF Lens","70-180/4.5-5.6D Micro Nikkor ED AF Lens",150
37000,"NI702104AFQ","Nikon","Zoom Telephoto 70-210mm f/4-5.6 AF Autofocus Lens","70-210 f/4-5.6 AF Autofocus Lens",20
112196,"NIFM103570","Nikon","FM10 35mm SLR Camera with 35-70mm Lens","FM10 Camera Kit with 35-70/3.5-4.8mm Lens",160
37458,"NIF3HP","Nikon","F3HP 35mm SLR Manual Focus Camera Body","F3HP Manual Focus Camera Body",350
325128,"NI502AI","Nikon","Normal 50mm f/2.0 AI Manual Focus Lens","50mm f/2 AI Manual Focus Lens",55
37732,"NIMD4","Nikon","MD-4 Motor Drive for F3","MD-4 Motor Drive for F3",0
231797,"NIMD14","Nikon","MD-14 Motor Drive for FG/EM","MD-14 Motor Drive for FG/EM",20
37901,"NISB17","Nikon","SB-17 TTL Speedlight for F3 Only","SB-17 TTL Speedlight for F3 ",20
122446,"NIF5","Nikon","F5 35mm SLR Autofocus Camera Body with DP-30 Finder","F5 SLR Camera Body with DP-30 Finder",300
364662,"NI702104AF","Nikon","Zoom Telephoto 70-210mm f/4 AF Autofocus Lens","70-210 f/4 AF Autofocus Lens",45
484235,"NID801855","Nikon","D80 SLR Digital Camera Kit with 18-55mm Lens","D80 SLR Digital Camera Kit with 18-55mm Lens",0
36908,"NI203528DAF","Nikon","Zoom Super Wide Angle 20-35mm f/2.8 D-IF Aspherical Autofocus Lens","20-35 f/2.8 D-IF Aspherical Autofocus Lens",140
36893,"NI1828DAF","Nikon","Super Wide Angle AF Nikkor 18mm f/2.8D Autofocus Lens","18mm f/2.8 D Autofocus Lens",225
36905,"NI2028","Nikon","NIKKOR 20mm f/2.8 Lens","20mm f/2.8 AIS Manual Focus Lens",175
671388,"NI10X42M3TRA","Nikon","Monarch ATB 10x42 Team REALTREE Binocular (REALTREE APG HD Camo)","Monarch ATB 10x42 Team REALTREE Binocular (REALTREE APG HD Camo)",85
671384,"NI12X42M3","Nikon","Monarch ATB 12x42 Binocular (Black)","Monarch ATB 12x42 Binocular (Black)",85
675077,"NICPS8000B","Nikon","Nikon CoolPix S8000 Digital Camera (Black)","Coolpix S8000 Digital Camera",0
764100,"NID5100","Nikon","D5100 Digital SLR Camera (Body Only)","D5100 Digital SLR Camera (Body Only)",100
675073,"NICPP100","Nikon","CoolPix P100 Digital Camera (Black)","Coolpix P100 Digital Camera (Black)",75
842335,"NICPP510B","Nikon","COOLPIX P510 Digital Camera (Black)","Coolpix P510 Digital Camera",120
37719,"NIMC21","Nikon","MC-21 Extension Cord for MC20/22/30","MC-21 Extension Cord for MC20/22/30",8
410490,"NISU800","Nikon","SU-800 Wireless Speedlight Commander Unit","SU-800 Wireless Speedlight Commander Unit",60
918849,"NI80056","Nikon","AF-S NIKKOR 800mm f/5.6E FL ED VR Lens","800mm f/5.6E FL ED VR AF-S Lens",3000
1111433,"NID55001814B","Nikon","D5500 DSLR Camera with 18-140mm Lens (Black)","D5500 DSLR Camera with 18-140mm Lens (Black)",300
1010025,"NID530018140","Nikon","D5300 DSLR Camera with 18-140mm Lens (Black)","D5300 DSLR Camera with 18-140mm Lens (Black)",260
37304,"NID0F3DE2","Nikon","0 Diopter for F3AF, F3, F2 & F","0 Diopter for F3AF, F3, F2 & F",
1111442,"NI3004E","Nikon","AF-S NIKKOR 300mm f/4E PF ED VR Lens","300mm f/4E PF ED AF-S VR Lens",600
1082606,"NISB500","Nikon","SB-500 AF Speedlight","SB-500 AF Flash",100
1045736,"NI1830035VR","Nikon","AF-S DX NIKKOR 18-300mm f/3.5-6.3G ED VR Lens","18-300mm f/3.5-6.3 G ED VR AF-S Lens (67mm)",275
1111429,"NID5500B","Nikon","D5500 DSLR Camera (Body Only, Black)","D5500 DSLR Camera (Body Only, Black)",185
1166859,"NI6004EEDVR","Nikon","AF-S NIKKOR 600mm f/4E FL ED VR Lens","600mm f/4E FL ED AF-S VR Lens",3400
1082599,"NID750","Nikon","D750 DSLR Camera (Body Only)","D750 DSLR Camera (Body Only)",425
823602,"NI3011038NB","Nikon","1 NIKKOR VR 30-110mm f/3.8-5.6 Lens (Black)","30-110mm f/3.8-5.6 Lens1 NIKKOR VR (Black)",0
1431716,"NIFTZ","Nikon","FTZ Mount Adapter","FTZ Mount Adapter",50
1269658,"NI10514","Nikon","AF-S NIKKOR 105mm f/1.4E ED Lens","105mm f/1.4E AF-S ED Lens",670
1431708,"NIZ24704","Nikon","NIKKOR Z 24-70mm f/4 S Lens","24-70mm f/4 S NIKKOR Z Lens",260
1515330,"NID6","Nikon","D6 DSLR Camera (Body Only)","D6 DSLR Camera (Body Only)",2200
1511297,"NIZ50250","Nikon","NIKKOR Z DX 50-250mm f/4.5-6.3 VR Lens","50-250mm f/4.5-6.3 VR Lens NIKKOR Z",165
1629829,"NIZ9","Nikon","Z9 Mirrorless Camera","Z9 Mirrorless Digital Camera (Body Only)",2500
1433065,"NID35002LK","Nikon","D3500 DSLR Camera with 18-55mm and 70-300mm Lenses","D3500 DSLR Camera with 18-55mm and 70-300mm Lenses",325
1308820,"NID560018140","Nikon","D5600 DSLR Camera with 18-140mm Lens","D5600 DSLR Camera with 18-140mm Lens",360
1511298,"NIZ5895","Nikon","NIKKOR Z 58mm f/0.95 S Noct Lens","58mm f/0.95 S NIKKOR Z Noct Lens",3400
1598722,"NIZ722470","Nikon","Z7 II Mirrorless Camera with 24-70mm f/4 Lens","Z7 II Mirrorless Digital Camera with 24-70mm f/4 Lens",1145
1713850,"NIZ301650","Nikon","Z30 Mirrorless Camera with 16-50mm Lens","Z30 Mirrorless Camera with 16-50mm Lens",300
1762240,"NIZ1228PZ","Nikon","NIKKOR Z DX 12-28mm f/3.5-5.6 PZ VR Lens (Nikon Z)","12-28mm f/3.5-5.6 PZ VR DX Lens (Nikon Z)",180
1515331,"NI12030028ED","Nikon","AF-S 120-300mm f/2.8E FL ED SR VR Lens","AF-S 120-300mm f/2.8E FL ED SR VR Lens",2800
1953205,"NIZ70200282","Nikon","NIKKOR Z 70-200mm f/2.8 VR S II Lens (Nikon Z)","NIKKOR Z 70-200mm f/2.8 VR S II Lens (Nikon Z)",1700
1127274,"NICPP900B","Nikon","COOLPIX P900 Digital Camera","COOLPIX P900 Digital Camera",300
70636,"NIN50Q","Nikon","N50 35mm SLR Autofocus Camera Body","N50 35mm SLR Autofocus Camera Body",25
1770159,"NIZ2417","Nikon","NIKKOR Z DX 24mm f/1.7 Lens (Nikon Z)","24mm f/1.7 DX Lens (Nikon Z)",130
237504,"NIFEQ","Nikon","FE 35mm SLR Manual Focus Camera Body - Chrome","FE 35mm SLR Manual Focus Camera Body - Chrome",120
457050,"NICPS10","Nikon","Coolpix S10 Digital Camera","Coolpix S10 Digital Camera",60
36946,"NI3510535AF","Nikon","Zoom Wide Angle-Telephoto 35-105mm f/3.5-4.5 Autofocus Lens","Zoom Wide Angle-Telephoto 35-105mm f/3.5-4.5 Autofocus Lens",25
1029620,"NICPS9700B","Nikon","COOLPIX S9700 Digital Camera (Black)","COOLPIX S9700 Digital Camera (Black)",120
1860621,"NIZ502","Nikon","Z50 II Mirrorless Camera","Z50 II Mirrorless Camera",485
910080,"NICPS6500R","Nikon","COOLPIX S6500 Digital Camera (Red)","COOLPIX S6500 Digital Camera (Red)",100
730870,"NIENEL14","Nikon","EN-EL14 Lithium-Ion Battery (1030mAh)","EN-EL14 Lithium-Ion Battery (1030mAh)",5
258059,"NI7515035AIS","Nikon","Zoom Telephoto 70-150mm f/3.5 AIS Manual Focus Lens - E Series","Zoom Telephoto 70-150mm f/3.5 AIS Manual Focus Lens - E Series",35
936338,"NICPS3500R","Nikon","COOLPIX S3500 Digital Camera (Red)","COOLPIX S3500 Digital Camera (Red)",75
312916,"NIFM2CQ","Nikon","FM2 35mm SLR Manual Focus Camera Body (Chrome)","FM2 35mm SLR Manual Focus Camera Body (Chrome)",225
258037,"NI2828AISE","Nikon","Wide Angle 28mm f/2.8 AIS Manual Focus Lens - E-Series","28mm f/2.8 AIS Manual Focus Lens - E-Series",60
1067867,"NIMH25A","Nikon","MH-25a Battery Charger","MH-25a Battery Charger",20
1029613,"NICPAW120O","Nikon","COOLPIX AW120 Waterproof Digital Camera (Orange)","COOLPIX AW120 Waterproof Digital Camera (Orange)",100
842345,"NICPS3300PU","Nikon","Coolpix S3300 Digital Camera (Purple)","Coolpix S3300 Digital Camera (Purple)",55
1120469,"NICPP610B","Nikon","COOLPIX P610 Digital Camera (Black)","COOLPIX P610 Digital Camera (Black)",125
38010,"NITC14B","Nikon","TC-14B 1.4x Teleconverter AIS","TC-14B 1.4x Teleconverter AIS",25
36882,"NI1352DCAF","Nikon","Telephoto 135mm f/2 AF DC Autofocus Lens","Telephoto 135mm f/2 AF DC Autofocus Lens",300
1789975,"NIZ60063","Nikon","NIKKOR Z 600mm f/6.3 VR S Lens (Nikon Z)","NIKKOR Z 600mm f/6.3 VR S Lens (Nikon Z)",2600
36980,"NI5018AF","Nikon","Normal AF Nikkor 50mm f/1.8 Autofocus Lens","Normal AF Nikkor 50mm f/1.8 Autofocus Lens",45
36971,"NI5004ED","Nikon","Telephoto 500mm f/4.0 P ED IF AIS Manual Focus Lens","Telephoto 500mm f/4.0 P ED IF AIS Manual Focus Lens",400
675105,"NICPS6000R","Nikon","CoolPix S6000 Digital Camera (Red)","CoolPix S6000 Digital Camera (Red)",50
1860527,"NIZFO","Nikon","Zf Mirrorless Camera (Orange)","Zf Mirrorless Camera (Orange)",1000
685759,"NID3000","Nikon","D3000 SLR Digital Camera Body","D3000 SLR Digital Camera Body",60
1688415,"OMOM1","OM SYSTEM","OM-1 Mirrorless Camera","OM-1 Mirrorless Camera",750
1744200,"OM141502","OM SYSTEM","M.Zuiko Digital ED 14-150mm f/4-5.6 II Lens","M.Zuiko Digital ED 14-150mm f/4-5.6 II Lens",250
1831231,"OM7530048II","OM SYSTEM","M.Zuiko Digital ED 75-300mm f/4.8-6.7 II Lens","M.Zuiko Digital ED 75-300mm f/4.8-6.7 II Lens",200
1817759,"OM121004P","OM SYSTEM","M.Zuiko Digital ED 12-100mm f/4 IS PRO Lens","M.Zuiko Digital ED 12-100mm f/4 IS PRO Lens",580
546539,"OL143520","Olympus","Zuiko Digital ED 14-35mm f/2.0 SWD Lens","14-35 f/2.0 ED SWD Zoom Lens for Olympus Digital",400
564504,"OLEE520","Olympus","E-520 SLR Digital Camera (Camera Body) ","E-520 SLR Digital Camera (Camera Body) ",0
564508,"OLEE5201442","Olympus","E-520 SLR Digital Camera Kit with 14-42mm Lens ","E-520 SLR Digital with 14-42mm Zuiko ED Lens ",0
301903,"OLE1","Olympus","E-1 Digital Camera (Camera Body)","E-1 Digital Camera (Camera Body)",0
631658,"OL144235B","Olympus","M.ZUIKO Digital ED 14-42mm f/3.5-5.6 Micro 4/3 Zoom (Black)","14-42mm f3.5-5.6 ED Lens For E-P1/2",50
750138,"OLSZ30S","Olympus","SZ-30MR Digital Camera","SZ-30MR Digital Camera",0
805167,"OL1220","Olympus","M.Zuiko Digital ED 12mm f/2 Lens (Silver)","12mm f/2.0 ED MICRO 4/3 Lens (Silver)",150
734744,"OLE5","Olympus","E-5 DSLR Camera (Body Only)","E-5 DSLR Camera (Body Only)",0
590390,"OL145428II","Olympus","14-54mm f/2.8-3.5 II Zuiko Digital Zoom Lens","14-54mm f/2.8-3.5 ""II"" Zuiko Digital Zoom Lens",0
827291,"OL401504B","Olympus","M.Zuiko Digital ED 40-150mm f/4-5.6 R Lens (Black)","40-150mm f/4.0-5.6 ""R"" ED Lens (Black) 4/3",60
835398,"OL125035B","Olympus","M.Zuiko Digital ED 12-50mm f/3.5-6.3 EZ Lens","12-50mm f/3.5-6.3 ED M.Zuiko EZ Micro 4/3 Lens ",100
675005,"OLVF2","Olympus","VF-2 Electronic Viewfinder (Black)","VF-2 Electronic Viewfinder (Black)",50
1082046,"OL4015028B","Olympus","M.Zuiko Digital ED 40-150mm f/2.8 PRO Lens","40-150mm f/2.8 m-4/3 DIGITAL ED PRO Lens",525
1005031,"OL158S","Olympus","15mm f/8.0 Body Cap Lens (Silver)","15mm f/8.0 Body Cap Lens (Silver)",15
971370,"OLEP5S","Olympus","PEN E-P5 Mirrorless Micro Four Thirds Digital Camera Body (Silver)","E-P5 PEN Mirrorless Micro Four Thirds Digital Camera Body (Silver)",200
1137220,"OLEPL61442B","Olympus","PEN E-PL6 Mirrorless Micro Four Thirds Digital Camera with 14-42mm Lens (Black)","E-PL6 Mirrorless M-4/3 Digital Camera with 14-42mm Lens (Black)",0
1026111,"OLEM10B","Olympus","OM-D E-M10 Mirrorless Micro Four Thirds Digital Camera (Body Only, Black)","OM-D E-M10 Mirrorless Micro4/3 Digital Camera (Body Only, Black)",140
1179098,"OLEM10M2S","Olympus","OM-D E-M10 Mark II Mirrorless Micro Four Thirds Digital Camera (Body Only, Silver)","OM-D E-M10 Mark II Mirrorless Micro 4/3 Digital Camera (Body Only, Silver)",175
1026112,"OLEM10S","Olympus","OM-D E-M10 Mirrorless Micro Four Thirds Digital Camera (Body Only, Silver)","OM-D E-M10 Mirrorless Micro 4/3 Digital Camera (Body Only, Silver)",150
808155,"OL144235IIB","Olympus","M.Zuiko Digital 14-42mm f/3.5-5.6 II R Lens (Black)","14-42mm f/3.5-5.6 II R Lens (Black)",60
1281427,"OL121004ED","Olympus","M.Zuiko Digital ED 12-100mm f/4 IS PRO Lens","12-100mm f/4 ED PRO M.Zuiko Digital ED  Lens",550
1210734,"OL3004PRO","Olympus","M.Zuiko Digital ED 300mm f/4 IS PRO Lens","M.Zuiko Digital ED 300mm f/4 IS PRO Lens",1200
1366998,"OL1712ED","Olympus","M.Zuiko Digital ED 17mm f/1.2 PRO Lens","17mm f/1.2 PRO M.Zuiko Digital ED Lens",425
1450952,"OLEM1XB","Olympus","OM-D E-M1X Mirrorless Camera","OM-D E-M1X Mirrorless Digital Camera (Body Only)",375
1576153,"OL100400B","Olympus","M.Zuiko Digital ED 100-400mm f/5-6.3 IS Lens","100-400mm f/5-6.3 M.Zuiko Digital ED IS Lens",405
1540739,"OLEM13","Olympus","OM-D E-M1 Mark III Mirrorless Camera","OM-D E-M1 Mark III Mirrorless Digital Camera (Body Only)",420
1351010,"OLEM10M314B","Olympus","OM-D E-M10 Mark III Mirrorless Micro Four Thirds Digital Camera with 14-42mm EZ Lens (Black)","OM-D E-M10 Mark III Mirrorless Micro Four Thirds Digital Camera with 14-42mm EZ Lens (Black)",
1576157,"OLEM10M414B","Olympus","OM-D E-M10 Mark IV Mirrorless Camera with 14-42mm EZ Lens (Black)","OM-D E-M10 Mark IV Mirrorless Camera with 14-42mm EZ Lens (Black)",400
517050,"PADMCFZ18KK2","Panasonic","Lumix DMC-FZ18 Digital Camera (Black) with Deluxe Accessory Kit","Lumix DMC-FZ18 Digital Camera",0
483661,"PADMCFZ8K","Panasonic","Lumix DMC-FZ8 Digital Camera (Black)","Lumix DMC-FZ8 Digital Camera ",40
449769,"PADMCLX1K1","Panasonic","Lumix DMC-LX1 Digital Camera (Black)","Lumix DMC-LX1 Digital Camera",0
597289,"PAHDCSD20K","Panasonic","HDC-SD20 SD Card Full HD Camcorder ","HDC-SD20 SD Card High Definition Camcorder ",0
536078,"PAHDCHS9","Panasonic","HDC-HS9 Hybrid 60GB HDD/Flash Memory High Definition Camcorder","HDC-HS9 Hybrid 60GB HDD/Flash Memory High Definition Camcorder",20
477384,"PAHDCSD1","Panasonic","HDC-SD1 AVCHD 3CCD High Definition SD/SDHC Camcorder","HDC-SD1 3CCD High Definition Camcorder",0
536077,"PAHDCSD9","Panasonic","HDC-SD9  SDHC Flash Memory Camcorder","HDC-SD9  High Definition Camcorder",0
447061,"PASDRS150","Panasonic","SDR-S150 3-CCD SD Camcorder","SDR-S150 3-CCD SD Camcorder",0
625605,"PAAGHMC40","Panasonic","AG-HMC40 AVCCAM HD Camcorder","AG-HMC40 AVCCAM HD Camcorder",0
547654,"PAMC70","Panasonic","MC-70 Phantom Powered Shotgun Microphone","MC-70 Phantom Powered Shotgun Microphone",0
674190,"PAHDCSD60K","Panasonic","HDC-SD60 High Definition Camcorder (Black)","HDC-SD60 High Definition Camcorder (Black)",0
575450,"PAHDCHS100K","Panasonic","HDC-HS100 Full-High Definition Camcorder ","HDC-HS100 60GB HDD/SD High Definition Camcorder",0
648490,"PADMCGF1B","Panasonic","Lumix DMC-GF1 Digital Camera with 14-45mm f/3.5-5.6 Lens","DMC-GF1 Digital Camera with 14-45mm f/3.5-5.6 Lens",140
608940,"PADMCGH1BQ","Panasonic","Lumix DMC-GH1 Digital Camera (Black) with 14-140mm Lens","DMC-GH1 Digital Camera with 14-140mm Lens",220
449466,"PADMWLC55","Panasonic","DMW-LC55 55mm Close Up Lens","DMW-LC55 55mm Close Up Lens",10
551378,"PADMWLA3","Panasonic","DMW-LA3 Lens Adapter for Panasonic DMC-FZ35, DMC-FZ18 & DMC-FZ28","DMW-LA3 Lens Adapter for Panasonic DMC",5
749857,"PAHDCTM41H","Panasonic","HDC-TM41 HD Camcorder (Gray)","HDC-TM41 HD Camcorder (Gray)",0
749863,"PAHDCTM90","Panasonic","HDC-TM90 High Definition Camcorder","HDC-TM90 High Definition Camcorder",50
723288,"PADMCLX5B","Panasonic","Lumix DMC-LX5 Digital Camera (Black)","Lumix DMC-LX5 Digital Camera ",100
749962,"PADMCFH2B","Panasonic","Lumix DMC-FH2 Digital Camera (Black)","Lumix DMC-FH2 Digital Camera",0
818960,"PA144235XB","Panasonic","LUMIX G X Vario PZ 14-42mm f/3.5-5.6 Power O.I.S. Lens (Black)","14-42mm f/3.5-5.6 GX Vario PZ O.I.S. Lens ",170
740320,"PADMCGF2KK","Panasonic","Lumix DMC-GF2 Digital Micro Four Thirds Camera W/14-42mm Lens (Black)","DMC-GF2 Digital Micro Four Thirds W/14-42mm Lens (Black)",0
968587,"PA141403556B","Panasonic","Lumix G Vario 14-140mm f/3.5-5.6 ASPH. POWER O.I.S. Lens (Black)","14-140mm f/3.5-5.6 ASPH. POWER O.I.S. Lens (Black)",175
1182743,"PA141403556M","Panasonic","Lumix G Vario 14-140mm f/3.5-5.6 ASPH. POWER O.I.S. Lens","14-140mm f/3.5-5.6 ASPH. POWER O.I.S. Lens (Matte Black)",205
1082159,"PA351004","Panasonic","LUMIX G Vario 35-100mm f/4-5.6 ASPH. MEGA O.I.S. Lens","35-100mm f/4.0-5.6 ASPH. MEGA O.I.S. Lens",125
1182677,"PA2517","Panasonic","LUMIX G 25mm f/1.7 ASPH. Lens","25mm f/1.7 ASPH. Lens",115
1061099,"PAAGAC90A","Panasonic","AG-AC90A AVCCAM Handheld Camcorder","AG-AC90A AVCCAM Handheld Camcorder",0
1148282,"PADMCG7KB","Panasonic","LUMIX G7 Mirrorless Camera with 14-42mm Lens (Black)","DMC-G7 Mirrorless Micro 4/3 Digital Camera with 14-42mm Lens (Black)",200
880962,"PA45150B","Panasonic","Lumix G Vario 45-150mm f/4-5.6 ASPH. MEGA O.I.S. Lens (Black)","45-150mm f/4-5.6 ASPH. MEGA O.I.S. Lens (Black)",60
731983,"PA835","Panasonic","LUMIX G Fisheye 8mm f/3.5 Lens","8mm/F3.5 Lumix G Fisheye Lens",210
1112992,"PADMCGF7B","Panasonic","Lumix DMC-GF7 Mirrorless Micro Four Thirds Digital Camera with 12-32mm f/3.5-5.6 ASPH. Lens (Black and Silver)","Lumix DMC-GF7 Mirrorless Micro Four Thirds Digital Camera with 12-32mm f/3.5-5.6 ASPH. Lens (Black and Silver)",
1029858,"PADMWFL580L","Panasonic","LUMIX DMW-FL580L External Flash","DMW-FL580L External Flash",160
1280827,"PADMCFZ2500","Panasonic","Lumix DMC-FZ2500 Digital Camera","Lumix DMC-FZ2500 Digital Camera",400
1460257,"PADCFZ1000M2","Panasonic","Lumix DC-FZ1000 II Digital Camera","DC-FZ1000 II Digital Camera",375
1280826,"PADMCLX10B","Panasonic","Lumix DMC-LX10 Digital Camera","Lumix DMC-LX10 Digital Camera",400
1211807,"PAHCW580K","Panasonic","HC-W580K HD Camcorder with Twin Camera","HC-W580K Full HD Camcorder with Twin Camera",150
1304870,"PA452004A","Panasonic","Lumix G Vario 45-200mm f/4-5.6 II POWER O.I.S. Lens","45-200mm f/4-5.6 ""II"" POWER O.I.S. Lens",160
1742428,"PADCS5M2","Panasonic","Lumix S5 II Mirrorless Camera","Lumix S5 II Mirrorless Camera",880
1213207,"PADMCZS100S","Panasonic","Lumix DMC-ZS100 Digital Camera (Silver)","Lumix DMC-ZS100 Digital Camera (Silver)",300
1109400,"PADMCTS30A","Panasonic","Lumix DMC-TS30 Digital Camera (Blue)","Lumix DMC-TS30 Digital Camera (Blue)",100
1743638,"PADCS5M2XKK","Panasonic","Lumix S5 IIX Mirrorless Camera with 20-60mm Lens","Lumix S5 IIX Mirrorless Camera with 20-60mm Lens",1000
1869316,"PADCZS99K","Panasonic","ZS99 Digital Camera (Black)","ZS99 Digital Camera (Black)",300
838471,"PADMCFH8R","Panasonic","LUMIX FH8 Digital Camera (Red)","LUMIX FH8 Digital Camera (Red)",50
838496,"PADMCFH8S","Panasonic","LUMIX FH8 Digital Camera (Silver)","LUMIX FH8 Digital Camera (Silver)",50
996038,"PADMCFZ70B","Panasonic","Lumix DMC-FZ70 Digital Camera","Lumix DMC-FZ70 Digital Camera",140
1945158,"PADCS1M2B9","Panasonic","LUMIX S1 II Mirrorless Camera","LUMIX S1 II Mirrorless Camera",1700
1786252,"PA35100DG","Panasonic","Leica DG Vario-Elmarit 35-100mm f/2.8 POWER O.I.S. Lens","Leica DG Vario-Elmarit 35-100mm f/2.8 POWER O.I.S. Lens",475
1786253,"PA100400DG","Panasonic","Leica DG Vario-Elmar 100-400mm f/4-6.3 II ASPH. POWER O.I.S. Lens","Leica DG Vario-Elmar 100-400mm f/4-6.3 II ASPH. POWER O.I.S. Lens",700
910501,"PADMCZS30S","Panasonic","Lumix DMC-ZS30 Digital Camera (Silver)","Lumix DMC-ZS30 Digital Camera (Silver)",80
1709167,"PAHCV785K","Panasonic","HC-V785K Full HD Camcorder","HC-V785K Full HD Camcorder",260
736343,"PADMCGH2B","Panasonic","Lumix DMC-GH2 Mirrorless Micro Four Thirds Digital Camera (Black)","Lumix DMC-GH2 Mirrorless Micro Four Thirds Digital Camera (Black)",80
566270,"PEDVCB","Pearstone","Digital Video Camcorder Bag","Digital Video Camcorder Bag",17
438218,"PEK100D1855","Pentax","K100D Digital Camera Kit with Pentax SMCP-DA 18-55mm AL AF Lens","K100D Digital Camera with Pentax SMCP-DA 18-55 AL AF Lens",0
351697,"PE10028MDFA","Pentax","smc P-D FA 100mm f/2.8 Macro Autofocus Lens","100mm f/2.8 Macro SMCP-D FA Autofocus Lens",120
222172,"PEAF360FGZ","Pentax","AF360FGZ Flash","AF-360 FGZ P-TTL Shoe Mount Flash",35
399856,"PEAF540FGZ","Pentax","AF-540 FGZ P-TTL Shoe Mount Flash","AF-540 FGZ P-TTL Shoe Mount Flash",65
277560,"PE67PP","Pentax","67 Medium Format SLR Camera Body with NON-Metered Prism Finder","67 Camera Body with (Non-Metered) Prism Finder",0
40775,"PE7545S67","Pentax","SMCP-67 75mm f/4.5 Shift","75mm f/4.5 ""Shift "" Lens For 67",200
40733,"PE2X67","Pentax","Tele-Converter 2X Rear Converter","2X Rear Tele-Converter",0
351693,"PE185535DA","Pentax","SMCP-DA 18-55mm f/3.5-5.6 AL Autofocus Lens","18-55 f/3.5-5.6 AL SMCP-DA Autofocus Lens",15
394223,"PE3118FAB","Pentax","smcP FA 31mm f/1.8 Limited Lens (Black)","31mm f/1.8 SMCP-FA AL Limited Autofocus Lens (BLK)",235
315380,"PE16454ED","Pentax","SMCP-DA 16-45mm f/4.0 ED AL Autofocus Lens for Digital Camera","16-45 f/4 ED DA AL Zoom Lens",55
40766,"PE645","Pentax","645 Medium Format SLR Manual Focus Camera Body (WITHOUT Insert)","645 Manual Focus Camera Body (WITHOUT Insert)",0
119686,"PE67FTTLP","Pentax","67 Medium Format SLR Camera Body with TTL Metered Prism Finder","67 Camera Body with TTL Metered Prism Finder",0
40649,"PE1354M67","Pentax","SMCP-67 135mm f/4 6x7 Macro","135mm f/4 Macro SMC lens For 67",75
333816,"PE15028T67","Pentax","Telephoto 150mm f/2.8 SMC Takumar Lens for 67","150mm f/2.8 SMC Takumar Lens for 67",75
622079,"PEK7","Pentax","K-7 SLR Digital Camera (Body Only)","K7 SLR Digital Camera Body",0
674367,"PE10028MDFAW","Pentax","smc Pentax-D FA 100mm f/2.8 WR Macro Lens","100mm f/2.8 D FA WR Macro Lens",110
594199,"PE602504DA","Pentax","Zoom Telephoto 60-250mm f/4 ED DA* SDM Autofocus Lens","60-250mm f/4 ED DA* SDM Autofocus Lens",200
1187673,"PE247028","Pentax","HD Pentax-D FA 24-70mm f/2.8ED SDM WR Lens","24-70mm f/2.8ED D FA SDM WR Lens",320
1089881,"PE168535","Pentax","HD PENTAX DA 16-85mm f/3.5-5.6 ED DC WR Lens","16-85mm f/3.5-5.6 ED DC DA WR Lens",175
1116308,"PE185045DA","Pentax","HD PENTAX DA 18-50mm f/4.0-5.6 DC WR RE Lens","18-50mm f/4.0-5.6 DC WR DA RE Lens",60
1117718,"PE7020028","Pentax","HD PENTAX D FA* 70-200mm f/2.8 ED DC AW Lens","70-200mm f/2.8 ED D FA DC AW Lens",700
1419886,"PE5014SDM","Pentax","HD FA 50mm f/1.4 SDM AW Lens","50mm f/1.4 SDM AW HD FA Lens",275
1045517,"PE645Z","Pentax","645Z Medium Format DSLR Camera","645Z Medium Format DSLR Camera (Body Only)",
1590490,"PEK1M2S","Pentax","K-1 Mark II DSLR Camera (Silver Edition)","K-1 Mark II DSLR Camera (Silver Edition)",645
1626693,"PE3118B","Pentax","HD Pentax-FA 31mm f/1.8 Limited (Black)","31mm f/1.8 HD-FA Limited (Black)",350
234446,"PE3118FAS","Pentax","Wide Angle SMCP-FA 31mm f/1.8 AL Limited Autofocus Lens","31mm f/1.8 AL Limited SMCP-FA Lens (SLVR)",230
337758,"PEMEB","Pentax","ME 35mm SLR Manual Focus Camera Body (Black, K-Mount)","ME 35mm SLR Manual Focus Camera Body (Black, K-Mount)",45
124206,"PEK1000SE","Pentax","K1000 SE 35mm SLR Manual Focus Camera Body","K1000 SE 35mm SLR Manual Focus Camera Body",120
1313217,"PEKPB","Pentax","KP DSLR Camera (Body Only, Black)","KP DSLR Camera (Body Only, Black)",350
375657,"PODVO2U","PortaBrace","DVO-2 DV Organizer Camera Case (Signature Blue)","DVO-2 DV Organizer Camera Case (Signature Blue)",0
1768344,"REKOMXB","RED DIGITAL CINEMA","KOMODO-X 6K Digital Cinema Camera (Canon RF, Black)","KOMODO-X 6K Digital Cinema Camera (Canon RF, Black)",3000
1110674,"RO1352SE","Rokinon","135mm f/2.0 ED UMC Lens for Sony E Mount","135mm f/2.0 ED UMC Lens for Sony E Mount",0
886556,"RO8FELCHD","Rokinon","8mm f/3.5 HD Fisheye Lens with Removable Hood for Canon","8mm f/3.5 HD Fisheye Lens with Removable Hood for Canon",75
1110672,"RO1352C","Rokinon","135mm f/2.0 ED UMC Lens (Canon EF)","135mm f/2.0 ED UMC Lens (Canon EF)",180
1246780,"RO2435SN","Rokinon","T-S 24mm f/3.5 ED AS UMC Tilt-Shift Lens for Sony E","T-S 24mm f/3.5 ED AS UMC Tilt-Shift Lens for Sony E",260
1366954,"RO3514FSE","Rokinon","AF 35mm f/1.4 FE Lens for Sony E","AF 35mm f/1.4 FE Lens for Sony E",180
1585080,"RODSX50C","Rokinon","50mm T1.5 DSX High-Speed Cine Lens (EF Mount)","50mm T1.5 ""DSX"" High-Speed Cine Lens (EF Mount)",125
142172,"SEL508","Sekonic","L-508 Zoom Master Multi-Function Light Meter","L-508 Zoom Master Multi-Function Light Meter",160
154474,"SEL508C","Sekonic","L-508C Cine Zoom Master Meter","L-508C Cine Zoom Master Meter",150
224712,"SEL608C","Sekonic","L-608C Cine Super Zoom Master Meter","L-608C Cine Super Zoom Master Meter",250
73098,"SEME64K6","Sennheiser","ME 64 Cardioid Condenser Mic Capsule with K6 Powering Module (Phantom/Battery)","ME64/K6 - Cardioid Mic Capsule with K6",120
73099,"SEME65K6","Sennheiser","ME65/K6 - Super-Cardioid Mic Capsule with K6","ME65/K6 - Super-Cardioid Mic Capsule with K6",60
157058,"SHMX418DC","Shure","MX418D/C Desktop-Mounted 18"" Cardioid Gooseneck Microphone with Preamp","MX418DC - 18"" Desk-Top Cardioid Gooseneck Microphone",135
419571,"SI177028DCNA","Sigma","17-70mm f/2.8-4.5 DC Macro Lens for Nikon Digital Cameras","17-70 f/2.8-4.5 DC Macro Lens for Nikon Digital ",65
549301,"SI70300456N","Sigma","70-300mm f/4-5.6 DG Macro Lens for Nikon F","70-300 f/4-5.6 DG HSM Macro Lens for Nikon AF",40
509949,"SI185035DNAF","Sigma","18-50mm f/3.5-5.6 DC HSM Lens for Nikon Digital","18-50 f/3.5-5.6 DC HSM Lens for Nikon Digital",30
514741,"SI177028DCN","Sigma","17-70mm f/2.8-4.5 DC Macro Lens for Nikon Digital Cameras","17-70 f/2.8-4.5 DC Macro HSM Lens for Nikon Digital ",60
335762,"SI5520045CAF","Sigma","55-200mm f/4-5.6 DC Lens for Digital EOS","55-200 f/4-5.6 DC Lens for Digital EOS",50
148505,"SI5028MCAF","Sigma","Normal 50mm f/2.8 EX Macro Autofocus Lens for Canon EOS","50mm f/2.8 EX Macro Lens for Canon EOS",50
535762,"SI1028EXDCN","Sigma","10mm f/2.8 EX DC HSM Fisheye Lens for Nikon DX Digital Cameras","10mm f/2.8 EX DC HSM Fisheye Lens for Nikon Digital",90
179379,"SI1528NAF","Sigma","Fisheye 15mm f/2.8 EX Fisheye Autofocus Lens for Nikon AF-D","15mm f/2.8 EX Fisheye Lens for Nikon AF",125
341927,"SI5028MDGNAF","Sigma","50mm f/2.8 EX DG Macro Autofocus Lens for Nikon AF","50mm f/2.8 EX ""DG"" Macro Lens for Nikon AF",80
407595,"SI1528DGNAF","Sigma","15mm f/2.8 EX DG Diagonal Fisheye Lens for Nikon F","15mm f/2.8 EX DG Fisheye Lens for Nikon AF",90
397513,"SI1705005DCA","Sigma","70-500mm f/5-6.3 APO DG Aspherical AF Lens","170-500 f/5-6.3 APO DG Lens for Canon EOS",220
485226,"SI1820035C","Sigma","18-200mm f/3.5-6.3 DC OS Lens for Canon Digital EOS","18-200 f/3.5-6.3 DC OS Lens for Canon Digital ",80
380686,"SI5050046CAF","Sigma","50-500mm f/4-6.3 EX DG HSM AF Lens for Canon EOS","50-500 f/4.0-6.3 EX DG HSM Lens for Canon AF",250
435161,"SI7020028DMN","Sigma","70-200mm f/2.8 EX DG APO Macro HSM AF Lens for Nikon AF","70-200mm f/2.8 EX DG APO Macro HSM Lens for Nikon AF",180
145097,"SI1.4XCAF","Sigma","1.4x EX APO Teleconverter for Canon EOS","1.4x EX APO Teleconverter for Canon EOS",40
231671,"SI153035NAF","Sigma","Zoom Super W/A 15-30mm f/3.5-4.5 EX Aspherical DG DF AF Lens","15-30 f/3.5-4.5 EX Asph DG DF Lens for Nikon AF",70
407594,"SI1528DGMAF","Sigma","15mm f/2.8 EX DG Diagonal Fisheye Autofocus Lens for Sony Alpha Mount","15mm f/2.8 EX DG Fisheye Lens Sony/minolta",145
622373,"SI185028DON","Sigma","18-50mm f/2.8-4.5 DC OS HSM Zoom For Nikon D-SLRs","18-50mm f/2.8-4.5 DC OS  HSM Zoom For Nikon D-SLRs",60
549240,"SI1812535OSC","Sigma","18-125mm f/3.8-5.6 DC OS HSM Lens for Canon Digital EOS","18-125mm f/3.8-5.6 DC OS HSM Lens canon ",95
909803,"SI1770284DCS","Sigma","17-70mm f/2.8-4 DC Macro HSM Contemporary Lens for Sony A","17-70mm f/2.8-4 DC Macro HSM Lens for Sony (new)",125
918893,"SI3014DCHSMN","Sigma","30mm f/1.4 DC HSM Art Lens for Nikon F","30mm f/1.4 DC HSM Lens for Nikon Digital ",160
727170,"SI8514N","Sigma","85mm f/1.4 EX DG HSM Lens For Nikon Digital SLR Cameras","85mm f/1.4 EX DG HSM Lens For Nikon Digital ",165
852002,"SI1928DNSE","Sigma","19mm f/2.8 EX DN Lens for Sony E Mount Camera","19mm f/2.8 EX DN Lens for Sony E Mount Camera",45
1082155,"SI1506005CN","Sigma","150-600mm f/5-6.3 DG OS HSM Contemporary Lens for Nikon F","150-600mm f/5-6.3 DG OS HSM Contemporary Lens for Nikon AF",460
689624,"SI175028PE","Sigma","17-50mm f/2.8 EX DC HSM Lens for Pentax K","17-50mm f/2.8 EX DC HSM Zoom Lens for Pentax",120
1121080,"SI2414DGSO","Sigma","24mm f/1.4 DG HSM Art Lens for Sony A","24mm f/1.4 DG HSM Art Lens for Sony A",275
609115,"SI1825035CP","Sigma","18-250mm f/3.5-6.3 DC OS HSM Autofocus Zoom Lens For Pentax Cameras","18-250mm f/3.5-6.3 DC ""OS"" HSM Autofocus Zoom Lens For Pentax",85
1082153,"SI1506005CS","Sigma","150-600mm f/5-6.3 DG OS HSM Contemporary Lens for Sigma SA","150-600mm f/5-6.3 DG OS HSM Contemporary Lens for Sigma SA",325
755336,"SI12030028S","Sigma","120-300mm f/2.8 EX DG OS APO HSM AF Lens (For Sony)","120-300mm f/2.8 EX DG ""OS"" APO HSM AF Lens (For Sony)",645
1162798,"SI24352DGC","Sigma","24-35mm f/2 DG HSM Art Lens for Canon EF","24-35mm f/2 DG HSM Art Lens for Canon EF",275
1045485,"SI5014ASO","Sigma","50mm f/1.4 DG HSM Art Lens for Sony A","50mm f/1.4 DG HSM Art Lens for Sony A",150
967345,"SI183518DCN","Sigma","18-35mm f/1.8 DC HSM Art Lens for Nikon F","18-35mm f/1.8 DC HSM Lens for Nikon AF",280
983905,"SI183518DCSO","Sigma","18-35mm f/1.8 DC HSM Art Lens for Sony A","18-35mm f/1.8 DC HSM Lens for Sony Alpha",200
727173,"SI8514SI","Sigma","85mm f/1.4 EX DG HSM Lens For Sigma Digital SLR Cameras","85mm f/1.4 EX DG HSM Lens For Sigma Digital SLR Cameras",200
1321309,"SI247028EF","Sigma","24-70mm f/2.8 DG OS HSM Art Lens (Canon EF)","24-70mm f/2.8 DG OS HSM Art Lens for Canon EF",680
1393491,"SI2414SO","Sigma","24mm f/1.4 DG HSM Art Lens for Sony E","24mm f/1.4 DG HSM Art Lens for Sony E",250
1393493,"SI5014SO","Sigma","50mm f/1.4 DG HSM Art Lens for Sony E","50mm f/1.4 DG HSM Art Lens for Sony E",300
1390819,"SI142428N","Sigma","14-24mm f/2.8 DG HSM Art Lens for Nikon F","14-24mm f/2.8 DG HSM Art Lens for Nikon F",480
1393490,"SI2014SO","Sigma","20mm f/1.4 DG HSM Art Lens for Sony E","20mm f/1.4 DG HSM Art Lens for Sony E",240
1636130,"SI3514SE","Sigma","35mm f/1.4 DG DN Art Lens for Sony E","35mm f/1.4 DG ""DN"" Art Lens for Sony E",450
1636131,"SI3514LM","Sigma","35mm f/1.4 DG DN Art Lens for Leica L","35mm f/1.4 DG DN Art Lens for Leica L",400
1568623,"SI100400E","Sigma","100-400mm f/5-6.3 DG DN OS Contemporary Lens (Sony E)","100-400mm f/5-6.3 DG DN OS Contemporary Lens for Sony E",450
1510007,"SI3014EFM","Sigma","30mm f/1.4 DC DN Contemporary Lens (Canon EF-M)","30mm f/1.4 DC DN Contemporary Lens for Canon EF-M",120
1605135,"SI352L","Sigma","35mm f/2 DG DN Contemporary Lens for Leica L","35mm f/2 DG DN Contemporary Lens for Leica L",250
1516476,"SI247028L","Sigma","24-70mm f/2.8 DG DN Art Lens for Leica L","24-70mm f/2.8 DG DN Art Lens for Leica L",445
1463166,"SI2814L","Sigma","28mm f/1.4 DG HSM Art Lens (L-Mount)","28mm f/1.4 DG HSM Art Lens for Leica L",345
1393488,"SI10514SO","Sigma","105mm f/1.4 DG HSM Art Lens for Sony E","105mm f/1.4 DG HSM Art Lens for Sony E",650
1463163,"SI1418L","Sigma","14mm f/1.8 DG HSM Art Lens for Leica L","14mm f/1.8 DG HSM Art Lens for Leica L",375
1741153,"SI606004563E","Sigma","60-600mm f/4.5-6.3 DG DN OS Sports Lens (Sony E)","60-600mm f/4.5-6.3 DG DN OS Sports Lens (Sony E)",1250
1748158,"SI5014ASE","Sigma","50mm f/1.4 DG DN Art Lens (Sony E)","50mm f/1.4 DG DN Art Lens (Sony E)",450
1655504,"SI150600LM","Sigma","150-600mm f/5-6.3 DG DN OS Sports Lens for Leica L","150-600mm f/5-6.3 DG DN OS Sports Lens for Leica L",800
1901072,"SI1740F18S","Sigma","17-40mm f/1.8 DC Art Lens (Sony E)","17-40mm f/1.8 DC Art Lens (Sony E)",450
1655503,"SI150600SE","Sigma","150-600mm f/5-6.3 DG DN OS Sports Lens for Sony E","150-600mm f/5-6.3 DG DN OS Sports Lens for Sony E",850
475453,"SOHDRHC5","Sony","HDR-HC5 1080i HDV Camcorder","HDR-HC5 High Definition Camcorder",0
49318,"SOECM44B","Sony","ECM-44B Omnidirectional Lavalier Microphone","ECM-44B - Omni-Directional Lavalier Mic",60
463918,"SO3514","Sony","35mm f/1.4 G Lens","35mm f/1.4G Autofocus Lens",200
439154,"SO187035","Sony","18-70mm f/3.5-5.6 AF DT Standard Zoom Lens","18-70mm f/3.5-5.6(D) AF DT Autofocus Lens",25
352125,"SONPF970","Sony","NP-F970 L-Series Info-Lithium Battery Pack (6300mAh)","NP-F970 Info-Lithium Battery Pack",30
207303,"SOGVD200","Sony","GVD-200 Digital-8 Walkman","GVD-200 Digital-8 Walkman",0
463921,"SO30028","Sony","300mm f/2.8 G Telephoto Prime Lens","300mm f/2.8G SSM Autofocus Lens",1900
520765,"SODSLRA700K","Sony","Alpha DSLR-A700 Digital Camera Kit with Sony 18-70mm DT AF Lens","Alpha DSLR-A700 Digital Camera with 18-70mm DT Lens",0
463920,"SO7020028","Sony","70-200mm f/2.8 G Alpha A-Mount Telephoto Zoom Lens","70-200mm f/2.8 G SSM Autofocus Lens",345
439158,"SO2028","Sony","20mm f/2.8 Lens","20mm f/2.8 AF Lens",65
471038,"SOVCLHG0862K","Sony","0.8x Wide Angle Conversion Lens for the Sony HVR-V1U Camera","VCLHG0862  0.8x Wide Angle Conversion Lens for the Sony HVR-V1U Camera",0
569271,"SOHDRCX12","Sony","HDR-CX12 High Definition Handycam Camcorder ","HDR-CX12 High Definition Camcorder",50
671993,"SODSCHX5VB","Sony","Cyber-shot DSC-HX5V Digital Camera (Black)","DSC-HX5V Digital Camera",0
671559,"SOHDRXR350V","Sony","HDR-XR350V 160GB Handycam Camcorder","HDR-XR350V 160GB Handycam Camcorder",55
671562,"SOHDRXR550V","Sony","HDR-XR550V 240GB HD Handycam Camcorder","HDR-XR550V 240GB HD Handycam Camcorder",55
646853,"SO287528","Sony","28-75mm f/2.8 SAM Lens","28-75mm f/2.8 LENS",150
622138,"SOHVLF20AM","Sony","HVL-F20AM Digital Camera Flash for Sony Alpha Series","HVL-F20AM Digital Camera Flash for Sony Alpha Series",40
735390,"SODSLRA580","Sony","Alpha DSLR-A580 Digital SLR (Body Only)","Alpha DSLR-A580 Digital SLR ",0
817846,"SONEX7B","Sony","Alpha NEX-7 Digital Camera (Black, Body Only)","NEX-7 Digital Camera body only",150
748430,"SOHDRCX560V","Sony","HDR-CX560V Camcorder","HDR-CX560V Camcorder",85
717535,"SONEXVG10","Sony","NEX-VG10 Interchangeable Lens Handycam Camcorder","NEX-VG10 Interchangeable Lens Handycam Camcorder",0
818648,"SO5521045","Sony","E 55-210mm f/4.5-6.3 OSS Lens (Silver)","55-210mm F4.5-6.3 Lens For NEX Cameras",120
1022655,"SOHDRCX240B","Sony","HDR-CX240 Full HD Handycam Camcorder (Black)","HDR-CX240 Full HD Handycam Camcorder (Black)",40
913561,"SO2028Q","Sony","E 20mm f/2.8 Lens","20mm f/2.8 Alpha E-mount nex lens ",160
1008124,"SO5518","Sony","Sonnar T* FE 55mm f/1.8 ZA Lens","55mm f/1.8 Sonnar T* FE ZA Lens",225
532558,"SOHVRZ7U","Sony","HVR-Z7U HDV Camcorder","HVR-Z7U HDV Camcorder",
853433,"SOHXRNX30U","Sony","96GB HXR-NX30 Palm Size NXCAM HD Camcorder with Projector","HXR-NX30 96GB NXCAM HD Camcorder with Projector",0
1076768,"SOHXRNX31","Sony","HXR-NX3/1 NXCAM Professional Handheld Camcorder","HXR-NX3/1 NXCAM Professional Handheld Camcorder",0
1082054,"SOHVLF32M","Sony","HVL-F32M External Flash","HVL-F32M External Flash",60
1102010,"SO7030045Q","Sony","70-300mm f/4.5-5.6 G SSM II Lens","70-300mm f/4.5-5.6 G SSM ""Mark-II"" Lens",325
1010197,"SONEXFS700RH","Sony","NEX-FS700R Super 35 Camcorder with 18-200mm f/3.5-6.3 PZ OSS Lens","NEX-FS700R Super 35 Camcorder with 18-200mm f/3.5-6.3 PZ OSS Lens",0
1022364,"SO5521045B","Sony","E 55-210mm f/4.5-6.3 OSS Lens (Black)","55-210mm f/4.5-6.3 OSS E-Mount Lens (Black)",110
1140694,"SO2470282","Sony","Vario-Sonnar T* 24-70mm f/2.8 ZA SSM II Lens","24-70mm f/2.8 ZA Carl Zeiss "" SSM II "" Vario-Sonnar T* Lens ""A"" MT",450
892390,"SO165035","Sony","E PZ 16-50mm f/3.5-5.6 OSS Lens (Black)","16-50mm f/3.5-5.6 OSS E-mount Retractable Zoom Lens",60
1008113,"SOA7KB","Sony","Alpha a7 Mirrorless Digital Camera with FE 28-70mm f/3.5-5.6 OSS Lens","Alpha a7 Mirrorless Camera w/28-70mm f/3.5-5.6 FE OSS Lens",375
1289585,"SOA6500B","Sony","Alpha a6500 Mirrorless Digital Camera (Body Only)","Alpha a6500 Mirrorless Digital Camera (Body Only)",350
1282852,"SOSLTA992","Sony","Alpha a99 II DSLR Camera (Body Only)","Alpha a99 II DSLR Camera (Body Only)",1300
1211905,"SOFDRAX53","Sony","FDR-AX53 4K Ultra HD Handycam Camcorder","FDR-AX53 4K Ultra HD Handycam Camcorder",480
1109390,"SOHDRCX405","Sony","HDR-CX405 HD Handycam","HDR-CX405 HD Handycam",180
1546234,"SOFDRAX43","Sony","FDR-AX43 UHD 4K Handycam Camcorder","FDR-AX43 UHD 4K Handycam Camcorder",400
1462821,"SO13518GM","Sony","FE 135mm f/1.8 GM Lens","135mm f/1.8 GM FE Lens",740
1667800,"SOA74","Sony","a7 IV Mirrorless Camera","Alpha a7 IV Mirrorless Digital Camera (Body Only)",1160
1668143,"SOHVLF46RM","Sony","HVL-F46RM Wireless Radio Flash","HVL-F46RM Wireless Radio Flash",160
1592066,"SOFX6","Sony","FX6 Full-Frame Cinema Camera (Body Only)","FX6 Full-Frame Cinema Camera (Body Only)",3900
1624226,"SOFX3","Sony","FX3 Full-Frame Cinema Camera","FX3 Full-Frame Cinema Camera",2600
1580478,"SOA7S32470K","Sony","a7S III Mirrorless Camera with 24-70mm f/2.8 II Lens Kit","Alpha a7S III Mirrorless Digital Camera with 24-70mm f/2.8 Lens Kit",
1395510,"SOA7324105LK","Sony","a7 III Mirrorless Camera with 24-105mm f/4 Lens Kit","Alpha a7 III Mirrorless Digital Camera with 24-105mm Lens Kit",0
1784820,"SOA7C22860B","Sony","a7C II Mirrorless Camera with 28-60mm Lens (Black)","a7C II Mirrorless Camera with 28-60mm Lens (Black)",1275
1731389,"SOA7R5","Sony","a7R V Mirrorless Camera","A7R V Mirrorless Camera",1650
1759472,"SOZVE1B","Sony","ZV-E1 Mirrorless Camera (Black)","ZV-E1 Mirrorless Camera (Black)",1200
1767283,"SOZV1M2B","Sony","ZV-1 II Digital Camera (Black)","ZV-1 II Digital Camera (Black)",400
1907791,"SODSCRX1R3","Sony","RX1R III Digital Camera","RX1R III Digital Camera",2600
1400754,"SOPXWZ190","Sony","PXW-Z190 4K 3-CMOS 1/3"" Sensor XDCAM Camcorder","PXW-Z190 4K 3-CMOS 1/3"" Sensor XDCAM Camcorder",1400
1029861,"SOA6000B","Sony","Alpha a6000 Mirrorless Digital Camera Body (Black)","Alpha a6000 Mirrorless Digital Camera Body (Black)",300
1022330,"SOA5000W","Sony","Alpha A5000 Mirrorless Digital Camera (White)","Alpha A5000 Mirrorless Digital Camera (White)",170
1924425,"SO10028MGM","Sony","FE 100mm f/2.8 Macro GM Lens (Sony E)","FE 100mm f/2.8 Macro GM Lens (Sony E)",800
1969774,"SO10040045GM","Sony","FE 100-400mm f/4.5 GM OSS Lens (Sony E)","FE 100-400mm f/4.5 GM OSS Lens (Sony E)",2400
1784822,"SO163528GM2","Sony","FE 16-35mm f/2.8 GM II Lens (Sony E)","16-35mm f/2.8 GM II Lens (Sony FE)",1350
926281,"SODSCHX300B","Sony","Cyber-shot DSC-HX300 Digital Camera","Cyber-shot DSC-HX300 Digital Camera",75
650181,"SO552","Sound Devices","552 Portable 5-Channel Production Mixer and Stereo Recorder","552 Portable 5-Channel Production Mixer and Stereo Recorder",0
506047,"TA2830035N","Tamron","28-300mm f/3.5-6.3 XR Di VC LD Aspherical IF Macro Autofocus Lens","28-300 f/3.5-6.3 XR Di ""VC"" Lens for Nikon AF",120
121428,"TA9028MNAFQ","Tamron","Telephoto SP AF 90mm f/2.8 Macro Autofocus Lens for Nikon AF-D","90mm f/2.8 Macro Lens for Nikon AF",105
213154,"TA2413535CAF","Tamron","Zoom W/A-Telephoto SP AF 24-135mm f/3.5-5.6 AD Aspherical IF AF Lens","24-135 f/3.5-5.6 Aspherical IF AF Lens For canon AF",75
258516,"TA2830035XC","Tamron","28-300mm f/3.5-6.3 Ultra Zoom XR LD Aspherical IF Macro AF Lens","28-300 f/3.5-6.3 XR Lens For Canon AF (62mm)",70
583991,"TA102435C","Tamron","SP AF 10-24mm f / 3.5-4.5 DI II Zoom Lens For Canon DSLR Cameras","10-24mm f3.5-4.5 DI II Zoom Lens  Canon D-SLR ",55
122016,"TA703004CAF","Tamron","70-300mm f/4.0-5.6 LD Autofocus Lens for Canon EOS","70-300mm f/4.0-5.6 LD Autofocus Lens for Canon EOS",0
423729,"TA70300MM","Tamron","70-300mm f/4-5.6 Di LD Macro Lens","70-300mm f/4-5.6 Di LD Macro Lens",35
835058,"TA1820035SB","Tamron","18-200mm F/3.5-6.3 Di III VC Lens for Sony E Mount Cameras (Black)","18-200mm F/3.5-6.3 Di ""III VC"" Lens for Sony E Mount (Black)",145
845350,"TA247028N","Tamron","SP 24-70mm f/2.8 DI VC USD Lens for Nikon Cameras","24-70mm f/2.8 DI VC USD Lens for Nikon AF",220
1013959,"TA1506005S","Tamron","SP 150-600mm f/5-6.3 Di USD Lens for Sony","150-600mm f/5-6.3 Di USD Lens for Sony",245
1183047,"TA3518SPS","Tamron","SP 35mm f/1.8 Di USD Lens for Sony A","35mm f/1.8 Di USD Lens for Sony A",110
581247,"TA1827035N","Tamron","AF18-270mm f/3.5-6.3 Di-II VC LD Asph. (IF) Macro Lens","AF18-270mm f/3.5-6.3 Di-II VC LD Asph. (IF) Macro Lens",
750220,"TA1827035S","Tamron","18-270mm F/3.5-6.3 Di II PZD Lens for Sony","18-270mm F/3.5-6.3 Di II PZD Lens for Sony",85
1277359,"TA1506005G2S","Tamron","SP 150-600mm f/5-6.3 Di USD G2 for Sony A","150-600mm f/5-6.3 Di USD ""G2"" for Sony A",375
1556769,"TA7018028E","Tamron","70-180mm f/2.8 Di III VXD Lens for Sony E","70-180mm f/2.8 Di III VXD Lens for Sony E",525
1345955,"TA18400C","Tamron","18-400mm f/3.5-6.3 Di II VC HLD Lens for Canon EF","18-400mm f/3.5-6.3 Di II VC HLD Lens for Canon EF",350
1432499,"TA153028DIC","Tamron","SP 15-30mm f/2.8 Di VC USD G2 Lens for Canon EF","15-30mm f/2.8 Di VC USD ""G2"" Lens for Canon EF",350
1278451,"TA14XNF","Tamron","Teleconverter 1.4x for Nikon F","1.4x Teleconverter for Nikon F",145
1512043,"TA3528E","Tamron","35mm f/2.8 Di III OSD M 1:2 Lens for Sony E","35mm f/2.8 Di III OSD M 1:2 Lens for Sony E",75
1950503,"TA3510028SE","Tamron","35-100mm f/2.8 Di III VXD Lens (Sony E)","35-100mm f/2.8 Di III VXD Lens (Sony E)",450
1789942,"TA150500NZ","Tamron","150-500mm f/5-6.7 Di III VC VXD Lens (Nikon Z)","150-500mm f/5-6.7 Di III VC VXD Lens (Nikon Z)",675
469653,"TO5013528CAF","Tokina","50-135mm f/2.8 AT-X 535 PRO DX Autofocus Lens for Canon","50-135 f/2.8 AT-X PRO DX Lens for Canon Digital",175
554030,"TO3528PDXC","Tokina","35mm f/2.8 AT-X M35 Pro DX Macro Autofocus Lens for Canon EOS Digital","35mm f/2.8 DX Macro Autofocus Lens for Canon Digital",110
360349,"TO122440CAF","Tokina","12-24mm f/4 AT-X 124AF Pro DX Lens","12-24mm f/4 AT-X 124AF Pro DX Lens",
468737,"TO101735CAF","Tokina","10-17mm f/3.5-4.5 AT-X 107 AF DX Fisheye Lens for Canon","10-17mm f/3.5-4.5 AT-X 107 DX  AF Lens for Canon Digital",
169408,"TO1735PCAF","Tokina","Super W/A AF 17mm f/3.5 AT-X 17AF Pro Aspherical AF Lens","17mm f/3.5 AT-X Pro Aspherical Lens For Canon AF",125
652825,"TO165135355N","Tokina","16.5-135mm f/3.5-5.6 AT-X DX AF Lens for Nikon Digital Cameras","16.5-135mm f/3.5-5.6 AT-X DX AF Lens for Nikon Digital Cameras",75
1084635,"TO112028PDXC","Tokina","AT-X 11-20mm f/2.8 PRO DX Lens for Canon EF","11-20mm f/2.8 PRO DX AT-X Lens for Canon EF",120
1512055,"TO111628CFN","Tokina","atx-i 11-16mm f/2.8 CF Lens for Nikon F","11-16mm f/2.8 ATX-I CF Lens for Nikon F",125
379229,"VAS8080S","VariZoom","S-8080S 14.4 VDC Lithium Ion Battery","S-8080S 14.4 VDC Lithium Ion Battery",0
620312,"VIPJD5111","ViewSonic","PJD5111 SVGA Multimedia Projector","PJD5111 SVGA Multimedia Projector",
909498,"VO2118M","Voigtlander","Ultron 21mm f/1.8 Lens","21mm f/1.8 Ultron M-Lens",315
1695928,"VOBA324D","Voigtlander","Heliar 40mm f/2.8 Aspherical LTM Lens (Black)","40mm f/2.8 Aspherical LTM Heliar M-Lens (Black)",210
1724132,"VOBA374A","Voigtlander","Macro APO-Ultron 35mm f/2 Lens for FUJIFILM X-Mount","35mm f/2 Macro APO-Ultron Lens for FUJIFILM X-Mount",195
355977,"VO4014M","Voigtlander","Nokton Classic 40mm f/1.4 MC Lens","40mm f/1.4 MC Nokton Classic M-Lens",175
1733764,"VOBA373B","Voigtlander","Nokton Vintage Line 35mm f/1.5 Aspherical Type II VM Lens (Black)","35mm f/1.5 Aspherical Type II VM Lens (Black) Nokton Vintage Line ",340
326913,"VO3525M","Voigtlander","Color-Skopar 35mm f/2.5 P II Lens","35mm f/2.5 P II Color-Skopar M-Lens",175
1734166,"VO4012Z","Voigtlander","NOKTON 40mm f/1.2 Aspherical Lens for Nikon Z","40mm f/1.2 Aspherical NOKTON Lens for Nikon Z",345
1418780,"VO11025","Voigtlander","MACRO APO-LANTHAR 110mm f/2.5 Lens for Sony E","110mm f/2.5 MACRO APO-LANTHAR Lens for Sony E",395
1295106,"VO5814SLNLB","Voigtlander","Nokton 58mm f/1.4 SL II S Lens (Black)","58mm f/1.4 SL II S Nokton Lens (Black)",235
1475645,"VO5012S","Voigtlander","Nokton 50mm f/1.2 Aspherical Lens for Sony E","50mm f/1.2 Aspherical Nokton Lens for Sony E",335
658553,"ZE352ZEC","ZEISS","Distagon T* 35mm f/2 ZE Lens for Canon EF Mount","35mm f/2 ZE Distagon Lens for Canon Eos Cameras",240
733913,"ZE3514ZEC","ZEISS","35mm F/1.4 Distagon T Lens for Canon EF","35mm F/1.4 Distagon T Lens for Canon EF",300
1243591,"ZE1828B","ZEISS","Batis 18mm f/2.8 Lens for Sony E","18mm f/2.8 Batis Lens for Sony E",250
1441156,"ZOZQ2N4K","Zoom","Q2n-4K Handy Video Recorder","Q2n-4K Handy Video Recorder",75
1389190,"BLURSABCC","Blackmagic Design","URSA Broadcast Camera","URSA Broadcast Camera",0
1713293,"BL6KPKCAMG2","Blackmagic Design","Pocket Cinema Camera 6K G2","Pocket Cinema Camera 6K G2",850
444424,"JVGYHD110U","JVC","GYHD110U Professional HDV Camcorder","JVC GYHD110U Professional HDV Camcorder",
749372,"JVGZHM30BUS","JVC","GZ-HM30 HD Everio Camcorder (Black)","GZ-HM30 HD Everio Camcorder (Black)",0
943263,"JVGYHM70U","JVC","GY-HM70U HD Camcorder","GY-HM70U HD Camcorder",0
1046473,"DJ3ASGS","DJI","Ronin 3-Axis Brushless Gimbal Stabilizer","Ronin 3-Axis Brushless Gimbal Stabilizer",0
1860632,"SA128EPSDUC","SanDisk","128GB Extreme PRO UHS-II SDXC Memory Card","128GB Extreme PRO UHS-II SDXC Memory Card",50
600626,"SAVPCFH1","Sanyo","VPC-FH1 Dual Camera Xacti Full 1080p HD Camcorder (Black)","VPC-FH1 Full 1080p HD Camcorder (Black)",0
653608,"SAVPCHD2000B","Sanyo","VPC-HD2000 Xacti Dual Camera (Black)","VPC-HD2000 Xacti Dual Camera (Black)",0
653610,"SAVPCFH1ABK","Sanyo","VPC-FH1ABK Dual Camera Xacti Camcorder (Black)","VPC-FH1ABK Dual Camera Xacti Camcorder (Black)",0
475941,"GIGT2540LVL","Gitzo","GT2540LVL Leveling 6X Carbon Fiber Tripod Legs","GT2540LVL Leveling 6X Carbon Fiber Tripod Legs",100
548419,"GIGT3531LSV","Gitzo","GT3531LSV Systematic 6X Carbon Fiber Tripod Legs with 75mm Bowl Adapter","GT3531LSV Systematic 6X Carbon Fiber Tripod Legs with 75mm Bowl Adapter",150
475912,"GIGB1540","Gitzo","1540 - Four-Section Carbon Fiber Boompole","GB0540 - Three-Section Carbon Fiber Boompole",0
1015364,"RIGRBLE","Ricoh","GR Limited Edition Digital Camera","GR Limited Edition Digital Camera",275
822130,"RIGR4W","Ricoh","GR DIGITAL IV Digital Camera (White)","GR DIGITAL IV Digital Camera (White)",250
1846814,"RIG900II","Ricoh","G900 II Digital Camera","G900 II Digital Camera",300
1926946,"RIGR4M","Ricoh","GR IV Monochrome Digital Camera","GR IV Monochrome Digital Camera",1200
871061,"N2200EVOK1","Thecus","6TB (2 x 3TB) N2200EVO 2-Bay NAS Server B&H Kit","6TB (2 x 3TB) N2200EVO 2-Bay NAS Server B&H Kit",0
1628292,"7A7528M2SE","7Artisans","7.5mm f/2.8 II Fisheye Lens (Sony E)","7.5mm f/2.8 II Fisheye Lens (Sony E)",
1346963,"ARK00014797","ARRI","ALEXA Mini Body with 4:3 and ARRIRAW","ALEXA Mini Body with 4:3 Open Gate, ARRIRAW & ARRI Look Library Licenses",0
227829,"ANT70","Anton/Bauer","Tandem-70 On-Camera AC Power/Charger","TITAN-70 On-Camera AC Power/Charger",0
69221,"ANULDF","Anton/Bauer","UL-DF #1 Light Diffuser","UL-DF #1 Light Diffuser",0
283752,"AND90","Anton/Bauer","DIONIC-90 Lithium-Ion Battery","DIONIC-90 Lithium-Ion Battery",0
215892,"AUBP4027","Audio-Technica","BP4027 (AT815ST) Stereo Shotgun Microphone","AT815ST - Stereo Shotgun Mic",0
177185,"AUATWU101831","Audio-Technica","ATWU101831 Camera Mountable UHF Diversity Lavalier System","ATWU101831 Camera Mountable UHF Diversity Lavalier System",0
460225,"AUATW1822D","Audio-Technica","ATW-1822 - Dual Wireless Microphone System","ATW-1822 - Dual Wireless Microphone System",0
460224,"AUATW1821D","Audio-Technica","ATW-1821 Dual Wireless Microphone System","ATW-1821 - Dual Wireless Microphone System",0
518701,"AUPRO24CM","Audio-Technica","Pro-24CM - Stereo Microphone","Pro-24CM -  Stereo Microphone",30
489656,"AUAT1240","Audiotrak","AT-1240 - 240W Music and Paging Mixer/Amplifier","AT-1240 - 240W Music and Paging Mixer/Amplifier",
287689,"AZ100LT","Azden","100LT UHF Wireless Lavalier Microphone System","100LT UHF Wireless Lavalier Microphone System",0
3659,"AZWMSPRO","Azden","WMS-PRO VHF Camera-Mount Wireless Omni Lavalier Microphone System with Handheld Mic (169 & 170 MHz)","WMS-PRO VHF Wireless Lavalier Handheld Mic System",0
3631,"AZCAM3","Azden","CAM-3 3-Channel Mic Mixer","CAM-3 3-Channel Mic Mixer",5
672247,"BELED60K","Bescor","LED-60K 60W LED Compact Light & Battery Kit","LED-60K 60W LED Compact Light & Battery Kit",0
576022,"BETH770","Bescor","TH-770 High Performance Tripod System","TH-770 High Performance Tripod System",25
259975,"CA35804EFQ","Canon","Zoom Wide Angle Telephoto 35-80mm f/4-5.6 EF II Autofocus Lens","35-80 f/4-5.6 EF II Autofocus Lens",25
457541,"CAEDRXTIKB","Canon","EOS Digital Rebel XTi Digital Camera Kit (Black) with 18-55mm Lens","EOS Digital Rebel XTi Camera (Black) with 18-55mm Lens",0
162614,"CA3514LEF","Canon","EF 35mm f/1.4L USM Lens","35mm f/1.4L USM Lens",410
397425,"CAPSA610","Canon","PowerShot A610 Digital Camera","PowerShot A610 Digital Camera",0
212472,"CAPSG1","Canon","PowerShot G1 3.34 Megapixel 3x Optical Zoom Advanced Point-and-shoot Digital Camera","POWERSHOT G1 DIGITAL CAMERA",
86276,"CABPE1","Canon","BP-E1 Battery Pack for EOS 1, 1N, 1V  & EOS 3 Cameras","BP-E1 Battery Pack for EOS 1, 1N, 1V  & EOS 3",25
169266,"CA2880352EF","Canon","Zoom Wide Angle-Telephoto EF 28-80mm f/3.5-5.6 II Autofocus Lens","28-80 f/3.5-5.6 II Autofocus Lens",45
214867,"CA28904EFB","Canon","Zoom Wide Angle-Telephoto EF 28-90mm f/4.0-5.6 Autofocus Lens - Black","28-90 f/4.0-5.6 Autofocus Lens - Black",25
313631,"CAERG23580K","Canon","Rebel GII 35mm SLR Kit with 35-80mm Lens","Eos Rebel GII 35mm SLR Kit with 35-80mm Lens",0
351525,"CAERT22890K","Canon","Rebel T2 Camera Kit with 28-90mm III Lens","Rebel T2 Camera Kit with 28-90mm III Lens",140
12108,"CA300EZ","Canon","300EZ Speedlite Shoe Mount Flash for EOS","300EZ Flash",5
12130,"CA430EZ","Canon","430EZ Speedlite Shoe Mount Flash for EOS","430EZ Flash",15
376872,"CA287035EF","Canon","Zoom Wide Angle-Telephoto 28-70mm f/3.5-4.5 EF Autofocus Lens for EOS","28-70 f/3.5-4.5 EF Autofocus Lens for EOS",35
12161,"CA8020045EF","Canon","Zoom Telephoto 80-200mm f/4.5-5.6 EF (USM) Autofocus Lens","80-200mm f/4.5-5.6 EF (USM) Autofocus Lens",30
194453,"CAE1V","Canon","EOS-1V Camera Body","EOS 1V Camera Body",600
12084,"CA203535EF","Canon","Zoom Super Wide Angle EF 20-35mm f/3.5-4.5 USM Autofocus Lens","20-35 f/3.5-4.5 USM Autofocus Lens",65
331745,"CA28904EF2SQ","Canon","28-90mm f/4.0-5.6 II Autofocus Lens - Silver","28-90 f/4.0-5.6 II Autofocus Lens - Silver",25
262239,"CA28904EF2B","Canon","28-90mm f/4-5.6 USM II Lens","28-90 f/4-5.6 USM II Lens",30
279582,"CA17404LEF","Canon","EF 17-40mm f/4L USM Lens","17-40 f/4L USM Lens",150
264304,"CA247028LEF","Canon","Zoom Wide Angle-Telephoto EF 24-70mm f/2.8L USM Autofocus Lens","24-70mm f/2.8L USM Autofocus Lens ",470
327616,"CA28105456","Canon","28-105mm f/4-5.6 Autofocus Lens","28-105 f/4-5.6 Autofocus Lens",40
145368,"CA2880352EFQ","Canon","Zoom Wide Angle Telephoto 28-80mm f/3.5-5.6 EF II (USM) Autofocus Lens","28-80 f/3.5-5.6 II EF LENS (USM)",20
12102,"CA2XEF","Canon","2x EF Extender","2x EF Extender",75
418128,"CAPSSD430","Canon","PowerShot SD430 Digital ELPH Wireless Digital Camera","PowerShot SD430 Digital Elph Wireless Digital Camera",0
206443,"CAEE7ED","Canon","EOS Elan 7E QD 35mm SLR Autofocus Camera Body","EOS Elan 7 Camera Body",130
206441,"CAEE7E","Canon","EOS Elan 7E 35mm SLR Autofocus Camera Body","EOS Elan 7E 35mm SLR Autofocus Camera Body",120
319778,"CAEE7NE","Canon","EOS Elan 7NE Camera Body","EOS Elan 7NE Camera Body",150
12057,"CA10028MEF","Canon","Macro 100mm f/2.8 EF Auto Focus Lens","100mm f/2.8 EF Macro Auto Focus Lens",170
12972,"CASC2OC","Canon","Off Camera Shoe Cord 2","Off Camera Shoe Cord 2",3
12148,"CA6004LEF","Canon","Telephoto 600mm f/4.0L EF USM Auto Focus Lens","600mm f/4.0L EF USM Auto Focus Lens",2000
479201,"CAPSA550","Canon","PowerShot A550 Digital Camera","PowerShot A550 Digital Camera",0
518217,"CAPSA720","Canon","Powershot A720 IS Digital Camera","PowerShot A720 IS Digital Camera",0
583953,"CAE5D2","Canon","EOS 5D Mark II Digital Camera (Body Only)","EOS 5D Mark II Digital Camera (Camera Body)",150
266188,"CAE1DS","Canon","EOS-1Ds Digital Camera (Camera Body)","EOS 1Ds Digital Camera (Camera Body)",0
457539,"CAEDRXTIKS","Canon","EOS Digital Rebel XTi Digital Camera Kit (Silver) with 18-55mm Lens","EOS Digital Rebel XTi Camera (Silver) with 18-55mm Lens",0
297500,"CAEDR","Canon","EOS Digital Rebel Digital Camera (Camera Body)","EOS Digital Rebel  Camera Body",0
112540,"CA400282LEF","Canon","Telephoto 400mm f/2.8L II EF USM Auto Focus Lens","400mm f/2.8L II EF USM Auto Focus Lens",1900
349161,"CABGE2","Canon","BG-E2 Vertical Grip/Battery Holder","BG-E2 Vertical Grip/Battery Holder f/EOS 20D/30D",1
671660,"CAHFS200","Canon","VIXIA HF S200 Flash Memory Camcorder","VIXIA HF S200 Flash Memory Camcorder",65
647013,"CA1585IS","Canon","EF-S 15-85mm f/3.5-5.6 IS USM Lens","15-85mm f/3.5-5.6 IS USM EF-S Lens",130
671655,"CAHFR100S","Canon","VIXIA HF R100 Flash Memory Camcorder","VIXIA HF R100 Flash Memory Camcorder",0
682488,"CAHF21","Canon","VIXIA HF21 Dual Flash Memory Camcorder","VIXIA HF21 Dual Flash Memory Camcorder",55
605243,"CAPSSD960BL","Canon","PowerShot SD960 IS Digital Camera (Blue)","PowerShot SD960 IS Digital Camera",30
262140,"CAWCDC58N","Canon","WC-DC58N 0.7x Wide Angle Converter Lens","WC-DC58N 0.7x Wide Angle Converter Lens ",0
675608,"CAPSSD1300S","Canon","PowerShot SD1300 IS Digital ELPH Camera (Silver)","PowerShot SD1300 IS Digital ELPH Camera (Silver)",0
597427,"CAHF20","Canon","VIXIA HF20 Dual Flash Memory High Definition Camcorder ","HF20 Dual Flash Memory High Definition Camcorder ",60
750166,"CAPSA2200B","Canon","Powershot A2200 Digital Camera (Black)","PowerShot A2200 Digital Camera ",35
749191,"CAHFM400","Canon","VIXIA HF M400 Flash Memory Camcorder","VIXIA HF M400 Flash Memory Camcorder",50
749193,"CAHFM40","Canon","VIXIA HF M40 Flash Memory Camcorder","VIXIA HF M40 Flash Memory Camcorder",65
749195,"CAHFM41","Canon","VIXIA HF M41 Flash Memory Camcorder","VIXIA HF M41 Flash Memory Camcorder",55
843008,"CA247028LII","Canon","EF 24-70mm f/2.8L II USM Lens ","24-70mm f/2.8L ""II"" USM Zoom Lens",900
753768,"CAPSE500S","Canon","Powershot 500 HS Digital ELPH Camera (Silver)","Powershot 500 HS Digital ELPH Camera ",60
883396,"CA1855M","Canon","EF-M 18-55mm f/3.5-5.6 IS STM Lens","18-55mm f/3.5-5.6 IS ""STM"" Lens f/MIRRORLESS",55
381969,"CATCDC58B","Canon","TC-DC58B 1.5x Teleconverter Lens","TC-DC58B 1.5x Teleconverter Lens",10
262141,"CATCDC58N","Canon","TC-DC58N 1.75x Teleconverter Lens","TC-DC58N 1.75x Teleconverter Lens",0
842855,"CAPSA3400S","Canon","PowerShot A3400 IS Touch Screen Digital Camera (Silver)","PowerShot A3400 IS Digital Camera ",0
847545,"CAE5D3","Canon","EOS 5D Mark III DSLR Camera (Body Only)","EOS 5D Mark III Digital Camera (Body Only)",320
827036,"CAE1DX","Canon","EOS-1D X DSLR Camera (Body Only)","EOS-1DX Digital SLR Camera (Body Only)",450
838768,"CAHFM50","Canon","VIXIA HF M50 Full HD Camcorder","VIXIA HF M50 Full HD Camcorder",80
909788,"CAHFR400","Canon","VIXIA HF R400 Full HD Camcorder","VIXIA HF R400 Full HD Camcorder",60
892349,"CAE6D","Canon","EOS 6D DSLR Camera (Body Only)","EOS 6D Digital Camera (Body Only)",240
847530,"CABGE11","Canon","BG-E11 Battery Grip for EOS 5D Mark III, 5DS, & 5DS R","BG-E11 Battery Grip for 5D Mark III Camera",25
1188040,"CA154535S","Canon","EF-M 15-45mm f/3.5-6.3 IS STM Lens (Silver)","15-45mm f/3.5-6.3 IS STM EF-M  Lens (Silver)",45
1116100,"CAEDRT6I","Canon","EOS Rebel T6i DSLR Camera (Body Only)","Digital Rebel T6i DSLR Camera (Body Only)",170
1028804,"CAPSG1X2","Canon","PowerShot G1 X Mark II Digital Camera","PowerShot G1X Mark II Digital Camera",245
847531,"CASTE3RT","Canon","ST-E3-RT Speedlite Transmitter","ST-E3-RT Speedlite Transmitter",35
1081810,"CAE7D218135","Canon","EOS 7D Mark II DSLR Camera with 18-135mm f/3.5-5.6 STM Lens","EOS 7D Mark II DSLR Camera with 18-135mm f/3.5-5.6 STM Lens",425
1225876,"CAE80D1855","Canon","EOS 80D DSLR Camera with 18-55mm Lens","EOS 80D DSLR Camera with 18-55mm Lens",300
1318277,"CAEDRT7I","Canon","EOS Rebel T7i DSLR Camera (Body Only)","EOS Rebel T7i DSLR Camera (Body Only)",260
1165079,"CA430EX3","Canon","Speedlite 430EX III-RT","430EX III-RT Speedlite",60
855975,"CAC500EF","Canon","EOS C500 4K Cinema Camera (EF Lens Mount)","EOS C500 4K Cinema Camera (EF Lens Mount)",850
1318281,"CAE77D","Canon","EOS 77D DSLR Camera (Body Only)","EOS 77D DSLR Camera (Body Only)",210
1346764,"CABGE21","Canon","BG-E21 Battery Grip for EOS 6D Mark II","BG-E21 Battery Grip for EOS 6D Mark II",5
1250645,"CA2835IS","Canon","EF-M 28mm f/3.5 Macro IS STM Lens","28mm f/3.5 Macro IS STM EF-M Lens",110
1364308,"CAXA11","Canon","XA11 Compact Full HD Camcorder with HDMI and Composite Output","XA11 Compact Full HD Camcorder with HDMI and Composite Output",500
1274705,"CAE5D4","Canon","EOS 5D Mark IV DSLR Camera (Body Only)","EOS 5D Mark IV DSLR Camera (Body Only)",600
1634981,"CAER3","Canon","EOS R3 Mirrorless Camera","EOS R3 Mirrorless Digital Camera (Body Only)",2200
1634483,"CA10028RF","Canon","RF 100mm f/2.8 L Macro IS USM Lens","100mm f/2.8L Macro IS USM ""RF"" Lens",675
1618943,"CAE1DX3B","Canon","EOS-1D X Mark III DSLR Camera","EOS-1D X Mark III DSLR Camera (Body Only)",1900
1361409,"CAGX10","Canon","VIXIA GX10 UHD 4K Camcorder with 1"" CMOS Sensor & Dual-Pixel CMOS AF ","VIXIA GX10 UHD 4K Camcorder with 1"" CMOS Sensor & Dual-Pixel CMOS AF ",500
1598386,"CAEM5021545W","Canon","EOS M50 Mark II Mirrorless Camera with 15-45mm Lens (White)","EOS M50 Mark II Mirrorless Digital Camera with 15-45mm Lens (White)",300
1433719,"CAMAEFRFDIND","Canon","Drop-In Filter Mount Adapter EF-EOS R with Variable ND Filter","Drop-In Filter Mount Adapter EF-EOS R with Variable ND Filter",200
1251151,"CAPSSX620HSB","Canon","PowerShot SX620 HS Digital Camera (Black)","PowerShot SX620 HS Digital Camera (Black)",195
1601518,"CA702004RF","Canon","RF 70-200mm f/4 L IS USM Lens","70-200mm f/4 L IS USM ""RF"" Lens",820
1508687,"CAEM2001545B","Canon","EOS M200 Mirrorless Camera with 15-45mm Lens (Black)","EOS M200 Mirrorless Digital Camera with 15-45mm Lens (Black)",350
1573879,"CAER524105","Canon","EOS R5 Mirrorless Camera with 24-105mm f/4 Lens","EOS R5 Mirrorless Digital Camera with 24-105mm f/4L Lens",1800
1733214,"CAER62","Canon","EOS R6 Mark II Mirrorless Camera","EOS R6 Mark II Mirrorless Camera",1250
1318282,"CA185545STM","Canon","EF-S 18-55mm f/4-5.6 IS STM Lens","EF-S 18-55mm f/4-5.6 IS STM Lens",35
1110380,"CAPSSX610HSW","Canon","PowerShot SX610 HS Digital Camera (White)","PowerShot SX610 HS Digital Camera (White)",145
1116096,"CAPSE350B","Canon","Powershot ELPH 350 HS Digital Camera (Black)","Powershot ELPH 350 HS Digital Camera (Black)",80
1859142,"CA70200LRFW","Canon","RF 70-200mm f/2.8 L IS USM Z Lens (White)","RF 70-200mm f/2.8 L IS USM Z Lens (White, Canon RF)",1900
495625,"CAPSSD850","Canon","PowerShot SD850 IS Digital Elph Digital Camera","PowerShot SD850 IS Digital Elph Digital Camera",80
1022456,"CAPSE340P","Canon","PowerShot ELPH 340 HS Digital Camera (Purple)","PowerShot ELPH 340 HS Digital Camera (Purple)",100
1029029,"CAPSE135P","Canon","Canon PowerShot ELPH 135 (Purple)","Canon PowerShot ELPH 135 (Purple)",60
1833189,"CAC400RF","Canon","EOS C400 6K Full-Frame Digital Cinema Camera (Canon RF)","EOS C400 6K Full-Frame Digital Cinema Camera (Canon RF)",4500
1858405,"CA70200LRFB","Canon","RF 70-200mm f/2.8 L IS USM Z Lens (Black)","RF 70-200mm f/2.8 L IS USM Z Lens (Black)",1900
1948715,"CAPSG7X3LE","Canon","PowerShot G7 X Mark III Digital Camera Kit (30th Anniversary Graphite Limited Edition)","PowerShot G7 X Mark III Digital Camera Kit (30th Anniversary Graphite Limited Edition)",700
917890,"CAPSE115S","Canon","PowerShot ELPH 115 IS Digital Camera (Silver)","PowerShot ELPH 115 IS Digital Camera (Silver)",80
822124,"CAPSS100B","Canon","PowerShot S100 Digital Camera (Black)","PowerShot S100 Digital Camera (Black)",100
1221609,"CALPE19","Canon","LP-E19 Battery Pack (2700mAh)","LP-E19 Battery Pack (2700mAh)",50
1663793,"CASTE10","Canon","ST-E10 Speedlite Transmitter","ST-E10 Speedlite Transmitter",50
1134579,"CAC3002EF","Canon","Cinema EOS C300 Mark II Camcorder Body with Dual Pixel CMOS AF (EF Lens Mount)","Cinema EOS C300 Mark II Camcorder Body with Dual Pixel CMOS AF (EF Lens Mount)",650
1332674,"CAE70200EF","Canon","CN-E 70-200mm T4.4 Compact-Servo Cine Zoom Lens (EF Mount)","CN-E 70-200mm T4.4 Compact-Servo Cine Zoom Lens (EF Mount)",2200
12068,"CA1528","Canon","Fisheye 15mm f/2.8 FD Manual Focus Lens","Fisheye 15mm f/2.8 FD Manual Focus Lens",270
12141,"CA5018","Canon","Normal 50mm f/1.8 FD Manual Focus Lens","Normal 50mm f/1.8 FD Manual Focus Lens",40
889545,"CAC100EF","Canon","EOS C100 Cinema Camera (Body Only)","EOS C100 Cinema Camera (Body Only)",250
675614,"CAPSSD1400B","Canon","PowerShot SD1400 IS Digital ELPH (Black)","PowerShot SD1400 IS Digital ELPH (Black)",80
816714,"CAPSE310GR","Canon","PowerShot ELPH 310 HS Digital Camera (Green)","PowerShot ELPH 310 HS Digital Camera (Green)",100
816716,"CAPSE310P","Canon","PowerShot ELPH 310 HS Digital Camera (Pink)","PowerShot ELPH 310 HS Digital Camera (Pink)",100
366119,"CAAE15014","Canon","AE-1 with 50mm f/1.4 Lens","AE-1 with 50mm f/1.4 Lens",160
305135,"CAAE1P5018","Canon","AE-1 Program 35mm SLR Manual Focus Camera (Chrome) with 50mm f/1.8 FD Lens","AE-1 Program 35mm SLR Manual Focus Camera (Chrome) with 50mm f/1.8 FD Lens",170
1972339,"CAER6VSM","Canon","EOS R6 V Mirrorless Camera with Stop Motion Animation Firmware","EOS R6 V Mirrorless Camera with Stop Motion Animation Firmware",1600
220610,"COT3S","Contax","T3 Camera (Silver)","T3 Camera (Silver)",
14615,"COT2G","Contax","T2 35mm Autofocus Point & Shoot Camera (Limited 60 Year Anniversary Edition) - Gold","T2 (GOLD) 60 YR ANNIV LIMITED EDITION",
197958,"COU3020F","Cool-Lux","FTD Lamp - 20 watts/12 volts - for Micro-Lux and U-3","FTD Lamp - 20 watts/12 volts - for Micro-Lux and U-3",
1009524,"DAPRD","Davis & Sanford","W4DS Professional Spreader Dolly","W4DS Professional Spreader Dolly",50
341664,"ROLVS400","Edirol / Roland","LVS-400 Live Production Switcher","LVS-400 Live Production Switcher",
76667,"EL635A","Electro-Voice","635A Omnidirectional Handheld Dynamic ENG Microphone (Beige)","635A - Dynamic Omnidirectional Mic",25
76687,"ELRE50B","Electro-Voice","RE50B Omnidirectional Dynamic Shockmounted ENG Microphone (Black)","RE50/B - Omni ENG Mic (Black)",65
889715,"ELCM7L","Elvid","RigVision CM-7L 7"" Field Monitor with Shutter Release","RigVision CM-7L 7"" Field Monitor with Shutter Release",0
434937,"FUFPS3KR","FUJIFILM","FinePix S3 Pro Digital Camera (Camera Body)","FinePix S3 Pro Digital Camera (Camera Body)",
348650,"FUFPS2D","FUJIFILM","FinePix S2 Pro Digital Camera (Camera Body)","FinePix S2 Pro Digital Camera (Camera Body)",
1191420,"FU352B","FUJIFILM","XF 35mm f/2 R WR Lens (Black)","35mm f/2 R XF WR Lens (Black)",210
1113031,"FU165035","FUJIFILM","XC 16-50mm f/3.5-5.6 OIS II Lens (Silver)","16-50mm f/3.5-5.6 OIS XC ""II"" Lens (Silver)",115
1080891,"FU5612APD","FUJIFILM","XF 56mm f/1.2 R APD Lens","56mm f/1.2 XF R APD Lens",250
1080889,"FUX100TS","FUJIFILM","X100T Digital Camera (Silver)","X100T Digital Camera (Silver)",600
1080887,"FUXT1GS","FUJIFILM","X-T1 Mirrorless Digital Camera (Body Only, Graphite Silver Edition)","X-T1 Mirrorless Digital Camera (Body Only, Graphite Silver Edition)",300
1080886,"FUXT1135B","FUJIFILM","X-T1 Mirrorless Digital Camera with 18-135mm Lens (Black)","X-T1 Digital Camera with 18-135mm Lens (Black)",500
1275473,"FU232B","FUJIFILM","XF 23mm f/2 R WR Lens (Black)","23mm f/2 R WR XF Lens (Black)",230
1491968,"FU5035GF","FUJIFILM","GF 50mm f/3.5 R LM WR Lens","50mm f/3.5 R LM WR GF Lens",525
1436551,"FUGFX50R","FUJIFILM","GFX 50R Medium Format Mirrorless Camera","GFX 50R Medium Format Mirrorless Camera (Body Only)",1600
1458709,"FUFPXP140BL","FUJIFILM","FinePix XP140 Digital Camera (Sky Blue)","FinePix XP140 Digital Camera (Sky Blue)",100
1459626,"FU1628B","FUJIFILM","XF 16mm f/2.8 R WR Lens (Black)","16mm f/2.8 R WR XF Lens (Black)",150
1433840,"FUXT3S","FUJIFILM","X-T3 Mirrorless Camera (Silver)","X-T3 Mirrorless Digital Camera (Body Only, Silver)",600
1597414,"FUXS10B1680","FUJIFILM","X-S10 Mirrorless Camera with 16-80mm Lens","X-S10 Mirrorless Digital Camera with 16-80mm Lens",725
1275474,"FU232S","FUJIFILM","XF 23mm f/2 R WR Lens (Silver)","XF 23mm f/2 R WR Lens (Silver)",210
1618881,"FU8017RWR","FUJIFILM","GF 80mm f/1.7 R WR Lens (FUJIFILM G)","GF 80mm f/1.7 R WR Lens",850
1548394,"FUXT41855S","FUJIFILM","X-T4 Mirrorless Camera with 18-55mm Lens (Silver)","X-T4 Mirrorless Digital Camera with 18-55mm Lens (Silver)",875
1311235,"FUTCLX100IIS","FUJIFILM","TCL-X100 II Tele Conversion Lens (Silver)","TCL-X100 II Tele Conversion Lens (Silver)",150
1731287,"FUXF3028","FUJIFILM","XF 30mm f/2.8 R LM WR Macro Lens","XF 30mm f/2.8 R LM WR Macro Lens",330
1731285,"FUXT5BB1855","FUJIFILM","X-T5 Mirrorless Camera with 18-55mm Lens (Black)","X-T5 Mirrorless Camera with 18-55mm Lens (Black)",1100
1731281,"FUXT5BB","FUJIFILM","X-T5 Mirrorless Camera (Black)","X-T5 Mirrorless Camera (Black)",1000
1598407,"FU1024WR","FUJIFILM","XF 10-24mm f/4 R OIS WR Lens","10-24mm f/4 R OIS WR XF Lens",390
1459275,"FU1628S","FUJIFILM","XF 16mm f/2.8 R WR Lens (Silver)","16mm f/2.8 R WR XF Lens (Silver)",165
1618892,"FU2728R","FUJIFILM","XF 27mm f/2.8 R WR Lens","27mm f/2.8 R WR Lens",260
1662372,"FU2314R","FUJIFILM","XF 23mm f/1.4 R LM WR Lens","23mm f/1.4 R ""LM WR"" XF Lens",450
1875107,"FUIWECBK","FUJIFILM","instax WIDE EVO Hybrid Instant Film Camera","INSTAX WIDE EVO Hybrid Instant Film Camera",150
1827210,"FUXT50S","FUJIFILM","X-T50 Mirrorless Camera (Silver)","X-T50 Mirrorless Camera (Silver)",900
1460251,"FUXT3035B","FUJIFILM","X-T30 Mirrorless Camera with 35mm f/2 Lens Kit (Black)","X-T30 Mirrorless Camera with 35mm f/2 Lens Kit (Black)",
1884991,"FUGFX100RFS","FUJIFILM","GFX100RF Digital Camera (Silver)","GFX100RF Digital Camera (Silver)",2500
1459595,"FUXT30S","FUJIFILM","X-T30 Mirrorless Camera (Silver)","X-T30 Mirrorless Camera (Silver)",500
1900552,"FUXE5BS","FUJIFILM","X-E5 Mirrorless Camera (Silver)","X-E5 Mirrorless Camera (Silver)",1000
1896522,"FUXHCS","FUJIFILM","X half Digital Camera (Charcoal Silver)","X half Digital Camera (Charcoal Silver)",250
1333204,"FU234RWR","FUJIFILM","GF 23mm f/4 R LM WR Lens","GF 23mm f/4 R LM WR Lens",580
1311269,"FUFPXP120SBL","FUJIFILM","","XP-120 DIGITAL CAMERA - SKY BLUE",60
77688,"FRMFIC12P","Frezzi","Dimmer Mini-Fill On-Camera Light with Cigarette Plug Connector","MFIC-12P 100-watt Dimmer Mini-Fill On-Camera Light",0
262858,"FRMRFIC12P","Frezzi","MRFIC-12P 35-watt Dimmer Micro-Fill On-Camera Light","MRFIC-12P 35-watt Dimmer Micro-Fill On-Camera Light",
77705,"FRMFDF","Frezzi","MFDF Flip-Up Dichroic Filter","MFDF Flip-Up Dichroic Filter",0
366773,"GLSS","Glidecam","Smooth Shooter Support System","Smooth Shooter Support System",0
193818,"GLGCFB","Glidecam","Forearm Brace","Glidecam Forearm Brace",20
517872,"GLX10","Glidecam","X-10 Dual Support Arm Stabilizer Vest System","X-10 Dual Support Arm Stabilizer Vest System",0
1465859,"GOAD200PRO","Godox","AD200Pro TTL Pocket Flash Kit","AD200Pro TTL Pocket Flash Kit",130
1465917,"GOV1N","Godox","V1 Flash for Nikon","V1 Flash for Nikon",100
1803860,"GOV1PROC","Godox","V1Pro C Flash for Canon","V1Pro C Flash for Canon",165
20971,"GOLSF2","Gossen","Luna-Star F2 Meter","Luna-Star F2 Meter",0
20989,"GOUS2","Gossen","Ultra-Spot 2 Meter","Ultra-Spot 2 Meter",0
1908829,"HAX2D100C2","Hasselblad","X2D II 100C Medium Format Mirrorless Camera","X2D II 100C Medium Format Mirrorless Camera",4600
1858763,"HA3475PXCD","Hasselblad","XCD 75mm f/3.4 P Lens (Hasselblad X)","XCD 75mm f/3.4 P Lens (Hasselblad X)",1100
1584093,"HA907XCFV","Hasselblad","907X 50C Medium Format Mirrorless Camera","907X 50C Medium Format Mirrorless Camera",2500
292907,"KTKEG100CC","K-Tek","KEG-100CC Avalon Series Graphite Boompole with Internal Coiled XLR Cable","KE-100CC Avalon - 5 Section Graphite Fiber Boom Pole",70
316848,"KAR102RS","Kata","R-102 GDC Rucksack","R-102 GDC Rucksack Backpack",20
162785,"KAB1","Kata","Banana-1 Contour Shoulder Bag","Banana-1 Contour Shoulder Bag",0
316875,"KAMC60","Kata","MC-60 Case for small DV camcorders with laptop and accessories","MC-60 Case for small DV camcorders with laptop and accessories",15
422740,"KACC190","Kata","CC-190 GDC HDV Case","CC-190 Shoulder Case",
233133,"KACCC3333","Kata","CCC-3333 Compact Camera Case (Small/Medium)","CCC-3333 Compact Camera Case (Small/Medium)",10
367996,"KAC59CCXL","Kata","C-59 GDC Small Camera Case","C-59 GDC Small Camera Case",5
1699922,"KOFZ55BK","Kodak","PIXPRO FZ55 Digital Camera (Black)","PIXPRO FZ55 Digital Camera (Black)",60
392309,"MI187035AFDT","Konica Minolta","AF DT 18-70mm f/3.5-5.6(D) Autofocus Lens","18-70mm f/3.5-5.6(D) DT Autofocus Lens",0
307463,"MIAM3F","Konica Minolta","(Minolta) Auto Meter IIIF - Digital Incident and Flash Light Meter","Auto Meter IIIF - Light Meter",0
392005,"MIM5D","Konica Minolta","Maxxum 5D Digital Camera","Maxxum 5D Digital Camera",0
35198,"MI5017AF","Konica Minolta","Normal AF 50mm f/1.7 Autofocus Lens","50mm f/1.7 N Autofocus Lens",0
35197,"MI5017AFQ","Konica Minolta","Normal 50mm f/1.7 Maxxum Autofocus Lens","50mm f/1.7 Autofocus Lens (original)",0
353933,"MI173528AF","Konica Minolta","17-35mm f/2.8-4 (D) Autofocus Lens","17-35mm f/2.8-4 (D) Autofocus Lens",0
35162,"MI287028AF","Konica Minolta","Zoom Wide Angle-Telephoto AF 28-70mm f/2.8 G Autofocus Lens","28-70mm f/2.8 G Autofocus Lens",0
438838,"LEDL2QD","Leica","D-LUX 2 Digital Camera","D-LUX 2 Digital Camera",0
460696,"LEVL1","Leica","V-Lux 1 Digital Camera","V-Lux 1 Digital Camera",120
578316,"LEDL4B","Leica","D-LUX 4 Digital Camera (Black)","D-LUX 4 Digital Camera ",280
650518,"LEDX1","Leica","X1 Digital Compact Camera With Elmarit 24mm f/2.8 ASPH. Lens","X1 Digital Compact Camera 24mm f/2.8 Elmarit ASPH Lens (Silver)",300
1082942,"LEDL109B","Leica","D-LUX (Typ 109) Digital Camera (Black)","D-LUX (Typ 109) Digital Camera",450
1202012,"LEM262B","Leica","M (Typ 262) Digital Rangefinder Camera","M (Typ 262) Digital Rangefinder Camera",2000
1571536,"LEM10RS","Leica","M10-R Rangefinder Camera (Silver Chrome)","M10-R Digital Rangefinder Camera (Silver Chrome)",4100
1603470,"LEQ2M","Leica","Q2 Monochrom Digital Camera","Q2 Monochrom Digital Camera",2500
1904300,"LEDLUX8","Leica","D-Lux 8 Digital Camera (100 Years of Leica Limited Edition)","D-Lux 8 Digital Camera (100 Years of Leica Limited Edition)",1200
1760459,"LE5014SMB","Leica","Summilux-M 50mm f/1.4 ASPH. Lens (Leica M, Black)","Summilux-M 50mm f/1.4 ASPH. Lens (Leica M, Black)",2200
780130,"LEVL30","Leica","V-LUX 30 Digital Camera","V-LUX 30 Digital Camera",200
162726,"LE9020MB","Leica","APO-Summicron-M 90mm f/2 ASPH. Lens (Leica M)","APO-Summicron-M 90mm f/2 ASPH. Lens (Leica M)",1600
1192186,"LEFCCSF40","Leica","SF 40 Flash","SF 40 Flash",290
835124,"LEM3CQ","Leica","M3 Single Stroke 35mm Rangefinder Camera in Chrome","M3 Single Stroke 35mm Rangefinder Camera in Chrome",850
1491528,"LEVL5","Leica","V-Lux 5 Digital Camera","V-Lux 5 Digital Camera",725
198146,"MA15035645AF","Mamiya","Telephoto 150mm f/3.5 Autofocus Lens for 645AF","150mm f/3.5 Autofocus Lens for 645AF",0
182428,"MA2104645AF","Mamiya","210mm f/4 ULD LENS for 645-AF","210mm f/4 ULD LENS for 645-AF",0
213303,"MA5511045AF","Mamiya","55-110mm f/4.5 Lens for 645-AF","55-110 f/4.5 Lens for 645-AF",0
395954,"MA645AFD2","Mamiya","645-AFD II Auto Focus Camera Body","645-AFD II Auto Focus Camera Body",0
393555,"MA055MFV701K","Manfrotto","055MFV MagFiber Tripod Legs with 701RC2 Fluid Head","055MFV MagFiber Tripod Legs with 701RC2 Fluid Head",
185655,"MA31813433","Manfrotto","3181 Tripod Legs (Chrome) with 3433 (501) Fluid Head","3181 Tripod Legs (Chrome) with 3433 (501) Fluid Head",
837494,"MAMCT7NEL3","Marshall Electronics","M-CT7 7"" LCD On-Camera HDMI Monitor with Nikon EN-EL3e Plate / Battery / Charger","M-CT7 7"" Portable Camera Top Field Monitor With Battery Plate/ Battery/ Charger",0
35200,"MI5028MAF","Minolta","(Minolta) Normal 50mm f/2.8 Macro Autofocus Lens","50mm f/2.8 N Macro Autofocus Lens",0
97402,"IIIIIIIIIQ","Misc","Macro 400mm f/5.6 APO Manual Focus Lens f/Olympus","Macro 400mm f/5.6 APO Manual Focus Lens f/Olympus",
92013,"NI3510535DAF","Nikon","Zoom Wide Angle-Tele 35-105mm f/3.5-4.5 D Auto Focus Lens","35-105 f/3.5-4.5 D Autofocus Lens",50
207360,"NI8040045AF","Nikon","AF VR Zoom-NIKKOR 80-400mm f/4.5-5.6D ED Lens","80-400 f/4.5-5.6D ED ""VR"" Lens ",270
520639,"NI40028GVRAF","Nikon","AF-S NIKKOR 400mm f/2.8G ED VR Lens","400mm f/2.8G AF-S ED VR Autofocus Lens (Black)",2200
149606,"NI2820035DAF","Nikon","Zoom Wide Angle-Telephoto AF Zoom Nikkor 28-200mm f/3.5-5.6 D IF Autofocus Lens","28-200 f/3.5-5.6 D IF Autofocus Lens",50
277215,"NI2820035GAF","Nikon","AF Zoom Nikkor 28-200mm f/3.5-5.6G ED-IF Autofocus Lens","28-200 f/3.5-5.6 G ED-IF Autofocus Lens",85
486460,"NID40X","Nikon","D40x SLR Digital Camera (Camera Body)","D40x SLR Digital Camera (Camera Body)",40
542460,"NID60","Nikon","D60 SLR Digital Camera","D60 SLR Digital Camera (Camera Body)",20
300467,"NISB800","Nikon","SB-800 Speedlight","SB-800 Speedlight Flash",35
255510,"NID100Q","Nikon","D100 Digital Camera (Camera Body)","D100 Digital Camera (Camera Body)",
258040,"NI2835H","Nikon","Wide Angle 28mm f/3.5 Nikkor-H Manual Focus Lens (Non-AI)","28mm f/3.5 Manual Focus Lens (Non-AI)",35
336470,"NI284PCN","Nikon","Shift 28mm f/4 PC (Perspective Control) Manual Focus Lens ","28mm f/4 PC Shift Manual Focus Lens for (Non-AI)",90
36953,"NI3528PC","Nikon","Shift 35mm f/2.8n PC Manual Focus Lens","35mm f/2.8N PC Manual Focus Lens",125
312915,"NI3514AI","Nikon","Wide Angle 35mm f/1.4 AI Manual Focus Lens","35mm f/1.4 AI Manual Focus Lens",250
258063,"NI8518AIM","Nikon","Telephoto 85mm f/1.8 Manual Focus Lens (AI Modified)","85mm f/1.8 Manual Focus Lens (AI Modified)",75
340647,"NI10525AI","Nikon","Telephoto 105mm f/2.5 AI Manual Focus Lens","105mm f/2.5 AI Manual Focus Lens",135
357016,"NI357035AI","Nikon","Zoom Wide Angle-Telephoto 35-70mm f/3.5 AI Manual Focus Lens (72mm)","35-70mm f/3.5 AI Manual Focus Lens (72mm)",75
260252,"NI5013535","Nikon","Zoom Normal Telephoto 50-135mm f/3.5 AIS Manual Focus Lens","50-135mm f/3.5 AIS Manual Focus Lens",75
606792,"NI3518DXAF","Nikon","AF-S DX NIKKOR 35mm f/1.8G Lens","35mm f/1.8 G AF-S ""DX"" Lens",60
486717,"NI5520045GAF","Nikon","AF-S DX VR Zoom-NIKKOR 55-200mm f/4-5.6G IF-ED Lens","55-200 f/4-5.6G ED AF-S ""VR"" DX Lens",40
37902,"NISB20","Nikon","SB-20 AF Speedlight Flash","SB-20 AF Speedlight Flash",20
247094,"NISB30","Nikon","SB-30 Speedlight","SB-30 Speedlight Flash",45
37916,"NISC17","Nikon","SC-17 TTL Off-Camera Shoe Cord","SC-17 TTL Off-Camera Shoe Cord",7
381796,"NI185535GAF","Nikon","18-55mm f/3.5-5.6G ED AF-S DX Lens","18-55 f/3.5-5.6G ED AF-S DX Lens",40
532521,"NI185535GVR","Nikon","AF-S DX NIKKOR 18-55mm f/3.5-5.6G VR Lens","18-55 f/3.5-5.6G ""VR"" AF-S DX Lens",30
258018,"NI1054MAI","Nikon","Telephoto Macro 105mm f/4 Micro Nikkor AI Manual Focus Lens","105mm f/4 Micro Nikkor AI Manual Focus Lens",65
207070,"NIN65","Nikon","N65 35mm SLR Autofocus Camera Body (Silver)","N65 35mm SLR Autofocus Camera Body (Silver)",30
36894,"NI18028ED","Nikon","Telephoto 180mm f/2.8 ED AIS Manual Focus Lens","180mm f/2.8 ED AIS Manual Focus Lens",140
220376,"NI288033GAF","Nikon","Zoom W/A-Telephoto AF Zoom Nikkor 28-80mm f/3.3-5.6G AF Lens","28-80 f/3.3-5.6G Nikkor AF Lens",25
245716,"NI4528PB","Nikon","Standard 45mm f/2.8 P AIS Manual Focus Lens - Black","45mm f/2.8 P AIS Manual Focus Lens - Black",225
545660,"NI6028GED","Nikon","AF-S Micro NIKKOR 60mm f/2.8G ED Lens","60mm f/2.8 G AF-S ED Macro Autofocus Lens",245
260304,"NI357035","Nikon","Zoom Wide Angle Telephoto 35-70mm f/3.5-4.8 AIS Manual Focus Lens","35-70/3.5-4.8 AIS",25
258060,"NI8020045AI","Nikon","Zoom Telephoto 80-200mm f/4.5 AI Manual Focus Lens","80-200mm f/4.5 AI Manual Focus Lens",25
199516,"NIN80","Nikon","N80 35mm SLR Autofocus Camera Body","N80 35mm SLR Autofocus Camera Body",60
66055,"NI35TI","Nikon","35Ti Autofocus 35mm Point & Shoot Camera with 35mm f/2.8 Lens","35Ti Point & Shoot Camera (35mm f/2.8 Lens)",350
484353,"NICPP5000","Nikon","Coolpix P5000 Digital Camera (Black)","Coolpix P5000 Digital Camera (Black)",50
381587,"NID501855","Nikon","D50 Digital Camera Kit with 18-55mm DX Lens","D50 Digital Camera Kit with 18-55mm DX Lens",0
131063,"NI2828DAF","Nikon","AF NIKKOR 28mm f/2.8D Lens","28mm f/2.8 D Nikkor Autofocus Lens",95
601943,"NICPL100","Nikon","Coolpix L100 Digital Camera (Matte Black)","Coolpix L100 Digital Camera (Matte Black)",30
672200,"NI30028GAFSL","Nikon","AF-S NIKKOR 300mm f/2.8G ED VR II Lens","300mm f/2.8G AF-S ED ""VR II"" Lens",1700
856047,"NID3200","Nikon","","D3200 Digital SLR Camera Body Only",70
570498,"NI4528NED","Nikon","PC-E Micro-NIKKOR 45mm f/2.8D ED Tilt-Shift Lens","45mm f/2.8D ED PC-E Micro  Manual Focus Lens",550
734447,"NICPS8100B","Nikon","CoolPix S8100 Digital Camera (Black)","Coolpix S8100 Digital Camera ",90
856064,"NI2818","Nikon","AF-S NIKKOR 28mm f/1.8G Lens","28mm f/1.8 G AF-S Lens",165
872406,"NI248535AFS","Nikon","AF-S NIKKOR 24-85mm f/3.5-4.5G ED VR Lens","24-85mm f/3.5-4.5G ED AD-S ""VR"" Lens",180
823585,"NI1J110S","Nikon","1 J1 Mirrorless Digital Camera with 10mm WA/10-30mm Zoom Lens (Silver)","1 J1 Mirrorless Digital Camera with 10mm WA/10-30mm Zoom Lens ",0
936121,"NI8040045GED","Nikon","AF-S NIKKOR 80-400mm f/4.5-5.6G ED VR Lens","80-400 f/4.5-5.6G ED ""AF-S"" VR Lens  ",500
1175036,"NI2418GED","Nikon","AF-S NIKKOR 24mm f/1.8G ED Lens","24mm f/1.8G AF-S ED Lens",200
841476,"NIWT5A","Nikon","WT-5A Wireless Transmitter","WT-5A Wireless Transmitter",40
1023353,"NID33001855B","Nikon","D3300 DSLR Camera with 18-55mm Lens (Black)","D3300 DSLR Camera with 18-55mm VRII Lens (Black)",165
1082607,"NI2018","Nikon","AF-S NIKKOR 20mm f/1.8G ED Lens","20mm f/1.8 G AF-S ED Lens",250
1023361,"NI3518","Nikon","AF-S NIKKOR 35mm f/1.8G ED Lens","35mm f/1.8 G AF-S ""ED"" Lens",225
1082612,"NIMBD16","Nikon","MB-D16 Multi Battery Power Pack","MB-D16 Multi Power Battery Pack for D750",5
1029619,"NICPP530B","Nikon","COOLPIX P530 Digital Camera (Black)","COOLPIX P530 Digital Camera (Black)",125
1357398,"NIMBD18","Nikon","MB-D18 Multi-Power Battery Pack ","MB-D18 Multi-Power Battery Pack",100
1214153,"NID5CF","Nikon","D5 DSLR Camera (Body Only, Dual CF Slots)","D5 DSLR Camera (Body Only, Dual CF Slots)",1300
1341603,"NI102045VR","Nikon","AF-P DX NIKKOR 10-20mm f/4.5-5.6G VR Lens","10-20mm f/4.5-5.6G VR AF-P  Lens ",115
1578205,"NIZ52450","Nikon","Z5 Mirrorless Camera with 24-50mm Lens","Z5 Mirrorless Digital Camera with 24-50mm Lens",550
1669885,"NIZ10040045","Nikon","NIKKOR Z 100-400mm f/4.5-5.6 VR S Lens","100-400mm f/4.5-5.6 VR S NIKKOR Z Lens",1300
1679311,"NIZ80063","Nikon","NIKKOR Z 800mm f/6.3 VR S Lens (Nikon Z)","800mm f/6.3 VR NIKKOR Z S Lens",3100
910081,"NICPS6500O","Nikon","COOLPIX S6500 Digital Camera (Orange)","COOLPIX S6500 Digital Camera (Orange)",90
328130,"NI8020045N","Nikon","80-200mm f/4.5 Manual Focus Lens (Non-AI, NOT for Digital)","80-200mm f/4.5 Manual Focus Lens (Non-AI, NOT for Digital)",25
1835569,"NIZ632470","Nikon","Z6 III Mirrorless Camera with 24-70mm f/4 S Lens","Z6 III Mirrorless Camera with 24-70mm f/4 S Lens",1600
818667,"NICPS8200R","Nikon","COOLPIX S8200 Digital Camera (Red)","COOLPIX S8200 Digital Camera (Red)",75
36958,"NI357033AF","Nikon","Zoom Wide Angle-Telephoto 35-70mm f/3.3-4.5 AF Autofocus Lens","Zoom Wide Angle-Telephoto 35-70mm f/3.3-4.5 AF Autofocus Lens",20
1120471,"NICPL840B","Nikon","COOLPIX L840 Digital Camera (Black)","COOLPIX L840 Digital Camera (Black)",40
36939,"NI30045ED","Nikon","Telephoto 300mm f/4.5 ED IF AIS Manual Focus Lens","Telephoto 300mm f/4.5 ED IF AIS Manual Focus Lens",75
1462783,"NICPB600B","Nikon","COOLPIX B600 Digital Camera (Black)","COOLPIX B600 Digital Camera (Black)",130
842344,"NICPS3300P","Nikon","Coolpix S3300 Digital Camera (Pink)","Coolpix S3300 Digital Camera (Pink)",55
1029615,"NICPAW120BL","Nikon","COOLPIX AW120 Waterproof Digital Camera (Blue)","COOLPIX AW120 Waterproof Digital Camera (Blue)",100
999546,"NICPL620B","Nikon","COOLPIX L620 Digital Camera (Black)","COOLPIX L620 Digital Camera (Black)",40
1889823,"NIZ52","Nikon","Z5 II Mirrorless Camera","Z5 II Mirrorless Camera",890
1747132,"OM9035P","OM SYSTEM","M.Zuiko Digital ED 90mm f/3.5 Macro IS PRO Lens (Micro Four Thirds)","M.Zuiko Digital ED 90mm f/3.5 Macro IS PRO Lens (Micro Four Thirds)",900
1730591,"OMOM5S","OM SYSTEM","OM-5 Mirrorless Camera (Silver)","OM-5 Mirrorless Camera (Silver)",350
1876132,"OMOM3B","OM SYSTEM","OM-3 Mirrorless Camera","OM-3 Mirrorless Camera",800
1876449,"OM100400MZ2","OM SYSTEM","M.Zuiko Digital ED 100-400mm f/5-6.3 IS II Lens (Micro Four Thirds)","M.Zuiko Digital ED 100-400mm f/5-6.3 IS II Lens (Micro Four Thirds)",800
1900659,"OMOM5M2B","OM SYSTEM","OM-5 Mark II Mirrorless Camera (Black)","OM-5 Mark II Mirrorless Camera (Black)",600
527566,"OL5020028SWD","Olympus","50-200mm f/2.8-3.5 ED SWD Zuiko Zoom Lens for Olympus Digital Cameras","50-200 f/2.8-3.5 ED ""SWD"" Lens for Olympus Digital ",140
527565,"OL126028L","Olympus","12-60mm f/2.8-4 ED SWD Zuiko Zoom Lens for Olympus Digital Cameras","12-60 f/2.8-4 ED SWD Lens for Digital slr",0
278681,"OLFL20","Olympus","FL-20 Flash","FL-20 Flash",20
486567,"OLEE410","Olympus","Evolt E-410 Digital Camera (Camera Body)","Evolt E-410 Digital Camera (Camera Body)",0
659411,"OLEP21442VB","Olympus","E-P2 Pen Digital Camera  w/ 14-42mm Zuiko Lens & Electronic Viewfinder (Black)","E-P2 Pen Digital Camera  w/14-42mm Zuiko Lens & Electronic Viewfinder ",100
805165,"OL4518","Olympus","M.Zuiko Digital 45mm f/1.8 Lens (Silver)","45mm f/1.8 Lens MICRO 4/3",100
808139,"OLEPL317B","Olympus","E-PL3 Mirrorless Micro Four Thirds Digital Camera with 17mm f/2.8 Lens (Black)","E-PL3 Digital Camera with 17mm Lens ",0
489407,"OL4015040","Olympus","Zuiko Digital ED 40-150mm f/4-5.6 Lens","40-150mm f/4-5.6 Zuiko ED Zoom Lens for (4/3 System)",0
892509,"OLXZ2B","Olympus","STYLUS XZ-2 iHS Digital Camera (Black)","STYLUS XZ-2  iHS Digital Camera (Black)",100
1026123,"OL2518MB","Olympus","M.Zuiko Digital 25mm f/1.8 Lens (Black)","25mm f/1.8 M-4/3 Lens (Black)",150
1026132,"OL98B","Olympus","Fisheye Body Cap 9mm f/8 Lens","9mm f/8.0 Fisheye Body Cap Lens (Black)",30
842939,"OLFL600RF","Olympus","FL-600R Flash","FL-600R Flash",45
1026124,"OL2518MS","Olympus","M.Zuiko Digital 25mm f/1.8 Lens (Silver)","25mm f/1.8 Lens M-4/3 (Silver)",125
1281432,"OLFL900R","Olympus","FL-900R Electronic Flash","FL-900R Electronic Flash",175
1082049,"OLMC1414X","Olympus","MC-14 M.Zuiko Digital 1.4x Teleconverter"," MC-14 1.4x Teleconverter m-4/3",150
1366997,"OL4512ED","Olympus","M.Zuiko Digital ED 45mm f/1.2 PRO Lens","45mm f/1.2 PRO ED Lens",420
1540741,"OLEM1312100K","Olympus","OM-D E-M1 Mark III Mirrorless Camera with 12-100mm Lens","OM-D E-M1 Mark III Mirrorless Digital Camera with 12-100mm Lens",850
1506349,"OLEM5M3S","Olympus","OM-D E-M5 Mark III Mirrorless Camera (Silver)","OM-D E-M5 Mark III Mirrorless Digital Camera (Body Only, Silver)",350
1552768,"OLEM5M31245S","Olympus","OM-D E-M5 Mark III Mirrorless Camera with 12-45mm Lens (Silver)","OM-D E-M5 Mark III Mirrorless Digital Camera with 12-45mm Lens (Silver)",500
1281429,"OL3035ED","Olympus","M.Zuiko Digital ED 30mm f/3.5 Macro Lens","M.Zuiko Digital ED 30mm f/3.5 Macro Lens",100
910186,"OLSZ16S","Olympus","SZ-16 iHS Digital Camera (Silver)","SZ-16 iHS Digital Camera (Silver)",50
1335061,"OLTG5B","Olympus","Tough TG-5 Digital Camera (Black)","Tough TG-5 Digital Camera (Black)",125
597285,"PAHDCHS250K","Panasonic","HDC-HS250 120GB Full HD Camcorder ","HDC-HS250 HDD/SD Card Hybrid High Definition Camcorder  ",40
306049,"PAAGYUSC100","Panasonic","AG-YUSC100 Soft Carry Case","AG-YUSC100 Soft Carry Case",15
276816,"PAAGMC100G","Panasonic","AGMC100G Unidirectional XLR Microphone","AGMC100G Unidirectional XLR Microphone",50
429195,"PADMCL11450","Panasonic","Lumix DMC-L1 Digital Camera with Leica 14-50mm Lens","Lumix DMC-L1 Digital Camera with Leica 14-50mm Lens",
574627,"PADMCFZ28KK1","Panasonic","Lumix DMC-FZ28 Digital Camera (Black) with Basic Accessory Kit","Lumix DMC-FZ28 Digital Camera ",40
569274,"PAHDCHS100","Panasonic","HDC-HS100 60GB HDD/SD Flash Memory Hybrid Camcorder","HDC-HS100 60GB HDD/SD Flash Memory Hybrid Camcorder",0
520764,"PADMCL10K","Panasonic","Lumix DMC-L10 SLR Digital Camera with Leica 14-50mm Lens","Lumix DMC-L10 Digital slr with 14-50mm f3.8-5.6 Lens",0
604725,"PAAGHPX300","Panasonic","AG-HPX300 P2HD Camcorder","AG-HPX300 P2HD Camcorder",0
674739,"PAHDCTM55K","Panasonic","HDC-TM55K High Definition Camcorder","HDC-TM55K High Definition Camcorder",0
639338,"PADMCFZ35K","Panasonic","Lumix DMC-FZ35 Digital Camera","Lumix DMC-FZ35 Digital Camera",0
602300,"PADMCZS1K","Panasonic","Lumix DMC-ZS1 Digital Camera (Black)","Lumix DMC-ZS1 Digital Camera (Black)",70
597288,"PAHDCTM20K","Panasonic","HDC-TM20 16GB Full High Definition Camcorder (Black)","HDC-TM20 16GB Built-In Memory/SD Card Twin Memory HD Camcorder ",0
673680,"PADMCZS5K","Panasonic","LUMIX DMC-ZS5 Digital Camera (Black)","LUMIX DMC-ZS5 Digital Camera (Black)",40
682980,"PA144235","Panasonic","Lumix G Vario 14-42mm f/3.5 -5.6 Asph. / MEGA O.I.S. Lens","14-42mm f/3.5 -5.6 Asph MEGA Lumix O.I.S. Lens",55
768477,"PADMCG3KK","Panasonic","Lumix DMC-G3 Mirrorless Micro Four Thirds Digital Camera with G Vario 14-42mm f/3.5 - 5.6 Lens (Black)","DMC-G3 Digital Camera w/14-42 lens (Black)",100
749866,"PASDRS70K","Panasonic","SDR-S70 Camcorder (Black)","SDR-S70 Camcorder (Black)",0
749944,"PAHDCSD80S","Panasonic","HDC-SD80 High Definition Camcorder (Silver)","HDC-SD80 High Definition Camcorder (Silver)",0
857414,"PAAGAC130A","Panasonic","AG-AC130A AVCCAM HD Handheld Camcorder","AG-AC130A AVCCAM HD Handheld Camcorder",0
1082467,"PADMCLX100S","Panasonic","Lumix DMC-LX100 Digital Camera (Silver)","DMC-LX100 Digital Camera (Silver)",300
651734,"PA4528","Panasonic","Leica DG Macro-Elmarit 45mm f/2.8 ASPH. MEGA O.I.S. Lens","45mm f/2.8 ASPH  Leica DG Macro-Elmarit m-4/3 MEGA O.I.S. Lens",160
1041520,"PA1517S","Panasonic","LUMIX G Leica DG Summilux 15mm f/1.7 ASPH. Lens (Silver)","15mm f/1.7 ASPH LUMIX G Leica DG Summilux Lens (Silver)",265
1226386,"PAAUV35LT1G","Panasonic","Cinema VariCam LT 4K S35 Digital Cinema Camera (EF Mount)","Cinema VariCam LT 4K S35 Digital Cinema Camera (EF Mount)",800
1304871,"PA1003004A","Panasonic","LUMIX G Vario 100-300mm f/4-5.6 II POWER O.I.S. Lens","100-300mm f/4-5.6 ""II""  POWER O.I.S. Lens",300
1451846,"PAAGCX350","Panasonic","AG-CX350 4K Camcorder","AG-CX350 4K Camcorder",1300
1304867,"PA126028LDG","Panasonic","Leica DG Vario-Elmarit 12-60mm f/2.8-4 ASPH. POWER O.I.S. Lens","12-60mm f/2.8-4 ASPH Leica DG Lens",300
1281970,"PADMWBGG1","Panasonic","DMW-BGG1 Battery Grip","DMW-BGG1 Battery Grip for Lumix DMC-G85",25
1641783,"PADCGH6","Panasonic","Lumix GH6 Mirrorless Camera","Lumix DC-GH6 Mirrorless Camera",555
1538307,"PAAGCX10","Panasonic","AG-CX10 4K Camcorder","AG-CX10 4K Camcorder",700
1109405,"PAHCV770","Panasonic","HC-V770K Full HD Camcorder","HC-V770K Full HD Camcorder",225
1304874,"PADCFZ80B","Panasonic","Lumix DC-FZ80 Digital Camera","Lumix DC-FZ80 Digital Camera",180
1724310,"PA1818","Panasonic","LUMIX S 18mm f/1.8 Ultra-Wide-Angle Lens","18mm f/1.8 Ultra-Wide-Angle Lens Lumix S ",440
1455169,"PA5014S","Panasonic","LUMIX S PRO 50mm f/1.4 Lens","Lumix S PRO 50mm f/1.4 Lens",900
1280825,"PADMCG85","Panasonic","Lumix DMC-G85 Mirrorless Micro Four Thirds Digital Camera (Body Only)","Lumix DMC-G85 Mirrorless Micro Four Thirds Digital Camera (Body Only)",250
1742429,"PADCS5M2KK","Panasonic","Lumix S5 II Mirrorless Camera with 20-60mm Lens","Lumix S5 II Mirrorless Camera with 20-60mm Lens",850
1945162,"PADCS5M2XB9","Panasonic","LUMIX S5 IIX Mirrorless Camera","LUMIX S5 IIX Mirrorless Camera",1100
1945155,"PADCG9M2B9","Panasonic","LUMIX G9 II Mirrorless Camera","LUMIX G9 II Mirrorless Camera",900
573592,"PADMCLX3K","Panasonic","Lumix DMC-LX3 Digital Camera (Black)","Lumix DMC-LX3 Digital Camera (Black)",120
1858877,"PAHCV900","Panasonic","HC-V900 HD Camcorder with 24x Zoom","HC-V900 HD Camcorder with 24x Zoom",350
1382031,"PADCGH5S","Panasonic","Lumix GH5S Mirrorless Camera","Lumix GH5S Mirrorless Camera",450
1455070,"PADCS1R","Panasonic","Lumix S1R Mirrorless Camera","Lumix S1R Mirrorless Camera",600
910517,"PADMCLZ30B","Panasonic","Lumix DMC-LZ30 Digital Camera","Lumix DMC-LZ30 Digital Camera",40
145117,"PE3004ED645N","Pentax","SMCP-FA 645N 300mm f/4 ED (IF)","300mm f/4 ED (IF) FA Auto Focus Lens For 645N",0
542045,"PEK200D1855","Pentax","K200D SLR Digital Camera Kit with 18-55mm Lens","K200D SLR Digital Camera Kit with 18-55mm Lens",0
40755,"PE5014FA","Pentax","Normal SMCP-FA 50mm f/1.4 Autofocus Lens","50mm f/1.4  SMCP-FA Autofocus Lens",65
526240,"PE1825035E","Pentax","SMCP-DA 18-250mm f/3.5-6.3 ED AL (IF) Autofocus Lens for Digital SLR","18-250 f/3.5-6.3 ED SMCP-DA AL (IF) Lens for Digital SLR",90
306155,"PE9028LS67","Pentax","SMCT-67 90mm f/2.8 Leaf Shutter Lens","90mm f/2.8 Leaf Shutter Lens For 67",125
40618,"PE1052467","Pentax","SMCP-67 105mm f2.4 Lens","105mm f/2.4  SMC Lens For 67 ",200
350516,"PE2004T67","Pentax","Telephoto 200mm f/4 SMC-Takumar Lens for 67","200mm f/4 SMC-Takumar Lens for 67",60
40738,"PE300467","Pentax","Telephoto 300mm f/4 Lens for Pentax 67","300mm f/4 SMC Lens for 67",110
151027,"PE551004567","Pentax","Zoom 55-100mm f/4.5 SMCP-67 Lens for Pentax 67","55-100 f/4.5 SMCP Lens for 67",0
145116,"PE7528645N","Pentax","75mm f/2.8 Auto Focus Lens","75mm f/2.8 FA Auto Focus Lens",100
438214,"PEK110D","Pentax","K110D Digital Camera (Camera Body)","K110D Digital Camera (Camera Body)",60
147604,"PE645NK","Pentax","645N Medium Format SLR Autofocus Camera Kit","645N Autofocus Camera, 75mm f2.8 FA,120 Film Insert",0
246705,"PE5511056645","Pentax","SMCP-FA 645N 55-110mm f/5.6","55-110 f/5.6 FA Auto focus Lens For 645N ",200
40774,"PE754567","Pentax","SMCP-67 75mm f/4.5","75mm f/4.5 SMC lens For 67 ",140
350509,"PE7545T67","Pentax","Wide Angle 75mm f/4.5 SMC-Takumar Lens for 67","75mm f/4.5 SMC-Takumar Lens for 67",125
180121,"PE352ALFA","Pentax","Wide Angle 35mm f/2.0 SMCP-FA  AL Autofocus Lens","35mm f/2 SMCP-FA Autofocus Lens",85
376627,"PE753004FAB","Pentax","SMCP-FA J 75-300mm f/4.5-5.8 AL Autofocus Lens (Black)","75-300 f/4.5-5.8 AL Autofocus Lens ",35
247254,"PE645N2","Pentax","645N II AF Camera Body","645N II AF Camera Body",0
246704,"PE335545645","Pentax","SMCP-FA 645N 33-55mm f/4.5 AL","33-55mm f/4.5 AL FA Lens for 645N",200
634598,"PE185535WR","Pentax","DA 18-55mm f/3.5-5.6 AL WR Zoom Lens","18-55mm f/3.5-5.6 DA AL WR Zoom Lens",60
735971,"PEK5B","Pentax","K-5 Digital SLR Camera (Body Only) (Black)","K-5 Digital SLR Camera (Black)",120
860656,"PEK30B","Pentax","K-30 DSLR Camera (Body Only) (Black)","K-30 Digital Camera (Body Only)",120
864663,"PE5018DA","Pentax","smc DA 50mm f/1.8 Lens","50mm f/1.8 DA Lens",30
1117719,"PE15045045","Pentax","HD PENTAX D FA 150-450mm f/4.5-5.6 DC AW Lens","150-450mm f/4.5-5.6 HD DC D FA AW Lens",800
1002145,"PEAF540FGZ2","Pentax","AF540FGZ II Flash","AF540FGZ II Flash",175
1225870,"PE2810535ED","Pentax","HD PENTAX-D FA 28-105mm f/3.5-5.6 ED DC WR Lens","HD PENTAX-D FA 28-105mm f/3.5-5.6 ED DC WR Lens",180
1002133,"PE2132DALS","Pentax","HD Pentax DA 21mm f/3.2 AL Limited Lens (Silver)","HD Pentax DA 21mm f/3.2 AL Limited Lens (Silver)",150
1567802,"PE8514SDM","Pentax","HD PENTAX-D FA* 85mm f/1.4 ED SDM AW Lens","HD PENTAX-D FA* 85mm f/1.4 ED SDM AW Lens",700
40758,"PE502","Pentax","Normal SMCP-A 50mm f/2.0 Manual Focus Lens","Normal SMCP-A 50mm f/2.0 Manual Focus Lens",25
41213,"PEK1000","Pentax","K1000 35mm SLR Manual Focus Camera Body","K1000 35mm SLR Manual Focus Camera Body",140
236218,"PEPCUB2","Petrol","PCUB-2 U-Bag 2 Camera Bag","PCUB-2 U-Bag 2 Camera Bag",40
203319,"POCSDV3","PortaBrace","CS-DV3 Mini-DV Camcorder Case","CS-DV3 Mini-DV Camcorder Case",
1078633,"RO8515SE","Rokinon","85mm T1.5 Cine DS Lens for Sony E-Mount","85mm T1.5 Cine DS Lens for Sony E-Mount",90
1110677,"RO1352MFT","Rokinon","135mm f/2.0 ED UMC Lens for Micro Four Thirds Mount","135mm f/2.0 ED UMC Lens for Micro Four Thirds Mount",0
1112210,"RO1622C","Rokinon","16mm T2.2 Cine DS Lens for Canon EF Mount for APS-C","16mm T2.2 Cine DS Lens for Canon EF Mount for APS-C",150
769428,"RO835C","Rokinon","8mm f/3.5 Fisheye Lens for Canon EF","8mm f/3.5 Fisheye Lens for Canon EF",85
1593677,"RO3518AFSE","Rokinon","AF 35mm f/1.8 FE Lens for Sony E","35mm f/1.8 FE AF Lens for Sony E",125
1413345,"RO2428E","Rokinon","AF 24mm f/2.8 FE Lens for Sony E","AF 24mm f/2.8 FE Lens for Sony E",100
684949,"RORL48AS","Rotolight","RL48-A Professional HD-LED Ringlight","RL48-A Microphone Mounted Camcorder Light",
684949,"RORL48AS","Rotolight","RL48-A Professional HD-LED Ringlight","RL48-A Microphone Mounted Camcorder Light",29
469486,"AA400PX","Samsung","SyncMaster 400PX 40"" Widescreen LCD Multimedia Monitor","SyncMaster 400PX 40"" Widescreen LCD Multimedia Monitor",
300412,"SEL558C","Sekonic","L-558C Dualmaster Cine Meter","L-558C Dualmaster Cine Meter",195
46888,"SEL328","Sekonic","L-328 Digilite F - Digital Incident, Reflected and Flash Light Meter","L-328  Incident & Flash Light Meter",75
904658,"SEMS66K","Senal","MS-66-K DSLR/Video Mini Shotgun Microphone Kit","MS-66-K DSLR/Video Mini Shotgun Microphone Kit",30
389300,"SI18035DGNAF","Sigma","180mm f/3.5 EX DG APO Macro IF HSM Autofocus Lens for Nikon AF","180mm f/3.5 EX DG APO Macro IF HSM Lens for Nikon AF",125
380688,"SI5050046NAF","Sigma","50-500mm f/4-6.3 EX DG HSM Autofocus Lens for Nikon AF-D","50-500 f/4.0-6.3 EX DG HSM Lens for Nikon AF",250
381610,"SI102045DCAF","Sigma","10-20mm f/4-5.6 EX DC HSM Lens for Canon EF Mount","10-20mm f/4-5.6 EX DC HSM Lens for Canon Digital",65
217799,"SI2018NAF","Sigma","Super W/A 20mm f/1.8 EX Aspherical DG DF RF AF Lens for Nikon","20mm f/1.8 EX Aspherical DG Lens for NIKON AF ",75
179370,"SI1528CAF","Sigma","Fisheye 15mm f/2.8 EX Diagonal Fisheye Autofocus Lens for Canon EOS","15mm f/2.8 EX Fisheye Lens for Canon EOS",125
396821,"SI703004MAF","Sigma","70-300mm f/4-5.6 DG Macro Lens for Sony and Minolta Cameras","70-300 f/4-5.6 DG Macro AF Lens Sony/minolta",0
47461,"SI2818NAF","Sigma","Wide Angle 28mm f/1.8 II Aspherical Autofocus Lens for Nikon AF-D","28mm f/1.8 II Aspheric Lens for Nikon AF-D",50
302698,"SI122445CAF","Sigma","12-24mm f/4.5-5.6 AF Lens","12-24 f/4.5-5.6 EX DG HSM Lens Canon Digital",110
121733,"SI13540045CA","Sigma","Zoom Telephoto 135-400mm f/4.5-5.6 APO Aspherical AF Lens","135-400 f/4.5-5.6 APO Lens for Canon EOS",150
533556,"SI7020028N","Sigma","70-200mm f/2.8 II EX DG APO Macro HSM AF Lens for Nikon","70-200mm f/2.8 EX DG APO Macro HSM-II Lens for Nikon AF",240
560578,"SI5014N","Sigma","50mm f/1.4 EX DG HSM Lens for Nikon F","50mm f/1.4 EX DG HSM Autofocus Lens for Nikon AF",80
391074,"SI703004DGCA","Sigma","70-300mm f/4-5.6 APO DG Macro Lens for Canon EOS Cameras","70-300 f/4-5.6 APO ""DG"" Macro Lens for Canon EOS",50
440661,"SI835NA","Sigma","8mm f/3.5 EX DG Circular Fisheye Lens for Nikon F","8mm f/3.5 EX ""DG"" Fisheye Lens for Nikon AF",175
302697,"SI122445NAF","Sigma","12-24mm f/4.5-5.6 EX DG Aspherical HSM Wide Angle Autofocus Zoom for Nikon AF","12-24 f/4.5-5.6 EX DG HSM Lens for Nikon Digital",95
283380,"SI2413528ACA","Sigma","24-135mm f/2.8-4.5 Autofocus Lens for Canon EOS","24-135 f/2.8-4.5 Autofocus Lens for Canon EOS",65
401613,"SI13540045CQ","Sigma","Zoom Telephoto 135-400mm f/4.5-5.6 APO DG Aspherical AF Lens","135-400 f/4.5-5.6 APO DG Lens for Canon EOS",200
335764,"SI5520045MAF","Sigma","55-200mm f/4-5.6 DC Lens for Digital SLR","55-200 f/4-5.6 DC Lens for Sony/minolta Digital",0
755328,"SI12030028C","Sigma","120-300mm f/2.8 EX DG OS APO HSM AF Lens (For Canon)","120-300mm f/2.8 APO EX DG ""OS"" HSM lens (For Canon)",745
552449,"SIEF140","Sigma","EF-140 DG Shoe Mount Flash for DP1 Camera (Guide No. 46'/14 m)","EF-140 DG Flash for DP1 Camera",25
596258,"SI247028NF","Sigma","24-70mm f/2.8 IF EX DG HSM Lens for Nikon F","24-70mm f/2.8 IF EX DG ""HSM"" Lens for Nikon AF",245
596257,"SI247028C","Sigma","24-70mm f/2.8 IF EX DG HSM Lens for Canon EF","24-70mm f/2.8 IF EX DG ""HSM"" Lens for Canon EOS",200
407585,"SI120300DGCA","Sigma","Zoom Telephoto 120-300mm f/2.8 EX APO DG IF HSM AF Lens","120-300mm f/2.8 EX APO ""DG"" IF HSM F/Canon AF",0
755357,"SI122445C","Sigma","12-24mm f/4.5-5.6 DG HSM II Lens (For Canon)","12-24mm f/4.5-5.6 EX DG ASP HSM ""II"" CANON ",230
909805,"SI1770284DCN","Sigma","17-70mm f/2.8-4 DC Macro OS HSM Contemporary Lens for Nikon F","17-70mm f/2.8-4 DC Macro OS HSM Lens for Nikon (new)",90
384408,"SI80056NAF","Sigma","APO 800mm f/5.6 EX DG HSM Lens for Nikon F","800mm f/5.6 EX ""DG"" APO HSM for Nikon AF-D",800
381605,"SI300800DGCA","Sigma","APO 300-800mm f/5.6 EX DG HSM Lens for Canon EF","300-800mm f/5.6 EX ""DG"" APO IF HSM For Canon AF",1400
918894,"SI3014DCHSMC","Sigma","30mm f/1.4 DC HSM Art Lens for Canon EF","30mm f/1.4 DC HSM ""A"" Lens for Canon Digital ""NEW""",160
827697,"SI1820035CQ","Sigma","18-200mm f/3.5-6.3 II DC OS HSM Lens for Canon Digital EOS","18-200mm f/3.5-6.3 ""II"" DC OS HSM Lens for Canon Digital EOS",80
898836,"SI3514N","Sigma","35mm f/1.4 DG HSM Art Lens for Nikon F","35mm f/1.4 DG HSM Lens for Nikon DSLR Cameras",200
1082152,"SI1506005SC","Sigma","150-600mm f/5-6.3 DG OS HSM Sports Lens for Canon EF","150-600mm f/5-6.3 DG OS HSM ""Sport"" Lens for Canon EF",850
1082154,"SI1506005CC","Sigma","150-600mm f/5-6.3 DG OS HSM Contemporary Lens for Canon EF","150-600mm f/5-6.3 DG OS HSM Contemporary Lens for Canon EF",740
670028,"SI177028DCSM","Sigma","17-70mm f/2.8-4 DC Macro HSM Lens for Sony/Minolta Digital Cameras","17-70mm f/2.8-4 DC Macro HSM Lens for Sony/Minolta",75
689623,"SI175028NI","Sigma","17-50mm f/2.8 EX DC OS HSM Lens for Nikon F","17-50mm f/2.8 EX DC ""OS"" HSM Zoom Lens for Nikon",85
1009624,"SI241054SO","Sigma","24-105mm f/4 DG HSM Art Lens for Sony A","24-105mm F/4 DG OS HSM Lens for Sony ",245
171110,"SI30028ANAF","Sigma","Telephoto 300mm f/2.8 EX APO HSM Autofocus Lens for Nikon AF-D","300mm f/2.8 EX APO HSM Autofocus Lens for Nikon AF-D",500
1082354,"SITC1401N","Sigma","TC-1401 1.4x Teleconverter for Nikon F","TC-1401 1.4x Teleconverter for Nikon F",140
633611,"SI102035S","Sigma","10-20mm f/3.5 EX DC HSM Lens for Sony A","10-20mm f/3.5 EX DC HSM Autofocus Zoom Lens for Sony Alpha",70
1120085,"SI2414DGC","Sigma","24mm f/1.4 DG HSM Art Lens for Canon EF","24mm f/1.4 DG HSM Art Lens for Canon EF",275
741717,"SIEF610C","Sigma","EF-610 DG Super Flash for Canon Cameras","EF-610 DG Super Flash for Canon Cameras",0
1393486,"SI10514N","Sigma","105mm f/1.4 DG HSM Art Lens for Nikon F","105mm f/1.4 DG HSM Art Lens for Nikon F",650
1321312,"SI100400C","Sigma","100-400mm f/5-6.3 DG OS HSM Contemporary Lens for Canon EF","100-400mm f/5-6.3 DG OS HSM Contemporary Lens for Canon EF",460
1321306,"SI1418CEF","Sigma","14mm f/1.8 DG HSM Art Lens for Canon EF","14mm f/1.8 DG HSM Art Lens for Canon EF",700
1393489,"SI1418SO","Sigma","14mm f/1.8 DG HSM Art Lens for Sony E","14mm f/1.8 DG HSM Art Lens for Sony E",450
1234029,"SI5010018DCC","Sigma","50-100mm f/1.8 DC HSM Art Lens for Canon EF","50-100mm f/1.8 DC HSM Art Lens for Canon EF",500
1661252,"SI9028E","Sigma","90mm f/2.8 DG DN Contemporary Lens for Sony E","90mm f/2.8 DG DN Contemporary Lens for Sony E",255
47788,"SI9028MC","Sigma","Telephoto 90mm f/2.8 Macro Manual Focus Lens for Canon FD","Telephoto 90mm f/2.8 Macro Manual Focus Lens for Canon FD",
1510008,"SI5614EFM","Sigma","56mm f/1.4 DC DN Contemporary Lens (Canon EF-M)","56mm f/1.4 DC DN Contemporary Lens for Canon EF-M",220
1393494,"SI8514SO","Sigma","85mm f/1.4 DG HSM Art Lens for Sony E","85mm f/1.4 DG HSM Art Lens for Sony E",400
1605134,"SI652E","Sigma","65mm f/2 DG DN Contemporary Lens for Sony E","65mm f/2 DG DN Contemporary Lens for Sony E",220
1568624,"SI100400L","Sigma","100-400mm f/5-6.3 DG DN OS Contemporary Lens (Leica L)","100-400mm f/5-6.3 DG DN OS Contemporary Lens for Leica L",375
1732220,"SI185028DCFX","Sigma","18-50mm f/2.8 DC DN Contemporary Lens (FUJIFILM X)","18-50mm f/2.8 DC DN Contemporary Lens for FUJIFILM X",285
1436293,"SI5614DCM43","Sigma","56mm f/1.4 DC DN Contemporary Lens (Micro Four Thirds)","56mm f/1.4 DC DN Contemporary Lens (Micro Four Thirds)",220
1436297,"SI7020028OSC","Sigma","70-200mm f/2.8 DG OS HSM Sports Lens for Canon EF","70-200mm f/2.8 DG OS HSM Sports Lens for Canon EF",775
1690332,"SI5614F","Sigma","56mm f/1.4 DC DN Contemporary Lens (FUJIFILM X)","56mm f/1.4 DC DN Contemporary Lens (FUJIFILM X)",210
1829962,"SI284518E","Sigma","28-45mm f/1.8 DG DN Art Lens (Sony E)","28-45mm f/1.8 DG DN Art Lens (Sony E)",625
1829963,"SI284518L","Sigma","28-45mm f/1.8 DG DN Art Lens (Leica L)","28-45mm f/1.8 DG DN Art Lens (Leica L)",650
1808884,"SI50056SL","Sigma","500mm f/5.6 DG DN OS Sports Lens (Leica L)","500mm f/5.6 DG DN OS Sports Lens (Leica L)",1600
1881813,"SI1630035F","Sigma","16-300mm f/3.5-6.7 DC OS Contemporary Lens (FUJIFILM X)","16-300mm f/3.5-6.7 DC OS Contemporary Lens (FUJIFILM X)",350
1847641,"SI28105L","Sigma","28-105mm f/2.8 DG DN Art Lens (L-Mount)","28-105mm f/2.8 DG DN Art Lens (L-Mount)",700
545867,"SO7030045","Sony","70-300mm f/4.5-5.6 G SSM Lens","70-300 f/4.5-5.6G SSM Autofocus Lens ",200
330907,"SOBPGL95","Sony","BP-GL95A 14.4V Graphite Lithium-Ion V-Mount Battery (95Wh)","BP-GL95 Li-Ion V-Mount Battery",0
493513,"SOHDRSR7","Sony","HDR-SR7 AVC HD 60GB Hard-Disc Handycam Camcorder","HDR-SR7 60GB High Ddefinition Camcorder",0
439153,"SO111845","Sony","DT 11-18mm f/4.5-5.6 Lens","11-18mm f/4.5-5.6 DT Lens",80
463923,"SO1680","Sony","Vario-Sonnar T* DT 16-80mm f/3.5-4.5 ZA Lens","16-80mm f/3.5-4.5 Carl Zeiss DT Autofocus Lens",75
439160,"SO5014","Sony","50mm f/1.4 Lens","50mm f/1.4 Autofocus Lens",0
242757,"SOGVD1000","Sony","GVD-1000 Mini DV Walkman","GVD-1000 Mini DV Walkman",150
608726,"SOVGC90AM","Sony","VG-C90AM Vertical Grip ","VG-C90AM VERTICAL GRIP w/CONTROL f/DSLR-A900",25
582769,"SO704004","Sony","70-400mm f/4-5.6 G Alpha A-Mount Telephoto Zoom Lens","70-400mm f/4-5.6 G SSM Autofocus Lens ",300
597658,"SOHDRXR100","Sony","HDR-XR100 80GB High Definition Handycam Camcorder ","HDR-XR100 80GB High Definition Handycam Camcorder ",0
545868,"SO247028","Sony","24-70mm f/2.8 Carl Zeiss T* Alpha A-Mount Standard Zoom Lens","24-70mm f/2.8 ZA Carl Zeiss Vario-Sonnar T* Lens ""A"" MT",250
622217,"SODSLRA330L","Sony","Alpha A330 Digital SLR with 18-55mm Lens (Black)","Alpha A330 Digital SLR with 18-55mm Lens (Black)",0
155716,"SOGVD300","Sony","GVD-300 Mini DV Walkman","GVD-300 Mini DV Walkman",100
671536,"SOHDRCX550V","Sony","HDR-CX550V 64GB HD Handycam Camcorder","HDR-CX550V 64GB HD Handycam Camcorder",85
589483,"SOVRDMC10","Sony","DVDirect MC10 Multi-Function DVD Recorder","DVDirect MC10 Multi-Function DVD Recorder",25
580065,"SOHVRMRC1","Sony","HVR-MRC1 Memory Recording Unit","HVR-MRC1 Memory Recording Unit",150
474695,"SORM1BP","Sony","RM1BP Remote Commander","RM1BP Remote Commander",70.49
526428,"SOVCLEX0877","Sony","0.8x Wide Conversion Lens","VCL-EX0877 0.8x Wide Angle Lens Adapter",0
598515,"SODSCH20","Sony","DSC-H20 Cyber-shot Digital Camera","DSC-H20 Cyber-shot Digital Camera",0
731660,"SODSLRA560","Sony","Alpha DSLR-A560 Digital Camera (Body Only)","Alpha DSLR-A560 Digital Camera (Body Only)",125
731637,"SOSLTA33L","Sony","Alpha DSLR-SLT-A33 Digital Camera W/18-55mm Lens","Alpha DSLR-SLT-A33 Digital Camera W/18-55mm Lens",0
817852,"SONEX5NB","Sony","Alpha NEX-5N Digital Camera (Body Only)","Alpha NEX-5N Digital Camera (Body Only)",130
818266,"SONEXVG20","Sony","NEX-VG20 Interchangeable Lens HD Handycam Camcorder (Body Only)","NEX-VG20 Interchangeable Lens HD Handycam Camcorder (Body Only)",0
750033,"SODSCTX10B","Sony","Cyber-shot DSC-TX10 Digital Camera (Black)","DSC-TX10 Cyber-shot Digital Camera ",50
695868,"SO185535S","Sony","E 18-55mm f/3.5-5.6 OSS Lens (Silver)","18-55mm f/3.5-5.6 Zoom Lens for NEX Cameras",55
471875,"SORML1AM","Sony","RM-L1AM Alpha Remote","RM-L1AM Alpha Remote",10
735406,"SODSLRA580K","Sony","Alpha DSLR-A580 Digital SLR with 18-55mm Lens","DSLR-A580 Digital SLR W/18-55mm Lens",0
1022656,"SOHDRCX330B","Sony","HDR-CX330 Full HD Handycam Camcorder (Black)","HDR-CX330 Full HD Handycam Camcorder (Black)",40
1022657,"SOHDRCX900B","Sony","HDR-CX900 Full HD Handycam Camcorder (Black)","HDR-CX900 Full HD Handycam Camcorder (Black)",250
925829,"SO5014Z","Sony","Planar T* 50mm f/1.4 ZA SSM Lens","50mm f/1.4 Carl Zeiss Planar T* ZA Lens",275
890797,"SONEXVG30H","Sony","NEX-VG30 Camcorder with 18-200mm f/3.5-6.3 Power Zoom Lens","NEX-VG30 Camcorder with 18-200mm f/3.5-6.3 Power Zoom Lens",0
1002485,"SOFDRAX1","Sony","FDR-AX1 Digital 4K Video Camera Recorder","FDR-AX1 Digital 4K Video Camera Recorder",0
849378,"SOSLTA57K","Sony","Alpha SLT-A57 SLR Digital Camera with 18-55mm Lens","Alpha SLT-A57 SLR Digital Camera with 18-55mm",0
907678,"SOVGC99AM","Sony","Vertical Battery Grip for Alpha A99 DSLR Camera","VG-C99AM Vertical Battery Grip for Alpha A99 DSLR Camera",25
761580,"SONEXFS100UK","Sony","NEX-FS100UK Super 35 Camcorder with 18-200mm Lens","NEX-FS100UK Super 35 Camcorder with 18-200mm Lens",0
909744,"SOHDRPJ650VB","Sony","32GB HDR-PJ650 HD Handycam Camcorder with Projector (Black)","HDR-PJ650 HD Handycam Camcorder 32GB with Projector (Black)",150
1008112,"SOA7RB","Sony","Alpha a7R Mirrorless Digital Camera","Alpha a7R Mirrorless Digital Camera",380
1072752,"SOPXWX70","Sony","PXW-X70 Professional XDCAM Compact Camcorder","PXW-X70 Professional XDCAM Compact Camcorder",675
1022663,"SOHDRPJ540B","Sony","32GB HDR-PJ540 Full HD Handycam Camcorder with Built-in Projector (Black)","32GB HDR-PJ540 Full HD Handycam Camcorder with Built-in Projector (Black)",0
1413824,"SODSCRX1006","Sony","Cyber-shot DSC-RX100 VI Digital Camera","DSC-RX100 VI Digital Camera",700
1275939,"SOHXRNX5R","Sony","HXR-NX5R NXCAM Professional Camcorder with Built-In LED Light ","SOHXRNX5R",850
1362802,"SOPXWZ90V","Sony","PXW-Z90V 4K HDR XDCAM with Fast Hybrid AF ","PXW-Z90V 4K HDR XDCAM with Fast Hybrid AF",1200
1242614,"SO7030045G","Sony","FE 70-300mm f/4.5-5.6 G OSS Lens","70-300mm f/4.5-5.6 G OSS ""FE"" Lens",500
1394217,"SOA73","Sony","a7 III Mirrorless Camera","Alpha a7 III Mirrorless Digital Camera (Body Only)",700
1492866,"SO3518FE","Sony","FE 35mm f/1.8 Lens","35mm f/1.8 FE Lens",400
1502819,"SO165528G","Sony","E 16-55mm f/2.8 G Lens","16-55mm f/2.8 G E Lens",560
1509600,"SOA92","Sony","a9 II Mirrorless Camera","Alpha a9 II Mirrorless Digital Camera (Body Only)",1400
1242613,"SO5018F","Sony","FE 50mm f/1.8 Lens","50mm f/1.8 FE Lens",90
1592780,"SO2860456","Sony","FE 28-60mm f/4-5.6 Lens","28-60mm f/4-5.6 FE Lens",100
1400753,"SOPXWZ280","Sony","PXW-Z280 4K 3CMOS 1/2"" Sensor XDCAM Camcorder","PXW-Z280 4K 3-CMOS 1/2"" Sensor XDCAM Camcorder",1500
1502816,"SOA61001650","Sony","a6100 Mirrorless Camera with 16-50mm f/3.5-5.6 Lens","A6100 Mirrorless Digital Camera with 16-50mm Lens",420
1211907,"SOHDRCX455","Sony","HDR-CX455 Full HD Handycam Camcorder with 8GB Internal Memory","HDR-CX455 Full HD Handycam Camcorder with 8GB Internal Memory",140
1645237,"SOA7R3A","Sony","a7R IIIA Mirrorless Camera","Alpha a7R ""IIIA"" Mirrorless Digital Camera (Body Only)",950
1506002,"SOPXWFX9","Sony","PXW-FX9 XDCAM 6K Full-Frame Camera System (Body)","PXW-FX9 XDCAM 6K Full-Frame Camera System (Body Only)",3300
1485539,"SO6004GM","Sony","FE 600mm f/4 GM OSS Lens","FE 600mm f/4 GM OSS Lens",7200
1502814,"SOA6100","Sony","a6100 Mirrorless Camera","a6100 Mirrorless Camera",380
1655300,"SOZVE10W","Sony","ZV-E10 Mirrorless Camera (White)","ZV-E10 Mirrorless Camera (White)",360
1812335,"SO245028G","Sony","FE 24-50mm f/2.8 G Lens (Sony E)","24-50mm f/2.8 G FE Lens (Sony E)",600
1794764,"SOA93","Sony","a9 III Mirrorless Camera","A9 III Mirrorless Camera",3000
1512109,"SOSFM256TT1","Sony","256GB SF-M Tough Series UHS-II SDXC Memory Card","256GB SF-M Tough Series UHS-II SDXC Memory Card",60
1848319,"SOPXWZ200","Sony","PXW-Z200 4K 1"" CMOS Sensor XDCAM Camcorder","PXW-Z200 4K 1"" CMOS Sensor XDCAM Camcorder",2600
1025589,"SODSCH300B","Sony","Cyber-shot DSC-H300 Digital Camera (Black)","Cyber-shot DSC-H300 Digital Camera (Black)",60
1598500,"SOZV1W","Sony","ZV-1 Digital Camera (White)","ZV-1 Digital Camera (White)",360
49510,"SOMDR7506","Sony","MDR-7506 Headphones","MDR-7506 Headphones",55
1767284,"SOZV1M2W","Sony","ZV-1 II Digital Camera (White)","ZV-1 II Digital Camera (White)",350
824710,"COTLBT200","Switronix","TorchLED Bolt On-Camera LED Light","TorchLED Bolt On-Camera LED Light",0
1732752,"TTAF2728XB","TTArtisan","27mm f/2.8 Lens (FUJIFILM X, Black)","27mm f/2.8 Lens (FUJIFILM X, Black)",70
119660,"TA2820038ANA","Tamron","Zoom W/A-Telephoto 28-200 f/3.8-5.6 LD Aspherical IF Super AF Lens","28-200 f/3.8-5.6 Asph Super Lens for Canon AF ",0
284406,"TA18035NAF","Tamron","180mm f/3.5 Macro Autofocus Lens","180mm f/3.5 Macro Lens For Nikon AF",120
284402,"TA287528NAF","Tamron","SP 28-75mm F/2.8 XR Di for Nikon F","28-75mm f/2.8 XR Di Lens for Nikon AF w/built-in motor",90
892849,"TA7020028N","Tamron","SP 70-200mm f/2.8 Di VC USD Zoom Lens for Nikon","70-200mm f/2.8 Di ""VC"" USD Zoom Lens for Nikon",300
1029406,"TA1630035DIS","Tamron","16-300mm f/3.5-6.3 Di II PZD MACRO Lens for Sony","16-300mm f/3.5-6.3 Di II PZD MACRO Lens for Sony A",100
330645,"TA9028MMAF","Tamron","SP 90mm f/2.8 Di Macro Autofocus Lens for Sony Alpha & Minolta Maxxum SLR","90mm f/2.8 Di Macro Af Lens for Sony A",90
539406,"TA7020028MS","Tamron","70-200mm f/2.8 Di LD (IF) Macro AF Lens for Sony Alpha & Minolta SLR","70-200mm f/2.8 Di LD (IF) Macro AF Lens for Sony A ",165
1393219,"TA70210N","Tamron","70-210mm f/4 Di VC USD Lens for Nikon F","70-210mm f/4 Di VC USD Lens for Nikon F",150
1461482,"TA35150284N","Tamron","35-150mm f/2.8-4 Di VC OSD Lens for Nikon F","35-150mm f/2.8-4 Di VC OSD Lens for Nikon F",350
1233540,"TA8518SPC","Tamron","SP 85mm f/1.8 Di VC USD Lens for Canon EF","85mm f/1.8 Di SP VC USD Lens for Canon EF",245
1512042,"TA2428E","Tamron","24mm f/2.8 Di III OSD M 1:2 Lens for Sony E","24mm f/2.8 Di III OSD M 1:2 Lens for Sony E",90
1725292,"TA703004563N","Tamron","70-300mm f/4.5-6.3 Di III RXD Lens for Nikon Z","70-300mm f/4.5-6.3 Di III RXD Lens for Nikon Z",260
1723545,"TA204028E","Tamron","20-40mm f/2.8 Di III VXD Lens for Sony E","20-40mm f/2.8 Di III VXD Lens for Sony E",275
1428432,"TA1735284N","Tamron","17-35mm f/2.8-4 DI OSD Lens for Nikon F","17-35mm f/2.8-4 DI OSD Lens for Nikon F",200
360349,"TO122440CAF","Tokina","12-24mm f/4 AT-X 124AF Pro DX Lens","12-24 f/4 AT-X Pro DX Lens for Canon EOS Digital",40
498658,"TO165028DXNA","Tokina","16-50mm f/2.8 AT-X 165 PRO DX Autofocus Lens","16-50 f/2.8 AT-X PRO DX Lens for Nikon Digital",95
594649,"TO12244DXN","Tokina","12-24mm f/4 AT-X 124 AF Pro DX II Lens","12-24 f/4 AT-X Pro ""DX-II"" AF Lens for Nikon Digital",50
735451,"TO162828FXC","Tokina","AT-X 16-28mm f/2.8 Pro FX Lens for Canon","16-28mm f/2.8 AT-X Pro FX Lens for Canon",150
1084644,"TO112028PDXN","Tokina","AT-X 11-20mm f/2.8 PRO DX Lens for Nikon F","11-20mm f/2.8 PRO DX AT-X Lens for Nikon ",130
1571175,"TO112028N","Tokina","atx-i 11-20mm f/2.8 CF Lens for Nikon F","11-20mm f/2.8 ATX-I CF Lens for Nikon F",150
1393330,"TO5014ON","Tokina","opera 50mm f/1.4 FF Lens for Nikon F","50mm f/1.4 FF Opera Lens for Nikon F",250
1714114,"TOSZMF8X","Tokina","SZ 8mm f/2.8 Fisheye Lens (FUJIFILM X)","8mm f/2.8 Fisheye SZ Lens for FUJIFILM X",120
1519141,"TO10028C","Tokina","atx-i 100mm f/2.8 FF Macro Lens for Canon EF","100mm f/2.8 ATX-I FF Macro Lens for Canon EF",220
618575,"VAVZTFT7U","VariZoom","VZ-TFT7U 7"" Ultimate LCD Monitor Kit","VZ-TFT7U 7"" Ultimate LCD Monitor Kit",0
1675608,"VO2135CSS","Voigtlander","Color-Skopar 21mm f/3.5 Aspherical Lens for Leica M (Silver)","21mm f/3.5 Aspherical Color-Skopar M-Lens for Leica M (Silver)",310
1764641,"VO1545NZ","Voigtlander","Super Wide-Heliar 15mm f/4.5 Aspherical III Lens (Nikon Z)","15mm f/4.5 Aspherical III Super Wide-Heliar Lens (Nikon Z)",245
1381712,"VO3514E","Voigtlander","Nokton Classic 35mm f/1.4 Lens for Sony E","35mm f/1.4 Nokton Classic Lens for Sony E",250
1576544,"VO3512","Voigtlander","Nokton 35mm f/1.2 Aspherical SE Lens for Sony E","35mm f/1.2 Aspherical SE Nokton Lens for Sony E",300
1585417,"VO5012","Voigtlander","Nokton 50mm f/1.2 Aspherical SE Lens for Sony E","50mm f/1.2 Aspherical SE Nokton Lens for Sony E",345
1667786,"VO9028VMB","Voigtlander","90mm f/2.8 Apo-Skopar (Black)","90mm f/2.8 Apo-Skopar (Black) M-Lens",325
1488801,"VO7515AVMS","Voigtlander","Nokton 75mm f/1.5 Aspherical Lens (Silver)","75mm f/1.5 Aspherical Nokton M-Lens (Silver)",400
1669472,"VO2828B","Voigtlander","28mm f/2.8 Color-Skopar SLIIs Lens for Nikon (Black Rim)","28mm f/2.8 Color-Skopar SLIIs Lens for Nikon (Black Rim)",235
1219549,"VO1545","Voigtlander","Super Wide-Heliar 15mm f/4.5 Aspherical III Lens (Sony E)","15mm f/4.5 Aspherical III Super Wide-Heliar Lens (Sony E)",245
1526146,"VO502E","Voigtlander","APO-LANTHAR 50mm f/2 Aspherical Lens for Sony E","50mm f/2 Aspherical APO-LANTHAR  Lens for Sony E",360
1724133,"VO352Z","Voigtlander","APO-LANTHAR 35mm f/2 Aspherical Lens for Nikon Z","35mm f/2 Aspherical APO-LANTHAR Lens for Nikon Z",350
1585416,"VO4012","Voigtlander","Nokton 40mm f/1.2 Aspherical SE Lens (Sony E)","40mm f/1.2 Aspherical SE Nokton Lens for Sony E",275
617136,"VOVF1535","Voigtlander","15-35mm Multi Format Zoomfinder (Type A)","15-35mm Multi Format Zoomfinder (Type A)",210
577528,"VO282M","Voigtlander","Ultron 28mm f/2 Lens","28mm f/2 Ultron M-Lens",265
662714,"ZE2128ZF2N","ZEISS","Distagon T* 21mm F/2.8 ZF.2 Lens for Nikon F-Mount Cameras","21mm F/2.8 ""ZF.2"" Distagon Lens for Nikon Cameras",235
655184,"ZE2128ZEC","ZEISS","Distagon T* 21mm f/2.8 ZE Lens for Canon EF","21mm f/2.8 ZE Lens for Canon Eos Mount",225
662721,"ZE502ZF2N","ZEISS","Makro-Planar T* 50mm f/2 ZF.2 Lens for Nikon F-Mount Cameras","50mm f/2 ""ZF.2"" Makro-Planar Lens for Nikon Cameras",250
655185,"ZE1835ZEC","ZEISS","Distagon T* 18mm f/3.5 ZE Lens for Canon EF","18mm f/3.5 ZE Distagon Lens Canon Eos",220
600761,"ZOH4N","Zoom","H4n 4-Channel Handy Recorder (2009 Version)","H4n 4-Channel Handy Recorder (2009 Version)",
1026852,"ZOH5","Zoom","H5 4-Input / 4-Track Portable Handy Recorder with Interchangeable X/Y Mic Capsule","H5 4-Input / 4-Track Portable Handy Recorder with Interchangeable X/Y Mic Capsule",120
1557461,"BLSWATEMMP","Blackmagic Design","ATEM Mini Pro HDMI Live Stream Switcher","ATEM Mini Pro HDMI Live Stream Switcher",135
1787634,"BLCC6K","Blackmagic Design","Cinema Camera 6K (Leica L)","Cinema Camera 6K (Leica L)",1200
255008,"RONT4","RODE","NT4 X/Y Stereo Condenser Microphone","NT4 - Stereo Condenser Mic",
744768,"ROVMP","RODE","VideoMic Pro Compact Directional On-Camera Microphone","VideoMic Pro Compact Shotgun Microphone",40
1471382,"ROWG","RODE","Wireless GO Compact Digital Wireless Microphone System (2.4 GHz, Black)","Wireless GO Compact Digital Wireless Microphone System (2.4 GHz)",0
401427,"JVBNV438U","JVC","BN-V438U Lithium-Ion Battery Pack","BN-V438U Lithium-Ion Battery Pack",0
597995,"JVGZMG670B","JVC","Everio G GZ-MG670 Hard Disk Camera (Onyx Black)","Everio G GZ-MG670 Hard Disk Camera (Onyx Black)",0
182264,"JVGYDV500UL","JVC","GY-DV500UL14 Professional DV Camcorder Kit","GY-DV500UL14 Professional DV Camcorder Kit",
671785,"JVGZHM300BUS","JVC","GZ-HM300 HD Everio Flash Memory Camera","GZ-HM300 HD Everio Flash Memory Camera",0
671787,"JVGZHM550BUS","JVC","GZ-HM550 HD Everio Flash Memory Camera","GZ-HM550 HD Everio Flash Memory Camera",0
675332,"JVGZHM340BUS","JVC","GZ-HM340 Everio HD Flash Memory Camera","GZ-HM340 Everio HD Flash Memory Camera",0
749405,"JVGSTD1BUS","JVC","GS-TD1 Full HD 3D Camcorder","GS-TD1 Full HD 3D Camcorder",0
486255,"CAPWA06X72HH","Cavision","PWA06X72HVXHD100 0.6x Industrial Wide Angle Adapter","PWA06X72 For HVXHD100 0.6x Industrial Wide Angle Adapter",0
1692696,"SA128GBEPSD","SanDisk","128GB Extreme PRO UHS-I SDXC Memory Card","128GB Extreme PRO UHS-I SDXC Memory Card",15
1551703,"SACFEP512GB","SanDisk","512GB Extreme PRO CFexpress Type B Memory Card","512GB Extreme PRO CFexpress Type B Memory Card",100
569230,"SAVPCHD1010B","Sanyo","Xacti VPC-HD1010 High Definition Camcorder (Black)","Xacti VPC-HD1010 High Definition Camcorder (Black)",
445205,"IMDVPSWA3837","Impact","DVP-SWA38-37 Wide-Converter Lens","DVP-SWA38-37 Wide-Converter Lens",17
357364,"WEX3","Wendt","X3 3-Channel Portable ENG/EFP Field Mixer","X3 3-Channel Portable ENG/EFP Field Mixer",350
20828,"GIG555","Gitzo","G-555 Loisir Aluminum Boompole","G-555 Loisir Aluminum Boompole",
1834338,"RIWG1000GRY","Ricoh","PENTAX WG-1000 Digital Camera (Gray)","PENTAX WG-1000 Digital Camera (Gray)",120
1806099,"RIWG90BLK","Ricoh","Pentax WG-90 Digital Camera (Black)","Pentax WG-90 Digital Camera (Black)",150
1600249,"RIGR3SE","Ricoh","GR III Street Edition Digital Camera","GR III Street Edition Digital Camera",600
1159252,"RIGR2","Ricoh","GR II Digital Camera","GR II Digital Camera",550
1462792,"RITZ1","Ricoh","THETA Z1 360 Camera","THETA Z1 360 Camera",400
1638384,"RITZ151GB","Ricoh","THETA Z1 51GB 360 Camera","THETA Z1 51GB 360 Camera",400
69212,"ANUL220","Anton/Bauer","UL2-20 Ultralight On-Camera Light with PowerTap Cable","UL2-20 Ultralight",
280097,"AND2722","Anton/Bauer","D-2722 Anton Bauer Dual Position Charger and Power Supply","D-2722 Anton Bauer Dual Position Charger and Power Supply",0
264213,"AND2700","Anton/Bauer","D-2700 PowerCharger","D-2700 PowerCharger",0
264215,"AND2702","Anton/Bauer","TWO POSITION PWR CHARGER 70w w/DDM","TWO POSITION PWR CHARGER 70w w/DDM",0
241320,"ANTT","Anton/Bauer","TWIN Simultaneous Charger for Gold Mount Batteries","TITAN TWIN 60-watt Two Position Portable Quick Charger",0
329295,"AND160","Anton/Bauer","DIONIC-160 Lithium-Ion Chemistry Battery","DIONIC-160 Lithium-Ion Chemistry Battery",0
282732,"ANH120","Anton/Bauer","H120 Digital HyTRON 120, NiMH Battery","H120 Digital HyTRON 120, NiMH Battery",0
69175,"ANH50","Anton/Bauer","H50 Digital HyTRON 50, NiMH Battery","H50 Digital HyTRON 50, NiMH Battery ",0
97710,"AUAT8015","Audio-Technica","AT8015 Line and Gradient Condenser Shotgun Microphone","AT815B - Shotgun Microphone",40
215893,"AUBP4029","Audio-Technica","BP4029 (AT835ST) - Stereo Shotgun Microphone","BP4029 (AT835ST) - Stereo Shotgun Mic",50
177186,"AUATWU101830","Audio-Technica","ATWU101830 Camera Mountable UHF Diversity Lavalier System","ATWU101830 Camera Mountable UHF Diversity Lavalier System",0
68195,"AUAT825","Audio-Technica","AT825 - Stereo Microphone","AT825 - Stereo Microphone",0
1024221,"AUATHM40X","Audio-Technica","ATH-M40x Closed-Back Monitor Headphones (Black)","ATH-M40x Closed-Back Monitor Headphones (Black)",45
204722,"AZSGM2X","Azden","SGM-2X Supercardioid/Omni Professional Shotgun Microphone","SGM-2X - Omni/Supercardioid Mic",60
1853835,"BL5018AF","BLAZAR LENS","50mm T1.8 APEX 1.33x Anamorphic AF Lens (E-Mount)","50mm T1.8 APEX 1.33x Anamorphic AF Lens (E-Mount)",400
224231,"BEDXA6","Beachtek","DXA-6 Audio Adapter with Phantom Power","DXA-6 Audio Adapter with Phantom Power",0
418508,"BEDXA6VU","Beachtek","DXA-6VU Audio Adapter","DXA-6VU Audio Adapter",0
136397,"BEDXA4","Beachtek","DXA-4 Audio Adapter","DXA-4 Audio Adapter",0
412996,"BEDXAFX","Beachtek","DXA-FX Audio Adapter for Sony HDR-FX1","DXA-FX Audio Adapter for Sony HDR-FX1",0
12123,"CA35804EF","Canon","Zoom Wide Angle 35-80mm f/4.0-5.6 EF (USM) Auto Focus Lens","35-80 f/4.0-5.6 EF (USM) Auto Focus Lens",30
149627,"CA5520045EF","Canon","Zoom Normal-Telephoto EF 55-200mm f/4.5-5.6 USM Autofocus Lens","55-200 f/4.5-5.6 EF USM Lens",35
169267,"CA753004EF3","Canon","EF 75-300mm f/4-5.6 III Lens","75-300mm f/4.0-5.6 III Autofocus Lens",30
12096,"CA2828EF","Canon","Wide Angle EF 28mm f/2.8 Autofocus Lens","28mm f/2.8 Autofocus Lens",100
102851,"CA2818EF","Canon","EF 28mm f/1.8 USM Lens","28mm f/1.8 USM Autofocus Lens",140
12059,"CA10030045EF","Canon","100-300mm f/4.5-5.6 USM Autofocus Lens","100-300 f/4.5-5.6 USM Autofocus Lens",60
279671,"CAERG2","Canon","EOS Rebel GII Camera Body","EOS Rebel GII Camera Body",40
484779,"CAPSSD750S","Canon","PowerShot SD750 Digital Elph Digital Camera (Silver)","PowerShot SD750 Digital Elph Camera ",0
184968,"CAHC4000","Canon","HC-4000 Hard System Case - for GL-1 DV Camcorder","SYSTEM CASE HC-4000",35
411402,"CA185535EFQ","Canon","18-55mm f/3.5-5.6 EFS NON-Ultrasonic Autofocus Lens","18-55 f/3.5-5.6 EF-S Autofocus Lens",30
351521,"CAERT2","Canon","EOS Rebel T2 Camera Body","EOS Rebel T2 Camera Body",40
518213,"CAPSSD950","Canon","Powershot SD950 IS Digital Elph Digital Camera","PowerShot SD950 IS Digital Elph Camera",40
351548,"CA17854IS","Canon","EF-S 17-85mm f/4-5.6 IS USM Lens","17-85 f/4-5.6 IS EF-S USM Lens",70
149629,"CA2813535IS","Canon","EF 28-135mm f/3.5-5.6 IS USM Lens","28-135 f/3.5-5.6 IS Image Stabilizer USM AF Lens",75
351555,"CA289035EF3","Canon","EF 28-90mm f/4-5.6 III AF Lens - Black","28-90 f/4-5.6 III AF Lens - Black",25
12074,"CA20018LEF","Canon","200mm f/1.8L USM Autofocus Lens","200mm f/1.8L USM Autofocus Lens",1400
239648,"CA163528LEF","Canon","Zoom Super Wide Angle EF 16-35mm f/2.8L USM Autofocus Lens","16-35 f/2.8L USM Autofocus Lens",300
102854,"CA753004ISEF","Canon","Zoom 75-300mm f/4-5.6 EF USM IS Image Stabilizer Autofocus Lens","75-300mm f/4.0-5.6 EF ""IS"" USM Autofocus Lens",90
12097,"CA287028LEF","Canon","Zoom Wide Angle-Telephoto EF 28-70mm f/2.8L USM Autofocus Lens","28-70 f/2.8L USM Autofocus Lens",300
169264,"CA2880355EF","Canon","Zoom Wide Angle-Telephoto EF 28-80mm f/3.5-5.6 V USM Autofocus Lens","28-80 f/3.5-5.6 V USM Autofocus Lens",20
12143,"CA501LEF","Canon","Normal EF 50mm f/1.0L USM Autofocus Lens","50mm f/1.0L USM Autofocus Lens",1400
457678,"CA702004LIS","Canon","EF 70-200mm f/4L IS USM Lens","70-200mm f/4L IS USM Lens",440
12145,"CA5025MEF","Canon","EF 50mm f/2.5 Compact Macro Lens","50mm f/2.5 Compact Macro Autofocus Lens",120
12140,"CA5014EF","Canon","EF 50mm f/1.4 USM Lens","50mm f/1.4 USM Autofocus Lens",75
397421,"CAPSSD550","Canon","Powershot SD550 Digital Elph Digital Camera","PowerShot SD550 Digital Elph Camera",0
132930,"CAERG2880K","Canon","EOS Rebel G 35mm SLR Autofocus Camera with 28-80mm f/3.5-5.6 V USM Lens","EOS Rebel G 35mm SLR with 28-80 f/3.5-5.6 V USM Lens",0
184960,"CACH910","Canon","CH-910 AC Adapter Charger","CH-910 AC Adapter Charger",10
349747,"CATA100","Canon","TA-100 Tripod Adapter","TA100 Tripod Adapter",20
220457,"CA2XEF2","Canon","2x EF Extender II (Teleconverter)","2x EF Extender II ",105
542275,"CAPSA470BL","Canon","Powershot A470 Digital Camera (Blue)","PowerShot A470 Digital Camera ",0
542292,"CA2002LIS","Canon","EF 200mm f/2L IS USM Lens","200mm f/2 L IS USM Autofocus Lens",1600
597422,"CAFS200BL","Canon","FS200 Flash Memory Camcorder (Evening Blue)","FS200 Flash Memory Camcorder (Evening Blue)",50
675990,"CASMV1","Canon","SM-V1 5.1-Channel Surround Microphone","SM-V1 5.1 Channel Surround Microphone",60.99
671638,"CAFS300S","Canon","FS300 Flash Memory Camcorder (Silver)","FS300 Flash Memory Camcorder (Silver)",25
616667,"CA270EX","Canon","Speedlite  270EX Flash","270EX Flash",55
224518,"CAWCDC52","Canon","WC-DC52 0.7x Wide-angle Converter Lens","WC-DC52 0.7x Wide-angle Converter Lens ",10
643177,"CAPSG11","Canon","PowerShot G11 Digital Camera","PowerShot G11 Digital Camera",150
539222,"CAFS11","Canon","FS-11 Dual Flash Memory Camcorder ","FS-11 16GB Hybrid Flash Memory/SDHC Camcorder ",0
676247,"CABGE8","Canon","BG-E8 Battery Grip for EOS Rebel T2i, T3i, T4i & T5i","BG-E8 Battery Grip",20
650270,"CAWFTE5A","Canon","WFT-E5A Wireless File Transmitter (WFT) ","WFT-E5A Wireless File Transmitter (WFT) ",80
870179,"CA4028","Canon","EF 40mm f/2.8 STM Lens","40mm f/2.8 STM Pancake Lens",100
753774,"CAPSE300S","Canon","Powershot 300 HS Digital ELPH Camera (Silver)","Powershot 300 HS Digital ELPH Camera ",140
750178,"CAPSA1200S","Canon","Powershot A1200 Digital Camera (Silver)","Powershot A1200 Digital Camera",0
750162,"CAPSA3300B","Canon","Powershot A3300 IS Digital Camera (Black)","Powershot A3300 IS Digital Camera",30
838773,"CAHFR30","Canon","VIXIA HF R30 Full HD Camcorder","VIXIA HF R30 Full HD Camcorder",40
870175,"CAEDRT4I","Canon","EOS Rebel T4i Digital Camera (Body Only)","EOS Rebel T4i Digital Camera (Body Only)",120
753766,"CAEDRT3K","Canon","EOS Rebel T3 DSLR Camera and 18-55mm IS II Lens Kit","Digital Rebel T3 SLR with 18-55mm IS II",100
753760,"CAEDRT3I","Canon","EOS Rebel T3i DSLR Camera (Body Only)","Digital Rebel T3i SLR Camera (Body Only)",85
842880,"CAPSD20BL","Canon","PowerShot D20 Waterproof Digital Camera (Blue)","PowerShot D20 Digital Camera (Blue)",30
842885,"CAPSE320S","Canon","PowerShot ELPH 320 HS Digital Camera (Silver)","PowerShot ELPH 320 HS Digital Camera ",200
842874,"CAPSA1300S","Canon","PowerShot A1300 Digital Camera (Silver)","Powershot A1300 Digital Camera ",0
886847,"CAPSSX500B","Canon","PowerShot SX500 IS Digital Camera","PowerShot SX500 IS Digital Camera",80
539251,"CABP808","Canon","BP-808 Lithium-Ion Battery","BP-808 Lithium-Ion Battery",0
539289,"CAHV30","Canon","VIXIA HV30 HDV High Definition Camcorder","VIXIA HV30 HDV High Definition Camcorder",0
889965,"CAPSSX50","Canon","PowerShot SX50 HS Digital Camera","PowerShot SX50 HS Digital Camera",140
986389,"CAE70D","Canon","EOS 70D DSLR Camera (Body Only)","EOS 70D DSLR Camera (Body Only)",150
255811,"CAGL2","Canon","GL2 MiniDV 3CCD Camcorder","GL2 MiniDV 3CCD Camcorder",0
945061,"CA1855STM","Canon","EF-S 18-55mm f/3.5-5.6 IS STM Lens","18-55mm f/3.5-5.6 IS EF-S ""STM"" Lens",40
1043891,"CAXF200","Canon","XF200 HD Camcorder ","XF200 HD Camcorder",500
1180766,"CAEM31855W","Canon","EOS M3 Mirrorless Digital Camera with 18-55mm Lens (White)","EOS M3 Mirrorless Digital Camera with 18-55mm Lens (White)",200
1119026,"CAE5DS","Canon","EOS 5DS DSLR Camera (Body Only)","EOS 5DS DSLR Camera (Body Only)",460
986392,"CABGE14","Canon","BG-E14 Battery Grip for EOS 70D, 80D, and 90D","BG-E14 Battery Grip for EOS 70D",50
1119028,"CA11244LUSM","Canon","EF 11-24mm f/4L USM Lens","11-24mm f/4L USM Lens",600
1116102,"CAEDRT6IK1","Canon","EOS Rebel T6i DSLR Camera with 18-135mm Lens","Digital Rebel T6i DSLR Camera with 18-135mm STM Lens",260
986391,"CAE70D18135","Canon","EOS 70D DSLR Camera with 18-135mm f/3.5-5.6 STM Lens","EOS 70D DSLR Camera with 18-135mm f/3.5-5.6 STM Lens",265
1110379,"CAPSSX610HSB","Canon","PowerShot SX610 HS Digital Camera (Black)","PowerShot SX610 HS Digital Camera (Black)",145
1080919,"CAPSSX60HSB","Canon","PowerShot SX60 HS Digital Camera","PowerShot SX60 HS Digital Camera",175
1346763,"CAEDRSL2BK","Canon","EOS Rebel SL2 DSLR Camera with 18-55mm Lens (Black)","EOS Rebel SL2 DSLR Camera with 18-55mm Lens (Black)",220
1318776,"CAEM61545B","Canon","EOS M6 Mirrorless Digital Camera with 15-45mm Lens (Black)","EOS M6 Mirrorless Digital Camera with 15-45mm Lens (Black)",250
1278108,"CAXC15","Canon","XC15 4K Professional Camcorder","XC15 4K Professional Camcorder",550
1414599,"CA7020028L3","Canon","EF 70-200mm f/2.8L IS III USM Lens","70-200mm f/2.8L IS III USM Lens",1225
1393463,"CAEM501545W","Canon","EOS M50 Mirrorless Camera with 15-45mm Lens (White)","EOS M50 Mirrorless Digital Camera with 15-45mm Lens (White)",275
1546030,"CAEDRT8I","Canon","EOS Rebel T8i DSLR Camera","EOS Rebel T8i DSLR Camera (Body Only)",375
1473088,"CAEDRSL3WK","Canon","EOS Rebel SL3 DSLR Camera with 18-55mm Lens (White)","EOS Rebel SL3 DSLR Camera with 18-55mm Lens (White)",325
1547010,"CAER6","Canon","EOS R6 Mirrorless Camera","EOS R6 Mirrorless Digital Camera (Body Only)",880
1684244,"CAER5C","Canon","EOS R5 C Mirrorless Cinema Camera","EOS R5 C Mirrorless Cinema Camera",1600
1510031,"CA70200RF","Canon","RF 70-200mm f/2.8 L IS USM Lens","70-200mm f/2.8L IS USM ""RF"" Lens",1600
1433713,"CA28702LRF","Canon","RF 28-70mm f/2 L USM Lens","28-70mm f/2L USM ""RF"" Lens",2100
1573779,"CA80011RF","Canon","RF 800mm f/11 IS STM Lens","800mm f/11 IS STM ""RF"" Lens",360
1434119,"CAEL100","Canon","Speedlite EL-100","EL-100 Speedlite Flash",60
1210608,"CAHFG40","Canon","VIXIA HF G40 Full HD Camcorder ","VIXIA HF G40 Full HD Camcorder ",375
1332311,"CA3528EFS","Canon","EF-S 35mm f/2.8 Macro IS STM Lens","EF-S 35mm f/2.8 Macro IS STM Lens",150
1691839,"CA80056LRF","Canon","RF 800mm f/5.6 L IS USM Lens","RF 800mm f/5.6 L IS USM Lens",9500
1708097,"CAER101845","Canon","EOS R10 Mirrorless Camera with 18-45mm Lens","EOS R10 Mirrorless Camera with 18-45mm Lens",600
839267,"CAPSE110B","Canon","PowerShot ELPH 110 HS Digital Camera (Black)","PowerShot ELPH 110 HS Digital Camera (Black)",110
842887,"CAPSE320R","Canon","PowerShot ELPH 320 HS Digital Camera (Red)","PowerShot ELPH 320 HS Digital Camera (Red)",175
605245,"CAPSSD780B","Canon","PowerShot SD780 IS Digital Camera (Black) ","PowerShot SD780 IS Digital Camera (Black) ",60
1022452,"CAPSE340B","Canon","PowerShot ELPH 340 HS Digital Camera (Black)","PowerShot ELPH 340 HS Digital Camera (Black)",100
838759,"CAPSE520R","Canon","PowerShot ELPH 520 HS Digital Camera (Red)","PowerShot ELPH 520 HS Digital Camera (Red)",100
1071641,"CAEDRXSB","Canon","EOS Rebel XS SLR Digital Camera Body (Black)","EOS Rebel XS SLR Digital Camera Body (Black)",35
983214,"CAPSS110S","Canon","PowerShot S110 Digital Camera (Silver)","PowerShot S110 Digital Camera (Silver)",140
1210607,"CAPSE180R","Canon","PowerShot ELPH 180 Digital Camera (Red)","PowerShot ELPH 180 Digital Camera (Red)",100
1930513,"CA4512RF","Canon","45mm f/1.2 STM Lens (Canon RF)","45mm f/1.2 STM Lens (Canon RF)",260
1919557,"CAPS360B","Canon","PowerShot ELPH 360 HS A Digital Camera (Black)","PowerShot ELPH 360 HS A Digital Camera (Black)",200
1919558,"CAPS360S","Canon","PowerShot ELPH 360 HS A Digital Camera (Silver)","PowerShot ELPH 360 HS A Digital Camera (Silver)",200
12154,"CA7021035EF","Canon","Zoom Telephoto 70-210mm f/3.5-4.5 EF (USM) Autofocus Lens","Zoom Telephoto 70-210mm f/3.5-4.5 EF (USM) Autofocus Lens",55
102877,"CAEE2E","Canon","EOS Elan IIe 35mm SLR Autofocus Camera Body","EOS Elan IIe 35mm SLR Autofocus Camera Body",50
605248,"CAPSSD1200LG","Canon","PowerShot SD1200 IS Digital Camera (Light Grey)","PowerShot SD1200 IS Digital Camera (Light Grey)",90
1180765,"CAEM3B","Canon","EOS M3 Mirrorless Digital Camera (Body Only, Black)","EOS M3 Mirrorless Digital Camera (Body Only, Black)",190
255100,"CAAE1B","Canon","AE-1 35mm SLR Manual Focus Camera Body (Black)","AE-1 35mm SLR Manual Focus Camera Body (Black)",130
1251153,"CAPSSX620HSS","Canon","PowerShot SX620 HS Digital Camera (Silver)","PowerShot SX620 HS Digital Camera (Silver)",195
1725871,"CAXA60","Canon","XA60 Professional UHD 4K Camcorder","XA60 Professional UHD 4K Camcorder",850
237472,"CAT50","Canon","T50 35mm SLR Manual Focus Camera Body","T50 35mm SLR Manual Focus Camera Body",12
1210599,"CAPSSX420ISB","Canon","PowerShot SX420 IS Digital Camera (Black)","PowerShot SX420 IS Digital Camera (Black)",105
1210600,"CAPSSX420ISR","Canon","PowerShot SX420 IS Digital Camera (Red)","PowerShot SX420 IS Digital Camera (Red)",125
753784,"CAPSSX230BL","Canon","Powershot SX230 HS Digital Camera (Blue)","Powershot SX230 HS Digital Camera (Blue)",150
12138,"CA5012L","Canon","Normal 50mm f/1.2 L FD Manual Focus Lens","Normal 50mm f/1.2 L FD Manual Focus Lens",425
1839346,"CALPE6P","Canon","LP-E6P Lithium-Ion Battery","LP-E6P Lithium-Ion Battery",25
1251152,"CAPSSX620HSR","Canon","PowerShot SX620 HS Digital Camera (Red)","PowerShot SX620 HS Digital Camera (Red)",195
1918167,"CAEC50","Canon","EOS C50 Full-Frame Cinema Camera (Canon RF)","EOS C50 Full-Frame Cinema Camera (Canon RF)",2000
14616,"COT2S","Contax","T2 35mm Autofocus Point & Shoot Camera - Silver","T2 35mm Autofocus Point & Shoot Camera - Silver",
76682,"ELRE27ND","Electro-Voice","RE27N/D Broadcast Announcer Microphone with Variable-D and Neodymium Capsule","RE27N/D - Vari-D Dynamic Card Mic",100
76681,"ELRE20","Electro-Voice","RE20 Broadcast Announcer Microphone with Variable-D (Fawn Beige)","RE20 - Cardoid Voiceover Mic",150
817840,"FUFPX10B","FUJIFILM","X10 Digital Camera (Black)","X10 Digital Camera (Black)",325
188884,"FU10020056GX","FUJIFILM","GX-M 100-200mm f/5.6 Lens","GX-M 100-200mm f/5.6 Lens",
1149206,"FUXT101855S","FUJIFILM","X-T10 Mirrorless Digital Camera with 18-55mm Lens (Silver)","X-T10 Mirrorless Digital Camera with 18-55mm Lens (Silver)",450
1192471,"FU352S","FUJIFILM","XF 35mm f/2 R WR Lens (Silver)","35mm f/2 R WR XF Lens (Silver)",220
1149208,"FUXT101650S","FUJIFILM","X-T10 Mirrorless Digital Camera with 16-50mm Lens (Silver)","X-T10 Mirrorless Digital Camera with 16-50mm Lens (Silver)",375
1021608,"FU1024","FUJIFILM","XF 10-24mm f/4 R OIS Lens","10-24mm f/4 R XF OIS Lens",165
1023326,"FUX100SB","FUJIFILM","X100S Digital Camera (Black)","X100S Digital Camera (Black)",480
796293,"FUEF20","FUJIFILM","EF-20 Flash","EF-20 Flash",45
1311231,"FUX100FB","FUJIFILM","X100F Digital Camera (Black)","X100F Digital Camera (Black)",750
1542675,"FUX100VS","FUJIFILM","X100V Digital Camera (Silver)","X100V Digital Camera (Silver)",1100
1263603,"FUXT21855B","FUJIFILM","X-T2 Mirrorless Digital Camera with 18-55mm Lens","X-T2 Mirrorless Digital Camera with 18-55mm Lens",500
1662031,"FU3314R","FUJIFILM","XF 33mm f/1.4 R LM WR Lens","XF 33mm f/1.4 R LM WR Lens",440
1632763,"FU1814","FUJIFILM","XF 18mm f/1.4 R LM WR Lens","18mm f/1.4 R LM WR Lens",500
1311233,"FUWCLX100IIS","FUJIFILM","WCL-X100 II Wide Conversion Lens (Silver)","WCL-X100 II Wide Conversion Lens (Silver)",130
1731283,"FUXT5BB1680","FUJIFILM","X-T5 Mirrorless Camera with 16-80mm f/4 Lens (Black)","X-T5 Mirrorless Camera with 16-80mm Lens (Black)",1150
1424734,"FU2002WRS","FUJIFILM","XF 200mm f/2 R LM OIS WR Lens with XF 1.4x TC F2 WR Teleconverter Kit","XF 200mm f/2 R LM OIS WR Lens with XF 1.4x TC F2 WR Teleconverter Kit",2000
1855424,"FUXM5S","FUJIFILM","X-M5 Mirrorless Camera (Silver)","X-M5 Mirrorless Camera (Silver)",450
1827224,"FUGF50056","FUJIFILM","GF 500mm f/5.6 R LM OIS WR Lens","GF 500mm f/5.6 R LM OIS WR Lens",2200
1884990,"FUGFX100RFB","FUJIFILM","GFX100RF Digital Camera (Black)","GFX100RF Digital Camera (Black)",2100
1459627,"FUXT30C","FUJIFILM","X-T30 Mirrorless Camera (Charcoal Silver)","X-T30 Mirrorless Camera (Charcoal Silver)",500
1579641,"FUEF60","FUJIFILM","EF-60 Shoe Mount Flash","EF-60 Shoe Mount Flash",180
888037,"FUXE1S","FUJIFILM","X-E1 Mirrorless Digital Camera (Body Only, Silver)","X-E1 Mirrorless Digital Camera (Body Only, Silver)",275
1659384,"FU35704556","FUJIFILM","GF 35-70mm f/4.5-5.6 WR Lens","GF 35-70mm f/4.5-5.6 WR Lens",500
1900550,"FUXE5BB","FUJIFILM","X-E5 Mirrorless Camera (Black)","X-E5 Mirrorless Camera (Black)",1000
1077799,"FUX30S","FUJIFILM","X30 Digital Camera (Silver)","X30 Digital Camera (Silver)",375
1726023,"FUGF20354","FUJIFILM","GF 20-35mm f/4 R WR Lens","GF 20-35mm f/4 R WR Lens",1200
1480135,"FUGFX100","FUJIFILM","GFX 100 Medium Format Mirrorless Camera","GFX 100 Medium Format Mirrorless Camera",2000
1855422,"FU50056W","FUJIFILM","XF 500mm f/5.6 R LM OIS WR Lens","XF 500mm f/5.6 R LM OIS WR Lens",2000
1311268,"FUFPXP120BL","FUJIFILM","FinePix XP120 Digital Camera (Blue)","FinePix XP120 Digital Camera (Blue)",60
1899783,"FUXT50BJP","FUJIFILM","X-T50 Mirrorless Camera (Black)","X-T50 Mirrorless Camera (Black) Made in Japan",900
1899780,"FUXM5SJP","FUJIFILM","X-M5 Mirrorless Camera (Silver)","X-M5 Mirrorless Camera (Silver)",500
1662380,"FUXT3BNC","FUJIFILM","X-T3 Mirrorless Camera (Black, USB Charging)","X-T3 Mirrorless Camera (Black, USB Charging)",525
193814,"GLGL4000","Glidecam","4000 PRO Camcorder Stabilizing System","Glidecam 4000 PRO Camcorder Stabilizing System",0
1341879,"GOTT350S","Godox","TT350S Mini Thinklite TTL Flash for Sony Cameras","TT350S Mini Thinklite TTL Flash for Sony Cameras",30
1466059,"GOV1O","Godox","V1 Flash for Olympus and Panasonic","V1 Flash for Olympus and Panasonic",75
1803862,"GOV1PRON","Godox","V1Pro N Flash for Nikon","V1Pro N Flash for Nikon",135
148460,"GOLPDF","Gossen","Luna-Pro Digital F Meter","Luna-Pro Digital F Meter",0
20968,"GOLPS","Gossen","Luna-Pro S Meter","Luna-Pro S Meter",0
162339,"HA504CFI","Hasselblad","50mm f/4 CFI Distagon FLE T Lens","50mm f/4 CFI Distagon FLE T Lens",
1780427,"HAXCD2840","Hasselblad","XCD 28mm f/4 P Lens","XCD 28mm f/4 P Lens",800
1487058,"HA3575XCD","Hasselblad","XCD 35-75mm f/3.5-4.5 Lens","XCD 35-75mm f/3.5-4.5 Lens",1300
1819850,"HA25XCD","Hasselblad","XCD 25mm f/2.5 V Lens","XCD 25mm f/2.5 V Lens",1800
381930,"IDE7S","IDX System Technology","E-7S Endura Lithium-Ion V-Mount Battery","E-7S Endura Lithium-Ion V-Mount Battery",0
133895,"IDNP1DX","IDX System Technology","NP-1DX NP-1 Style Nickel Cadmium Battery","NP-1DX NP-1 Style Nickel Cadmium Battery",0
475200,"KADVG52","Kata","DVG-52 Camcorder Guard","DVG-52 Camcorder Guard",0
316876,"KABP502","Kata","BP-502 Camcorder Backpack","BP-502 Camcorder Backpack",25
319675,"KAEXO7","Kata","EXO-7 Camcorder Case","EXO-7 Camcorder Case",0
196062,"KATCCT","Kata","TCCT On Board Camera Case with Trolley","TCCT On Board Camera Case with Trolley",20
316847,"KAW92","Kata","W-92 GDC Waist Pack","W-92 GDC Waist Pack",10
162749,"KACCC101","Kata","CCC-101 Compact Camera Case (Small)","CCC-101 Compact Camera Case (Small)",10
274735,"KACCC2003","Kata","CCC-2003 (Shell-03) Rigid Compact Camera Clamshell Case","CCC-2003 Compact Camera Clamshell Case",10
358283,"MI7530045DAB","Konica Minolta","AF D 75-300mm f/4.5-5.6 Autofocus Lens - Black","75-300mm f/4.5-5.6 D Autofocus Lens - Black",0
36152,"MIVF10","Konica Minolta","10 Degree Viewfinder","10 Degree Viewfinder",0
35138,"MI1628AF","Konica Minolta","(Minolta) Fisheye 16mm f/2.8 Maxxum AF Autofocus Lens","16mm f/2.8 Fisheye Autofocus Lens",0
337734,"MI5028MAFQ","Konica Minolta","Normal 50mm f/2.8 Maxxum AF Macro Autofocus Lens - Original Model","50mm f/2.8 Macro Autofocus Lens - Original Model",40
210662,"MI8514DAF","Konica Minolta","Telephoto AF D 85mm f/1.4 Autofocus Lens","85mm f/1.4 D Autofocus Lens",0
69030,"MI5035MAF","Konica Minolta","Normal AF 50mm f/3.5 Macro Autofocus Lens","50mm f/3.5 Macro Autofocus Lens",0
210663,"MI10028MDAF","Konica Minolta","Telephoto AF D 100mm f/2.8 Macro Autofocus Lens","100mm f/2.8 D Macro Autofocus Lens",80
35143,"MI20028AAF","Konica Minolta","Telephoto AF 200mm f/2.8 APO G Autofocus Lens","200mm f/2.8 APO G Autofocus Lens",0
35168,"MI2XAAF","Konica Minolta","(Minolta) 2x AF Tele-Converter II APO","2x AF Tele-Converter II APO",0
97411,"LEMLC","Leica","Minilux 35mm AF Point & Shoot Camera (Titanium) with 40mm f/2.4 Lens","Minilux Camera (Titanium) (40mm f/2.4 Lens)",150
893170,"LEM24B","Leica","M (Typ 240) Digital Rangefinder Camera (Black)","M Digital Rangefinder Camera (Body Only, Black)",1700
860536,"LEMMB","Leica","M Monochrom Digital Camera (Black)","M Monochrom Digital Camera (Black)",0
1160027,"LEQT116B","Leica","Q (Typ 116) Digital Camera (Black)","Q (Typ 116) Digital Camera",1550
659183,"LEX1BLF36M","Leica","X1 Brightline Finder for Leica X1 Compact Digital Camera","X1 Brightline Finder for Leica X1 Compact Digital Camera",150
1077774,"LEMPDB","Leica","M-P (Typ 240) Digital Rangefinder Camera (Black)","M-P (Typ 240) Digital Rangefinder Camera (Black)",2000
1752973,"LEQ2DAWN","Leica","Q2 ""Dawn"" by Seal Digital Camera","Q2 ""Dawn"" by Seal Digital Camera",2600
1384719,"LE752SL","Leica","APO-Summicron-SL 75mm f/2 ASPH. Lens","APO-Summicron-SL 75mm f/2 ASPH. Lens",1400
1749922,"LE502SSL","Leica","Summicron-SL 50mm f/2 ASPH. Lens (L-Mount)","Summicron-SL 50mm f/2 ASPH. Lens (L-Mount)",675
1192094,"LE249028VE","Leica","Vario-Elmarit-SL 24-90mm f/2.8-4 ASPH. Lens","Vario-Elmarit-SL 24-90mm f/2.8-4 ASPH. Lens",1700
578371,"LECL3B","Leica","C-LUX 3 Digital Camera (Black)","C-LUX 3 Digital Camera (Black)",240
1851160,"LE70200VESL","Leica","Vario-Elmarit-SL 70-200mm f/2.8 ASPH. Lens (L-Mount)","Vario-Elmarit-SL 70-200mm f/2.8 ASPH. Lens (L-Mount)",1600
1854286,"LEQ343","Leica","Q3 43 Digital Camera","Q3 43 Digital Camera",4500
1740362,"LEM6","Leica","M6 Rangefinder Camera","M6 Rangefinder Camera",
1873126,"LESL3S","Leica","SL3-S Mirrorless Camera","SL3-S Mirrorless Camera",2300
33353,"MA5511045645","Mamiya","55-110mm f/4.5 Lens 645","55-110mm f/4.5 Lens 645",
213302,"MA1204M645AF","Mamiya","120mm f/4 Macro Lens","120mm f/4 Macro Lens 645 AF",0
183116,"MAFA645AF","Mamiya","Angle Finder FA401 for 645AF","Angle Finder FA401 for 645AF",0
185636,"MA30213433","Manfrotto","3021 Tripod (Chrome) with 3433 (501) Pro Video Fluid Head (Quick Release) Supports 13.2 Lbs","3021 TRIPOD w/3433 HEAD",
481970,"MA190MF4501H","Manfrotto","BO190MF4501H Video Tripod System","BO190MF4501H Video Tripod System",
359716,"MA525MVB519","Manfrotto","525MVB Tripod Legs (Black) with 519 Fluid Head","525MVB Tripod Legs (Black) with 519 Fluid Head",
687057,"MA501HDV546B","Manfrotto","501HDV Head w/546B 2-Stage Aluminum Tripod System","501HDV Head w/546B 2-Stage Aluminum Tripod System",0
284783,"MA3021PB3433","Manfrotto","3021 Pro Tripod Legs (Black) with 3433 (501) Legs","3021 Pro Tripod Legs (Black) with 3433 (501) Legs",0
35268,"MIAM4F","Minolta","Auto Meter IVF - Digital Incident and Flash Light Meter","Auto Meter IV F - Digital Incident and Flash Light Meter",0
35119,"MI10028MAF","Minolta","Telephoto 100mm f/2.8 N Maxxum AF Macro Autofocus Lens","100mm f/2.8 N Macro Autofocus Lens",0
439849,"NIMD","Night Optics","Magnification Doubler D-440 for the D-440 Weapon Sight","Magnification Doubler D-440 for the D-440 Weapon Sight",
277219,"NI2412035GAF","Nikon","Zoom Wide Angle-Telephoto AF Zoom Nikkor 24-120mm f/3.5-5.6G ED-IF AF-S VR Autofocus Lens","24-120mm f/3.5-5.6G ED-IF AF-S VR Autofocus Lens",90
328131,"NI8518N","Nikon","85mm f/1.8 Manual Focus Lens (Non-AI, NOT f/Digital)","85mm f/1.8 Manual Focus Lens (Non-AI)",60
36957,"NI357033","Nikon","Zoom 35-70mm f/3.3-4.5 Macro AIS Manual Focus Lens","35-70mm f/3.3-4.5 Macro AIS Manual Focus Lens",60
477230,"NI185535GA2","Nikon","AF-S DX Zoom-NIKKOR 18-55mm f/3.5-5.6G ED II Lens","18-55 f/3.5-5.6G ED II AF-S DX Lens",35
407284,"NID200","Nikon","D200 SLR Digital Camera (Camera Body)","D200 SLR Digital Camera (Camera Body)",
351674,"NICP8400","Nikon","Coolpix 8400 Digital Camera","Coolpix 8400 Digital Camera",40
300478,"NISC29","Nikon","SC-29 TTL Off-Camera Shoe Cord with AF Assist - Coiled 3-9'","SC-29 TTL Off-Camera Shoe Cord",25
36902,"NI2004QQ","Nikon","Telephoto 200mm f/4 AIS Manual Focus Lens","200mm f/4 AIS Manual Focus Lens",50
328141,"NI13528AI","Nikon","Telephoto 135mm f/2.8 AI Manual Focus Lens","135mm f/2.8 AI Manual Focus Lens",55
520642,"NI5004GVRAFS","Nikon","AF-S NIKKOR 500mm f/4G ED VR Lens","500mm f/4 G ED ""VR""  AF-S Autofocus Lens - Black",1200
36881,"NI13528","Nikon","Telephoto 135mm f/2.8 AIS Manual Focus Lens","135mm f/2.8 AIS Manual Focus Lens",80
207357,"NI183535DAF","Nikon","NIKKOR 18-35mm f/3.5-4.5D ED-IF Autofocus Lens","18-35mm f/3.5-4.5 D ED-IF Autofocus Lens",70
37906,"NISB23","Nikon","SB-23 TTL Shoe Mount Flash","SB-23 Speedlight Flash ",25
258027,"NI18028AI","Nikon","Telephoto 180mm f/2.8 AI Manual Focus Lens","180mm f/2.8 AI Manual Focus Lens",65
108421,"NI8514DAF","Nikon","AF NIKKOR 85mm f/1.4D IF Lens","85mm f/1.4 D IF Autofocus Lens",210
36925,"NI2828","Nikon","NIKKOR 28mm f/2.8 Lens","28mm f/2.8 AIS Manual Focus Lens",170
36950,"NI352","Nikon","Wide Angle 35mm f/2 AIS Manual Focus Lens","35mm f/2 AIS Manual Focus Lens",100
249286,"NIFM3AB45K","Nikon","FM3A Camera Kit with 45mm P Lens (black)","FM3A Camera Kit with 45mm P Lens (black)",400
36899,"NI1835","Nikon","18mm F3.5 AIS Lens","18mm F3.5 AIS Lens",125
328111,"NI25504","Nikon","Zoom Wide Angle-Normal 25-50mm f/4.0 AIS Manual Focus Lens","25-50mm f/4.0 AI Manual Focus Lens",75
36932,"NI288535","Nikon","Zoom Wide Angle-Telephoto 28-85mm f/3.5-4.5 AIS Manual Focus Lens","28-85mm f/3.5-4.5 AIS Manual Focus Lens",115
36947,"NI3513535","Nikon","Zoom Wide Angle-Tele 35-135mm f/3.5-4.5 AIS Manual Focus Lens","35-135mm f/3.5-4.5 AIS Manual Focus Lens",50
37900,"NISB16B","Nikon","SB-16B TTL Shoe Mount Flash for FM3a, FE2, FA and N2000","SB-16B TTL Shoe Mount Flash for FM3a, FE2, FA ",20
165828,"NIF100","Nikon","F100 35mm SLR Camera (Body Only)","F100 Body (Black)",300
518921,"NICPP50","Nikon","Coolpix P50 Digital Camera (Black)","Coolpix P50 Digital Camera (Black)",45
37004,"NI7530045AF","Nikon","Zoom Telephoto 75-300mm f/4.5-5.6 AF Zoom Nikkor Autofocus Lens","75-300 f/4.5-5.6 AF Zoom Nikkor Autofocus Lens",45
823609,"NISBN5","Nikon","Nikon 1 SB-N5 Speedlight for V Cameras","SB-N5 Speedlight for V1 Camera",40
730210,"NID31001855","Nikon","D3100 Digital SLR Camera with 18-55mm NIKKOR VR Lens","D3100 Digital SLR Camera with 18-55mm VR Lens",110
729938,"NI55300GAF","Nikon","AF-S DX NIKKOR 55-300mm f/4.5-5.6G ED VR Lens","55-300mm f/4.5-5.6G ED VR AF-S Zoom Lens",120
746640,"NIWCE75A","Nikon","WC-E75A Wide-Angle Converter Lens","WC-E75A Wide-Angle Converter Lens",40
823588,"NI1J11030S","Nikon","1 J1 Mirrorless Digital Camera with 10-30mm / 30-110mm Lens (Silver)","1 J1 Mirrorless Digital Camera with 10-30/30-110 Lens",0
927106,"NID7100","Nikon","D7100 DSLR Camera (Body Only)","D7100 DSLR Camera (Body Only)",190
999548,"NI181403556","Nikon","AF-S DX NIKKOR 18-140mm f/3.5-5.6G ED VR Lens","18-140mm f/3.5-5.6G ED DX ""VR"" AF-S Lens",100
36906,"NI2028AF","Nikon","Super Wide Angle 20mm f/2.8 AF Autofocus Lens","20mm f/2.8 AF Autofocus Lens",100
823722,"NIFT1","Nikon","FT1 Mount Adapter","FT1 Mount Adapter",65
902152,"NID800K","Nikon","D800 Digital SLR Camera Body Basic Kit","D800 Digital SLR Camera Body Basic Kit",
1111441,"NI5520045","Nikon","AF-S DX NIKKOR 55-200mm f/4-5.6G ED VR II Lens","55-200mm f/4-5.6G ED AF-X DX ""VR-II"" Lens",30
1175034,"NI20050056VR","Nikon","AF-S NIKKOR 200-500mm f/5.6E ED VR Lens","200-500mm f/5.6E ED VR AF-S Lens",650
1135824,"NI1J510100S","Nikon","1 J5 Mirrorless Digital Camera with 10-100mm Lens (Silver)","1 J5 Mirrorless Digital Camera with 10-100mm Lens (Silver)",0
1214152,"NID5XQD","Nikon","D5 DSLR Camera (Body Only, Dual XQD Slots)","D5 DSLR Camera (Body Only, Dual XQD Slots)",1050
1214163,"NIMBD17","Nikon","MB-D17 Multi Power Battery Pack for D500","MB-D17 Multi Power Battery Pack for D500",25
1341602,"NI81535ED","Nikon","AF-S Fisheye NIKKOR 8-15mm f/3.5-4.5E ED Lens","8-15mm f/3.5-4.5E ED AF-S Fisheyye Lens",575
1452459,"NIZ14304","Nikon","NIKKOR Z 14-30mm f/4 S Lens","14-30mm f/4 S NIKKOR Z Lens",525
1292139,"NI194DED","Nikon","PC NIKKOR 19mm f/4E ED Tilt-Shift Lens (Nikon F)","19mm f/4E ED PC Tilt-Shift Lens",1450
1644173,"NIZ10528","Nikon","NIKKOR Z MC 105mm f/2.8 VR S Macro Lens (Nikon Z)","105mm f/2.8 VR S Macro NIKKOR Z Lens",475
1433064,"NID35001855B","Nikon","D3500 DSLR Camera with 18-55mm Lens","D3500 DSLR Camera with 18-55mm Lens",245
1459622,"NIZ247028","Nikon","NIKKOR Z 24-70mm f/2.8 S Lens","24-70mm f/2.8 S NIKKOR Z Lens",900
1578223,"NIZTC2","Nikon","Z Teleconverter TC-2x","TC-2X  Teleconverter For Nikon ""Z""",225
1597167,"NIZ62","Nikon","Z6 II Mirrorless Camera ","Z6 II Mirrorless Digital Camera (Body Only)",700
1275036,"NI7030045VR","Nikon","AF-P DX NIKKOR 70-300mm f/4.5-6.3G ED VR Lens","70-300mm f/4.5-6.3G ED VR AF-P Lens",160
1765622,"NIZ8","Nikon","Z8 Mirrorless Camera","Z8 Mirrorless Camera",1900
1773439,"NIZ7018028","Nikon","NIKKOR Z 70-180mm f/2.8 Lens (Nikon Z)","70-180mm f/2.8 Lens (Nikon Z)",675
1728732,"NIZ172828","Nikon","NIKKOR Z 17-28mm f/2.8 Lens","17-28mm f/2.8 Lens NIKKOR Z ",420
304026,"NICP3700","Nikon","Coolpix 3700 Digital Camera","Coolpix 3700 Digital Camera",40
1538573,"NICPP950","Nikon","COOLPIX P950 Digital Camera","COOLPIX P950 Digital Camera",370
1120489,"NICPS7000B","Nikon","COOLPIX S7000 Digital Camera","COOLPIX S7000 Digital Camera",100
1029610,"NICPP340B","Nikon","COOLPIX P340 Digital Camera (Black)","COOLPIX P340 Digital Camera (Black)",100
697111,"NID40","Nikon","D40 SLR Digital Camera","D40 SLR Digital Camera",25
818672,"NICPS6200P","Nikon","Coolpix S6200 Digital Camera (Pink)","Coolpix S6200 Digital Camera (Pink)",70
818669,"NICPS6200S","Nikon","Coolpix S6200 Digital Camera (Silver)","Coolpix S6200 Digital Camera (Silver)",70
1773440,"NIZ18060056","Nikon","NIKKOR Z 180-600mm f/5.6-6.3 VR Lens (Nikon Z)","180-600mm f/5.6-6.3 VR NIKKOR Z Lens (Nikon Z)",1300
1120464,"NICPS6900B","Nikon","COOLPIX S6900 Digital Camera (Black)","COOLPIX S6900 Digital Camera (Black)",75
818666,"NICPS8200S","Nikon","COOLPIX S8200 Digital Camera (Silver)","COOLPIX S8200 Digital Camera (Silver)",75
1837482,"NIZ3514","Nikon","NIKKOR Z 35mm f/1.4 Lens (Nikon Z)","35mm f/1.4 Lens (Nikon Z)",300
1120462,"NICPS9900B","Nikon","COOLPIX S9900 Digital Camera (Black)","COOLPIX S9900 Digital Camera (Black)",250
1916225,"NIZ2470282","Nikon","NIKKOR Z 24-70mm f/2.8 S II Lens (Nikon Z)","NIKKOR Z 24-70mm f/2.8 S II Lens (Nikon Z)",1400
1234131,"NICPB700B","Nikon","COOLPIX B700 Digital Camera","COOLPIX B700 Digital Camera",200
601924,"NICPS230R","Nikon","Coolpix S230 Digital Camera (Gloss Red)","Coolpix S230 Digital Camera (Gloss Red)",30
577384,"NICPS610B","Nikon","Coolpix S610 Digital Camera (Midnight Black)","Coolpix S610 Digital Camera (Midnight Black)",40
754885,"NICPS6100S","Nikon","Coolpix S6100 Digital Camera (Silver)","Coolpix S6100 Digital Camera (Silver)",60
1578220,"NIENEL15C","Nikon","EN-EL15c Lithium-Ion Battery (2280mAh)","EN-EL15c Lithium-Ion Battery (2280mAh)",20
1877282,"NIZ3512","Nikon","NIKKOR Z 35mm f/1.2 S Lens (Nikon Z)","NIKKOR Z 35mm f/1.2 S Lens (Nikon Z)",1450
37044,"NI908SW","Nikon","Wide Angle 90mm f/8 Nikkor-SW Lens with Copal #0 Shutter","Wide Angle 90mm f/8 Nikkor-SW Lens with Copal #0 Shutter",300
37302,"NID08008","Nikon","0 Diopter for N8008/S/N90/S/F100","0 Diopter for N8008/S/N90/S/F100",
1900661,"OMOM5M2S","OM SYSTEM","OM-5 Mark II Mirrorless Camera (Silver)","OM-5 Mark II Mirrorless Camera (Silver)",550
1806611,"OM15060050MZ","OM SYSTEM","M.Zuiko Digital ED 150-600mm f/5-6.3 IS Lens (Micro Four Thirds)","M.Zuiko Digital ED 150-600mm f/5-6.3 IS Lens (Micro Four Thirds)",1300
1917630,"OMMC14","OM SYSTEM","MC-14 M.Zuiko Digital 1.4x Teleconverter","MC-14 M.Zuiko Digital 1.4x Teleconverter",140
333503,"OL1502EP","Olympus","Zuiko Digital ED 150mm f/2 Lens","150mm f/2.0 EP Lens",500
405347,"OL3535","Olympus","Zuiko Digital 35mm f/3.5 Macro ED Lens","35mm f/3.5 Macro ED Zuiko Digital Lens",80
504906,"OL703004","Olympus","70-300mm f/4-5.6 Zuiko ED Zoom Lens for Olympus Digital Cameras (Four Thirds System) ","70-300 f/4.0-5.6 Zuiko ED Lens for Olympus Digital Cameras ",65
301934,"OLEC14","Olympus","EC-14 1.4x Teleconverter","EC-14 1.4x Teleconverter Lens",95
527568,"OLEC20C","Olympus","EC-20 2.0X Teleconverter","EC-20 2.0X Teleconverter",0
358243,"OLEE300K","Olympus","Evolt E-300 Digital Camera Kit with Zuiko 14-45mm Lens","Evolt E-300 Digital Camera Kit with 14-45mm Lens",0
301970,"OLFL50","Olympus","FL-50 Flash","FL-50 TTL Flash",0
527573,"OLFL50R","Olympus","FL-50R Flash","FL-50R TTL Flash for Olympus Digital Camera",0
674724,"OL91840","Olympus","M.Zuiko Digital ED 9-18mm f/4-5.6 Lens","9-18mm f/4.0-5.6 ED ""MICRO 4/3"" Lens",180
631822,"OLVF1","Olympus","VF-1 Viewfinder for 17mm f/2.8 Micro Four Thirds Lens","VF-1 Viewfinder f/ 17mm F2.8 Micro Four Thirds Lens",35
1003635,"OL124028ED","Olympus","M.Zuiko Digital ED 12-40mm f/2.8 PRO Lens","12-40mm f/2.8 M. Zuiko Digital ED Lens",350
1118048,"OLFLLM3","Olympus","FL-LM3 Flash","FL-LM3 Flash",25
893289,"OL158","Olympus","15mm f/8.0 Body Cap Lens (Black)","15mm f/8.0 Body Cap Lens (Black)",15
842931,"OLEM5B","Olympus","OM-D E-M5 Mirrorless Micro Four Thirds Digital Camera (Body, Black)","OM-D E-M5 Mirrorless Micro 4/3 Digital Camera (Body, Black)",145
1116760,"OLEM5M2S","Olympus","OM-D E-M5 Mark II Mirrorless Camera","OM-D E-M5 Mark II Mirrorless Micro 4/3 Digital Camera (Body, Silver)",260
755196,"OL1728B","Olympus","M.Zuiko Digital 17mm f/2.8 Lens for Micro Four Thirds Cameras (Black)","17mm f/2.8 Lens for Micro Four Thirds Cameras (Black)",85
1179097,"OLEM10M2B","Olympus","OM-D E-M10 Mark II Mirrorless Micro Four Thirds Digital Camera (Body Only, Black)","OM-D E-M10 Mark II Mirrorless Micro 4/3 Digital Camera (Body Only, Black)",190
1219324,"OLPENFS","Olympus","PEN-F Mirrorless Micro Four Thirds Digital Camera (Body Only, Silver)","PEN-F Mirrorless Micro Four Thirds Digital Camera (Body Only, Silver)",750
1576155,"OLEM10M4S","Olympus","OM-D E-M10 Mark IV Mirrorless Camera (Silver)","OM-D E-M10 Mark IV Mirrorless Digital Camera (Body Only, Silver)",275
1607023,"OLEM10IIISB","Olympus","OM-D E-M10 Mark III Mirrorless Camera with 14-42mm II R Lens (Black)","OM-D E-M10 Mark III Mirrorless Digital Camera with 14-42mm II R Lens (Black)",250
1574176,"OL15040045","Olympus","M.Zuiko Digital ED 150-400mm f/4.5 TC1.25X IS PRO Lens","M.Zuiko Digital ED 150-400mm f/4.5 TC1.25X IS PRO Lens",4600
333824,"OLOM3B","Olympus","OM-3 35mm SLR Manual Focus Camera Body (Black)","OM-3 35mm SLR Manual Focus Camera Body (Black)",220
277579,"OLOM1B","Olympus","OM-1 35mm SLR Manual Focus Camera Body (Black)","OM-1 35mm SLR Manual Focus Camera Body (Black)",70
927486,"PC08619","PC Treasures","08619 Props Power Case with Rechargeable 12,000mAh Battery","08619 Props Power Case with Rechargeable 12,000mAh Battery",0
429195,"PADMCL11450","Panasonic","Lumix DMC-L1 Digital Camera with Leica 14-50mm Lens","Lumix DMC-L1 Digital Camera with 14-50mm f2.8-3.5 Lens",0
597283,"PAHDCHS300K","Panasonic","HDC-HS300 120GB Full HD Camcorder ","HDC-HS300 120GB HDD/SD Card Hybrid High Definition Camcorder",0
485079,"PADMCLX2K1","Panasonic","Lumix DMC-LX2 Digital Camera (Black)","Lumix DMC-LX2 Digital Camera ",35
521864,"PAHDCSD5BNDL","Panasonic","HDC-SD5 AVCHD Digital Camcorder & DVD Burner Kit","HDC-SD5 AVCHD Digital Camcorder & DVD Burner Kit",0
546049,"PADMCTZ4KK1","Panasonic","Lumix DMC-TZ4 Digital Camera (Black) with Basic Accessory Kit","Lumix DMC-TZ4 Digital Camera ",0
674165,"PAHDCHS60K","Panasonic","HDC-HS60K High Definition Camcorder","HDC-HS60K High Definition Camcorder",0
536049,"PASDRH40","Panasonic","SDR-H40 40GB Hybrid HDD SD/SDHC Camcorder","SDR-H40 40GB Hybrid HDD SD/SDHC Camcorder",0
802773,"PAAGAC7","Panasonic","AG-AC7 Shoulder-Mount AVCHD Camcorder","AG-AC7 Shoulder-Mount AVCHD Camcorder",0
749862,"PAHDCTM80S","Panasonic","HDC-TM80 High Definition Camcorder (Silver)","HDC-TM80 High Definition Camcorder (Silver)",0
749852,"PAHDCSD90","Panasonic","HDC-SD90 High Definition Camcorder","HDC-SD90 High Definition Camcorder",55
829503,"PADMWLVF2","Panasonic","External Electronic Viewfinder for DMC-LX7 AND DMC-GX1","DMW-LVF2 Viewfinder for DMC-LX7 AND DMC-GX1",40
889677,"PADMCG5B","Panasonic","Lumix DMC-G5 Mirrorless Micro Four Thirds Digital Camera (Black)","Lumix DMC-G5 Digital Camera (Black)",90
768816,"PA2514Q","Panasonic","Leica DG Summilux 25mm f/1.4 ASPH. Lens","25mm f/1.4 ASPH Leica DG Summilux Micro 4/3 Lens",150
550043,"PA145028","Panasonic","14-50mm f/2.8-3.5 Vario-Elmarit Aspherical MEGA O.I.S. Lens ","14-50mm f/2.8-3.5 Vario-Elmarit Aspherical MEGA O.I.S. Lens ",160
347712,"PAAGDVC60","Panasonic","AG-DVC60 1/4-Inch 3-CCD Mini DV Camcorder","AG-DVC60 1/4-Inch 3-CCD Mini DV Camcorder",0
839115,"PAHCV500MK","Panasonic","16GB V500M Full HD Camcorder","16GB V500M Full HD Camcorder",0
838809,"PAHCV100K","Panasonic","HC-V100 HD Camcorder (Black)","HC-V100 HD Camcorder (Black)",0
316087,"PAAGDVC30","Panasonic","AG-DVC30 1/4-Inch 3-CCD Camcorder with Infrared Mode Nighttime Shooting System","AG-DVC30 1/4-Inch 3-CCD Camcorder with Infrared Mode Nighttime Shooting System",0
880958,"PADMCFZ200B","Panasonic","Lumix DMC-FZ200 Digital Camera","Lumix FZ200 Digital Camera",150
1211984,"PA100400G","Panasonic","Leica DG Vario-Elmar 100-400mm f/4-6.3 ASPH. POWER O.I.S. Lens","100-400mm f/4-6.3 ASPH. POWER O.I.S Leica DG Vario-Elma. Lens",550
588085,"PADMWMA1","Panasonic","DMW-MA1 Mount Adapter to Mount Four Thirds Lens on Micro Four Thirds Camera","DMW-MA1 Mount Adapter to Mount 4/3 Lens on Micro 4/3 Camera",30
818962,"PA144235XS","Panasonic","LUMIX G X Vario PZ 14-42mm f/3.5-5.6 ASPH. POWER O.I.S. Lens","14-42mm f/3.5-5.6 Power GX O.I.S. Lens (Silver)",150
1109391,"PADMCSZ10","Panasonic","Lumix DMC-SZ10 Digital Camera","Lumix DMC-SZ10 Digital Camera",
1028260,"PA12323556L","Panasonic","Lumix G Vario 12-32mm f/3.5-5.6 ASPH. Lens","12-32mm f/3.5-5.6 ASPH Lumix G Vario Lens",95
630572,"PA141404058","Panasonic","Lumix G Vario HD 14-140mm f/4.0-5.8 ASPH./MEGA O.I.S.","14-140mm f/4.0-5.8 ASPH./MEGA O.I.S.",140
880963,"PA45150S","Panasonic","Lumix G Vario 45-150mm f/4-5.6 ASPH. MEGA O.I.S. Lens (Silver)","45-150mm f/4-5.6 ASPH. MEGA O.I.S. Lens (Silver)",50
1023336,"PA42512","Panasonic","Leica DG Nocticron 42.5mm f/1.2 ASPH. POWER O.I.S. Lens","42.5mm f/1.2 ASPH LUMIX G Leica DG Nocticron Power OIS Lens",500
1148513,"PADMCG714140","Panasonic","Lumix G7 Mirrorless Camera with 14-140mm Lens (Black)","DMC-G7 Mirrorless Micro 4/3 Digital Camera with 14-140mm Lens (Black)",350
1250997,"PAAGUX90","Panasonic","AG-UX90 UHD 4K Professional Camcorder","AG-UX90 4K/HD Professional Camcorder",675
1341795,"PAAUEVA1","Panasonic","AU-EVA1 Compact 5.7K Super 35mm Cinema Camera","AU-EVA1 Compact 5.7K Super 35mm Cinema Camera",700
1259339,"PA1214","Panasonic","Leica DG Summilux 12mm f/1.4 ASPH. Lens","12mm f/1.4 ASPH. Leica DG Summilux Lens",350
1480838,"PA102517","Panasonic","Leica DG Vario-Summilux 10-25mm f/1.7 ASPH. Lens","10-25mm f/1.7 ASPH. DG Vario-Summilux Lens",800
1109406,"PAHCVX870","Panasonic","HC-VX870K 4K Ultra HD Camcorder","HC-VX870K 4K Ultra HD Camcorder",360
1142844,"PAAGDVX200","Panasonic","AG-DVX200 4K Camcorder with Four Thirds Sensor and Integrated Zoom Lens","AG-DVX200 4K Camcorder with Four Thirds Sensor and Integrated Zoom Lens",
1642726,"PA255017","Panasonic","Leica DG Vario-Summilux 25-50mm f/1.7 ASPH. Lens","25-50mm f/1.7 DG ASPH. Lens Micro 4/3",950
1398407,"PADMCGX85WK","Panasonic","Lumix GX85 Mirrorless Camera with 12-32mm and 45-150mm Lenses","Lumix DMC-GX85 Mirrorless Micro Four Thirds Digital Camera with 12-32mm and 45-150mm Lenses (Black)",370
1391011,"PADCGX9MK","Panasonic","Lumix GX9 Mirrorless Camera with 12-60mm Lens (Black)","DC-GX9 Mirrorless Micro 4/3 Digital Camera with 12-60mm Lens (Black)",500
1455077,"PA702004S","Panasonic","LUMIX S PRO 70-200mm f/4 O.I.S. Lens","70-200mm f/4 O.I.S. Lumix S PRO Lens",600
1583685,"PADCG9MK","Panasonic","Lumix G9 Mirrorless Camera with 12-60mm f/3.5-5.6 Lens"," DC-G9 Mirrorless Micro 4/3 Digital Camera with 12-60mm f/3.5-5.6 ASPH. Lens",425
1641351,"PA5018S","Panasonic","LUMIX S 50mm f/1.8 Lens","50mm f/1.8 Lumix S Lens",170
1621273,"PA70300M","Panasonic","LUMIX S 70-300mm f/4.5-5.6 MACRO O.I.S. Lens","Lumix S 70-300mm f/4.5-5.6 MACRO O.I.S. Lens",490
1671637,"PA3518S","Panasonic","LUMIX S 35mm f/1.8 Lens","Lumix S 35mm f/1.8 Lens",315
910505,"PADMCTS5B","Panasonic","Lumix DMC-TS5 Digital Camera (Black)","Lumix DMC-TS5 Digital Camera (Black)",70
1243853,"PADMCGX85S","Panasonic","Lumix DMC-GX85 Mirrorless Micro Four Thirds Digital Camera with 12-32mm Lens (Silver)","Lumix DMC-GX85 Mirrorless Micro Four Thirds Digital Camera with 12-32mm Lens (Silver)",300
838464,"PADMCFH8V","Panasonic","LUMIX FH8 Digital Camera (Violet)","LUMIX FH8 Digital Camera (Violet)",50
1960532,"PADCZS300B","Panasonic","ZS300 Digital Camera (Black)","ZS300 Digital Camera (Black)",450
910499,"PADMCZS30B","Panasonic","Lumix DMC-ZS30 Digital Camera (Black)","Lumix DMC-ZS30 Digital Camera (Black)",80
1109403,"PADMCZS50S","Panasonic","Lumix DMC-ZS50 Digital Camera (Silver)","Lumix DMC-ZS50 Digital Camera (Silver)",175
1828733,"PADCS9BO","Panasonic","LUMIX S9 Mirrorless Camera (Black)","Lumix S9 Mirrorless Camera (Black)",500
723287,"PADMCFZ100B","Panasonic","Lumix DMC-FZ100 Digital Camera","Lumix DMC-FZ100 Digital Camera",140
750308,"PADMCFH27S","Panasonic","Lumix DMC-FH27 Digital Camera (Silver)","Lumix DMC-FH27 Digital Camera (Silver)",50
1837221,"PADCFZ80D","Panasonic","LUMIX FZ80D Digital Camera","Lumix FZ80D Digital Camera",200
1972110,"PADCL10S","Panasonic","LUMIX L10 Digital Camera (Silver)","LUMIX L10 Digital Camera (Silver)",825
1592666,"PE1615ACTPB","Pelican","1615AirTP Wheeled Hard Case with TrekPak Divider Insert System (Black)","1615AirTP Wheeled Hard Case with TrekPak Divider Insert System (Black)",165
169803,"PE1204M645N","Pentax","SMCP-FA 645N 120mm f/4 Macro","120mm f/4 Macro FA Auto Focus lens For 645N ",200
40831,"PEAF500FTZ","Pentax","AF-500 FTZ TTL Shoe Mount Flash","AF-500 FTZ TTL Shoe Mount Flash",35
40707,"PE200467","Pentax","Telephoto 200mm f/4 SMCP-67 Lens for Pentax 67","200mm f/4 SMCP-67 Lens for Pentax 67",50
163889,"PEFP672","Pentax","Pentaprism Finder (Non-Metered) for 67II Camera","Pentaprism Finder (Non-Metered) for 67II Camera",75
41090,"PEFB220645","Pentax","220 Film Holder (Insert) for 645 Cameras","220 Film Holder (Insert) for 645 Cameras",0
383248,"PE502004DA","Pentax","SMCP-DA 50-200mm f/4-5.6 ED Autofocus Lens for Digital SLR","50-200mm f/4-5.6 ED SMCP-DA Zoom Lens",30
145096,"PE645N","Pentax","645N AF Camera Body","645N AF Camera Body w/insert ",0
40678,"PE1652867","Pentax","SMCP-67 165mm f/2.8","165mm f/2.8 SMC lens For 67",100
438216,"PEK110D1855","Pentax","K110D Digital Camera Kit with Pentax SMCP-DA 18-55mm AL AF Lens","K110D Digital Camera with Pentax SMCP-DA 18-55 AL AF Lens",85
542149,"PE20028DA","Pentax","SMCP-DA* 200mm f/2.8 ED (IF) SDM Autofocus Lens for Digital SLR","200mm f/2.8 ED DA* (IF) SDM Lens for Digital SLR",290
41406,"PEMH67","Pentax","Rigid Magnifying Hood","Rigid Magnifying Hood For 67",35
41395,"PEM67","Pentax","2x Eyepiece Magnifier for 67 Series Cameras","2x Eyepiece Magnifier for 67 Series Cameras",10
40607,"PE1.4X67","Pentax","Tele-Converter 1.4X Rear Converter","1.4X Rear Tele-Converter",0
594340,"PE5514DA","Pentax","Telephoto 55mm f/1.4 DA* SDM Autofocus Lens for Digital SLR","55mm f/1.4 DA* SDM Autofocus Lens for Digital SLR",185
608432,"PEAF160FC","Pentax","AF160FC Auto Macro Ring Flash (Guide No. 53) For Pentax P-TTL","AF160FC Auto Macro Ring Flash (Guide No. 53) For Pentax P-TTL",125
1007546,"PEK3K","Pentax","K-3 DSLR Camera with 18-135mm Lens","K-3 DSLR Camera with 18-135mm Lens",320
860720,"PEK3018135B","Pentax","K30 Digital Camera with 18-135mm Lens Kit (Black)","K30 Digital Camera with 18-135mm Lens Kit (Black)",0
340842,"PE3528FMV","Pentax","C52915F 35mm, f/2.8 F-Mount Lens","C52915F 35mm, f/2.8 F-Mount Lens",
1633009,"PEK33B","Pentax","K-3 Mark III DSLR Camera (Black)","K-3 Mark III DSLR Camera (Black)",725
1391311,"PEK1M2","Pentax","K-1 Mark II DSLR Camera (Body Only)","K-1 Mark II DSLR Camera (Body Only)",600
1257879,"PEK7018135B","Pentax","K-70 DSLR Camera with 18-135mm Lens (Black)","K-70 DSLR Camera with 18-135mm Lens (Black)",295
1668154,"PE2124HDAFB","Pentax","HD PENTAX-D FA 21mm f/2.4ED Limited DC WR Lens (Black)","21mm f/2.4 ED Limited DC WR HD FA Lens (Black)",600
1834281,"PE17","Pentax","17 Film Camera","17 Film Camera",220
236223,"PEPCCB1N","Petrol","PCCB-1N Compact Camcorder Bag","PCCB-1N Compact Camcorder Bag",20
1513005,"RO1428AFRF","Rokinon","AF 14mm f/2.8 RF Lens for Canon RF","AF 14mm f/2.8 RF Lens for Canon RF",235
1132699,"RO10028SE","Rokinon","100mm f/2.8 Macro Lens for Sony E","100mm f/2.8 Macro Lens for Sony E",160
1078644,"RO1431C","Rokinon","14mm T3.1 Cine DS Lens for Canon EF Mount","14mm T3.1 Cine DS Lens for Canon EF Mount",110
1110664,"RO135T22C","Rokinon","135mm T2.2 Cine DS Lens for Canon EF Mount","135mm T2.2 Cine DS Lens for Canon EF Mount",120
1018525,"RO8514SE","Rokinon","85mm f/1.4 AS IF UMC Lens for Sony E Mount","85mm f/1.4 AS IF UMC Lens for Sony E Mount",80
1078630,"RO8515C","Rokinon","85mm T1.5 Cine DS Lens for Canon EF Mount","85mm T1.5 Cine DS Lens for Canon EF Mount",80
1281552,"RO2019DSCEF","Rokinon","20mm T1.9 Cine DS Lens for Canon EF","20mm T1.9 Cine DS Lens for Canon EF",125
1269132,"RO5014AFSE","Rokinon","AF 50mm f/1.4 FE Lens for Sony E","AF 50mm f/1.4 FE Lens for Sony E",140
1018522,"RO1428SE","Rokinon","14mm f/2.8 ED AS IF UMC Lens for Sony E-Mount","14mm f/2.8 ED AS IF UMC Lens for Sony E-Mount",80
884099,"RO3515TC","Rokinon","35mm T1.5 Cine AS UMC Lens for Canon EF Mount","35mm T1.5 Cine AS UMC Lens for Canon EF Mount",100
364536,"ROMX422","Rolls","MX422 4-Channel Field Audio Mixer","MX422 - 4 Channel Field Audio Mixer",0
298113,"SEL558","Sekonic","L-558 Dualmaster Meter","L-558 Dualmaster Meter",145
200224,"SEL208","Sekonic","L-208 Twin Mate Meter","L-208 Twin Mate Meter",50
755659,"SESMH1000","Senal","SMH-1000 Professional Field and Studio Monitor Headphones","SMH-1000 Closed-Back Professional Monitor Headphones",15
324227,"SEEW100EN2A","Sennheiser","Evolution G2 100 Series - Wireless Microphone Combo (A / 518 - 554MHz)","Evolution G2 100 Series - Wireless Microphone Combo",150
73086,"SEME62K6","Sennheiser","ME62 Omnidirectional Microphone Capsule and K6 Powering Module Kit","ME62/K6 - Omni Mic Capsule with K6",75
223940,"SEMD46","Sennheiser","MD 46 - Dynamic ENG Microphone","MD46 - Dynamic ENG Microphone",75
397595,"SI287028DN","Sigma","28-70mm f/2.8-4 Compact High Speed Zoom AF Lens for Nikon","28-70 f/2.8-4 DG Zoom Lens for Nikon AF-D",40
390170,"SI1003004DGC","Sigma","100-300mm f/4 EX DG IF HSM Autofocus Lens for Canon EOS","100-300 F/4 EX ""DG"" IF HSM Lens for Canon EOS",200
444465,"SI7028MDGSAQ","Sigma","70mm f/2.8 EX DG Macro AF Lens for Sony & Minolta","70mm f/2.8 EX DG Macro AF Lens for Sony/Minolta",110
380687,"SI5050046MAF","Sigma","50-500mm f/4-6.3 EX DG AF Lens for Sony Alpha & Minolta Maxxum Series","50-500 f/4-6.3 EX DG AF Lens for Sony/Minolta",200
352426,"SI15028AMDGN","Sigma","150mm f/2.8 EX APO Macro EX DG HSM Autofocus Lens for Nikon AF","150mm f/2.8 EX APO Macro EX DG HSM Lens for Nikon AF",150
217776,"SI2418MNAF","Sigma","W/A 24mm f/1.8 EX Aspherical DG DF Macro AF Lens","24mm f/1.8 EX Aspherical DG DF Macro  Lens for NIKON AF",65
93233,"SI287028NAFQ","Sigma","Zoom Wide Angle-Tele 28-70mm f/2.8-4.0 Auto Focus Lens f/Nikon AF-D","28-70 f/2.8-4.0 D Lens for Nikon AF",35
389309,"SI2830035DGN","Sigma","28-300mm f/3.5-6.3 DG Macro Autofocus Lens","28-300 f/3.5-6.3 DG Macro Lens for Nikon AF (62mm)",75
335763,"SI5520045NAF","Sigma","55-200mm f/4-5.6 DC Lens for Nikon Digital AF","55-200 f/4-5.6 DC Lens for Nikon Digital AF",25
163660,"SI703004ASNA","Sigma","Zoom Telephoto 70-300mm f/4-5.6 APO Zoom Macro Super II AF Lens","70-300 f/4-5.6 APO-Macro Lens for Nikon AF",0
538309,"SI182003563N","Sigma","18-200mm f/3.5-6.3 II DC Lens for Nikon Digital SLR","18-200 f/3.5-6.3 II DC HSM Lens for Nikon Digital ",60
390164,"SI1.4XDGCAF","Sigma","APO Teleconverter 1.4x EX DG for Canon EF","1.4x DG EX APO Teleconverter for Canon EOS",50
134858,"SI10030045NA","Sigma","Zoom Telephoto 100-300mm f/4.5-6.7 DL Autofocus Lens for Nikon AF-D","100-300 f/4.5-6.7 DL Lens for Nikon AF-D",30
384931,"SI7020028DGC","Sigma","Zoom Telephoto 70-200mm f/2.8 EX DG APO HSM AF Lens for Canon EOS","70-200 f/2.8 EX DG APO HSM Lens for Canon EOS",220
324385,"SI1812535CAF","Sigma","18-125mm f/3.5-5.6 DC Lens","18-125 f/3.5-5.6 DC Lens for Canon Digital",60
335744,"SI185035NAF","Sigma","18-50mm f/3.5-5.6G DC Lens for Nikon Digital","18-50 f/3.5-5.6 DC Lens for Nikon Digital",30
396832,"SI703004DGMA","Sigma","APO 70-300mm f/4-5.6 DG Macro Lens for Sony A","70-300 f/4-5.6 APO DG Macro Lens Sony/Minolta",0
682766,"SI505004563N","Sigma","50-500mm f/4.5-6.3 APO DG OS HSM Lens for Nikon","50-500mm f/4.5-6.3 APO DG ""OS"" HSM Lens for Nikon",375
590735,"SI150500M","Sigma","150-500mm f/5-6.3 DG HSM APO Autofocus Lens for Sony Alpha & Minolta Maxxum","150-500 f/5-6.3 DG HSM APO AF Lens for Sony/Minolta ",175
352407,"SI287028DGMA","Sigma","28-70mm f/2.8 (D) EX DG Autofocus Lens","28-70 f/2.8 (D) EX DG Lens Sony/minolta",75
419585,"SI177028DCMA","Sigma","17-70mm f/2.8-4.5 DC Macro Lens for Digital Cameras","17-70 f/2.8-4.5 DC Macro Lens for sony/minolta",55
727169,"SI8514C","Sigma","85mm f/1.4 EX DG HSM Lens For Canon EOS Digital SLR Cameras","85mm f/1.4 EX DG HSM Lens For Canon Digital",250
560577,"SI5014C","Sigma","50mm f/1.4 EX DG HSM Lens for Canon EF","50mm f/1.4 EX DG HSM AF Lens for Canon ",110
633618,"SI102035SN","Sigma","10-20mm f/3.5 EX DC HSM Lens for Nikon F","10-20mm f/3.5 EX DC HSM Autofocus Zoom Lens For Nikon ",85
549247,"SI120400C","Sigma","120-400mm f/4.5-5.6 DG OS HSM APO Autofocus Lens","120-400mm f/4.5-5.6 DG OS HSM APO Autofocus Lens",260
1082147,"SI1830035C","Sigma","18-300mm f/3.5-6.3 DC Macro OS HSM Contemporary Lens for Canon EF","18-300mm f/3.5-6.3 DC MACRO OS HSM Lens for Canon EF",160
352445,"SIEM140DGP","Sigma","EM-140 DG TTL Macro Ringlight Flash for Pentax P-TTL","EM-140 DG TTL Macro Ringlight Flash for Pentax P-TTL",65
1009623,"SI241054SI","Sigma","24-105mm f/4 DG OS HSM Art Lens (Sigma SA)","24-105mm F/4 DG OS HSM Lens for Sigma DSLR Cameras",250
171108,"SI30028ACAF","Sigma","Telephoto 300mm f/2.8 EX APO HSM Autofocus Lens for Canon EOS","300mm f/2.8 EX APO HSM Autofocus Lens for Canon EOS",500
983904,"SI183518DCP","Sigma","18-35mm f/1.8 DC HSM Art Lens for Pentax K","18-35mm f/1.8 DC HSM Lens for Pentax",200
1282161,"SI8514CEF","Sigma","85mm f/1.4 DG HSM Art Lens for Canon EF","85mm f/1.4 DG HSM ""Art"" Lens for Canon EF",550
1321307,"SI1418N","Sigma","14mm f/1.8 DG HSM Art Lens for Nikon F","14mm f/1.8 DG HSM Art Lens for Nikon F",400
472099,"SI15028AMDGO","Sigma","150mm f/2.8 EX APO Macro DG HSM Autofocus Lens for Olympus Digital SLR","150mm f/2.8 EX APO Macro DG HSM Lens for Olympus Digital SLR",195
1393495,"SI13518SO","Sigma","135mm f/1.8 DG HSM Art Lens for Sony E","135mm f/1.8 DG HSM Art Lens for Sony E",450
1393492,"SI3514SO","Sigma","35mm f/1.4 DG HSM Art Lens for Sony E","35mm f/1.4 DG HSM Art Lens for Sony E",275
1436290,"SI4014DGC","Sigma","40mm f/1.4 DG HSM Art Lens for Canon EF","40mm f/1.4 DG HSM Art Lens for Canon EF",325
1493858,"SIFP","Sigma","fp Mirrorless Camera","fp Mirrorless Digital Camera",620
1510006,"SI1614EFM","Sigma","16mm f/1.4 DC DN Contemporary Lens (Canon EF-M)","16mm f/1.4 DC DN Contemporary Lens for Canon EF-M",150
1463165,"SI2414L","Sigma","24mm f/1.4 DG HSM Art Lens for Leica L","24mm f/1.4 DG HSM Art Lens for Leica L",290
1595583,"SI10528L","Sigma","105mm f/2.8 DG DN Macro Art Lens (L-Mount)","105mm f/2.8 DG DN Macro Art Lens for Leica L",350
1463168,"SI4014L","Sigma","40mm f/1.4 DG HSM Art Lens for Leica L","40mm f/1.4 DG HSM Art Lens for Leica L",375
1463159,"SIMC21C","Sigma","MC-21 Mount Converter/Lens Adapter (Sigma EF-Mount Lenses to L-Mount Camera)","MC-21 Mount Converter/Lens Adapter (Sigma EF-Mount Lenses to L-Mount Camera)",110
1753807,"SI1614N","Sigma","16mm f/1.4 DC DN Contemporary Lens (Nikon Z)","16mm f/1.4 DC DN Contemporary Lens (Nikon Z)",200
1789138,"SI7020028LM","Sigma","70-200mm f/2.8 DG DN OS Sports Lens (L-Mount)","70-200mm f/2.8 DG DN OS Sports Lens (L-Mount)",700
890304,"SIDP1M","Sigma","DP1 Merrill Compact Digital Camera","DP1 Merrill Compact Digital Camera",325
1881810,"SI1630035S","Sigma","16-300mm f/3.5-6.7 DC OS Contemporary Lens (Sony E)","16-300mm f/3.5-6.7 DC OS Contemporary Lens (Sony E)",340
1827261,"SI247028LM","Sigma","24-70mm f/2.8 DG DN II Art Lens (Leica L)","24-70mm f/2.8 DG DN ""II"" Art Lens (Leica L)",550
1953414,"SI35142E","Sigma","35mm f/1.4 DG II Art Lens (Sony E)","35mm f/1.4 DG II Art Lens (Sony E)",550
1234026,"SI3014DCDNM","Sigma","30mm f/1.4 DC DN Contemporary Lens (Micro Four Thirds)","30mm f/1.4 DC DN Contemporary Lens (Micro Four Thirds)",160
1686859,"SI202E","Sigma","20mm f/2 DG DN Contemporary Lens for Sony E","20mm f/2 DG DN Contemporary Lens for Sony E",245
1825071,"SI101828C","Sigma","10-18mm f/2.8 DC DN Contemporary Lens (Canon-RF)","10-18mm f/2.8 DC DN Contemporary Lens (Canon-RF)",340
1917710,"SI13514E","Sigma","135mm f/1.4 DG Art Lens (Sony E)","135mm f/1.4 DG Art Lens (Sony E)",900
1789118,"SI101828LM","Sigma","10-18mm f/2.8 DC DN Contemporary Lens (L-Mount)","10-18mm f/2.8 DC DN Contemporary Lens (L-Mount)",300
512220,"SODSCH3B","Sony","Cyber-shot DSC-H3 Digital Camera (Black)","DSC-H3 Cybershot Digital Camera (Black)",0
439155,"SO1820035","Sony","18-200mm f/3.5-6.3 DT Telephoto Zoom Lens","18-200mm f/3.5-6.3 AF Lens",85
439159,"SO2828","Sony","SAL-28F28 28mm f/2.8 Autofocus Lens for Alpha & Minolta Maxxum Series","28mm f/2.8 Autofocus Lens",0
476739,"SOVCLHG0862","Sony","VCLHG0862 0.8x Wide Angle Conversion Lens","VCLHG0862 0.8x Wide Angle Conversion Lens",0
419888,"SOACVQ1050D","Sony","AC-VQ1050D AC/DC Adapter and Battery Charger","AC-VQ1050D AC/DC Adapter and Battery Charger",10
545855,"SO5520035","Sony","SAL-55200 55-200mm f/4-5.6 DT Autofocus Lens ","55-200 f/4-5.6 DT Autofocus Lens ",30
493512,"SOHDRSR5","Sony","HDR-SR5 AVC HD 40GB Hard-Disc Handycam Camcorder","HDR-SR5 40GB High Definition Camcorder",0
537981,"SOHDRSR12","Sony","HDR-SR12 120GB Hybrid HDD/Memory Stick High Definition Camcorder","HDR-SR12 120GB High Definition Camcorder",0
622214,"SODSLRA230L","Sony","Alpha A230 Digital SLR with 18-55mm Lens","Alpha A230 Digital SLR with 18-55mm Lens",80
438940,"SODSLRA100K","Sony","Alpha DSLR-A100 Digital Camera with Sony DT 18-70mm Lens","Alpha DSLR-A100 Digital Camera with DT 18-70mm Lens",0
438938,"SODSLRA100","Sony","Alpha DSLR-A100 Digital Camera","Alpha DSLR-A100 Digital Camera",0
631186,"SOVRDMC6","Sony","DVDirect MC6 Multi-Function DVD Recorder","DVDirect MC6 Multi-Function DVD Recorder",25
671547,"SOHDRCX110B","Sony","HDR-CX110 HD Handycam Camcorder (Black)","HDR-CX110 HD Handycam Camcorder (Black)",40
622190,"SO5018","Sony","DT 50mm f/1.8 SAM Lens","50mm f/1.8 DT AF Lens for Alpha & Minolta Digital SLRs",45
646525,"SODSLRA850","Sony","Alpha DSLR- A850 Full Frame Digital SLR Camera","DSLR- A850 Full Frame Digital SLR Camera",200
671535,"SOHDRAX2000H","Sony","HDR-AX2000 AVCHD Camcorder","HDR-AX2000 AVCHD Camcorder",0
748366,"SOHDRTD10","Sony","HDR-TD10 Full HD 3D Camcorder","HDR-TD10 Full HD 3D Camcorder",0
707153,"SOHXRMC50U","Sony","HXR-MC50U Ultra Compact Pro AVCHD Camcorder","HXR-MC50U Ultra Compact Pro AVCHD Camcorder",425
818267,"SONEXVG20H","Sony","NEX-VG20 Interchangeable Lens HD Handycam Camcorder with 18-200mm Lens","NEX-VG20H Interchangeable Lens HD Handycam Camcorder (with Lens)",0
755854,"SOCLMV55","Sony","CLM-V55 5"" HDMI On-Camera Monitor with Peaking","CLM-V55 Portable Monitor",85
212935,"SODSR11","Sony","DSR-11 DVCAM / DV Compact Player/Recorder","DSR-11 DVCAM / DV Compact Player/Recorder",0
471849,"SOFAEC1AM","Sony","FA-EC1AM Extension Cable","FA-EC1AM Extension Cable",10
475713,"SOHVLMT24AM","Sony","HVL-MT24AM Macro Twin Flash Kit","HVL-MT24AM Macro Twin Flash Kit",0
475714,"SOFAEB1AM","Sony","FA-EB1AM External Battery Pack","FA-EB1AM External Battery Pack",35
819163,"SO165028","Sony","DT 16-50mm f/2.8 SSM Lens","16-50mm f/2.8 Standard Zoom Lens",90
909737,"SOHDRCX230B","Sony","8GB HDR-CX230 HD Handycam Camcorder (Black)","8GB HDR-CX230 HD Handycam Camcorder (Black)",40
869238,"SODSCRX100B","Sony","Cyber-shot DSC-RX100 Digital Camera (Black)","DSC-RX100 Digital Camera (Black)",300
887069,"SONEXEA50UH","Sony","NEX-EA50UH Camcorder with 18-200mm Servo Zoom Lens","NEX-EA50UH Camcorder with 18-200mm Servo Zoom Lens",0
1004182,"SOPXWZ100","Sony","PXW-Z100 4K Handheld XDCAM Camcorder","PXW-Z100 4K Handheld XDCAM Camcorder",900
892256,"SONEXVG900","Sony","NEX-VG900 Full-Frame Interchangeable Lens Camcorder","NEX-VG900 Full-Frame Interchangeable Lens Camcorder",0
883967,"SO55300","Sony","DT 55-300mm f/4.5-5.6 SAM Lens","55-300mm f/4.5-5.6 DT Alpha A-Mount Telephoto Zoom Lens",75
909732,"SOHDRCX380B","Sony","16GB HDR-CX380 HD Handycam Camcorder (Black)","HDR-CX380 HD 16GB Handycam Camcorder (Black)",60
463922,"SO8514","Sony","Planar T* 85mm f/1.4 ZA Lens","85mm f/1.4 Carl Zeiss Planar T* Prime Lens A mount ",240
891513,"SOSLTA99V","Sony","Alpha a99 DSLR Camera (Body Only)","SLT-A99 Digital Camera (Body Only)",275
1008164,"SOVGC1EM","Sony","Vertical Battery Grip for Alpha a7/a7R/a7S Digital Camera (Black)","VG-C1EM Vertical Grip for Alpha a7/a7R/a7S Digital Camera",10
1001008,"SO5018B","Sony","E 50mm f/1.8 OSS Lens (Black)","50mm f/1.8 OSS NEX Lens (Black)",110
1015472,"SO28703556","Sony","FE 28-70mm f/3.5-5.6 OSS Lens","28-70mm f/3.5-5.6 FE OSS Lens",95
984435,"SOHVLF43M","Sony","HVL-F43M External Flash","HVL-F43M External Flash",40
891105,"SODSCRX1","Sony","Cyber-shot DSC-RX1 Full Frame Compact Digital Camera","DSC-RX1 Full Frame Compact Digital Camera",625
1222744,"SOA6300B","Sony","Alpha a6300 Mirrorless Digital Camera (Body Only, Black)","Alpha a6300 Mirrorless Digital Camera (Body Only)",300
1126137,"SO3514EM","Sony","Distagon T* FE 35mm f/1.4 ZA Lens","35mm f/1.4 ZA FE Lens",380
1049537,"SODSCRX1003","Sony","Cyber-shot DSC-RX100 III Digital Camera","DSC-RX100 III Digital Camera",550
1333228,"SOA9B","Sony","a9 Mirrorless Camera","Alpha a9 Mirrorless Digital Camera (Body Only)",950
1333271,"SOVGC3EM","Sony","VG-C3EM Vertical Grip","VG-C3EM Vertical Grip For A9",45
1222773,"SOA6300BK","Sony","Alpha a6300 Mirrorless Digital Camera with 16-50mm Lens (Black)","Alpha A6300 Mirrorless Digital Camera with 16-50mm Lens (Black)",360
1008165,"SOLAEA3","Sony","A-Mount to E-Mount Lens Adapter (Black)","LA-EA3 A-Mount to E-Mount Lens Adapter (Black)",45
1008166,"SOLAEA4","Sony","A-Mount to E-Mount Lens Adapter with Translucent Mirror Technology (Black)","LA-EA4 A-Mount to E-Mount Lens Adapter w/ Translucent Mirror ",85
1222776,"SO7020028GM","Sony","FE 70-200mm f/2.8 GM OSS Lens","70-200mm f/2.8 GM OSS FE Lens",1260
1102008,"SOA72","Sony","a7 II Mirrorless Camera","Alpha a7 II Mirrorless Digital Camera (Body Only)",360
1333230,"SO100400GM","Sony","FE 100-400mm f/4.5-5.6 GM OSS Lens","100-400mm f/4.5-5.6 GM OSS FE Lens",1220
1289584,"SODSCRX1005","Sony","Cyber-shot DSC-RX100 V Digital Camera","DSC-RX100 V Digital Camera",400
1109387,"SOFDRAX33","Sony","FDR-AX33 4K Ultra HD Handycam Camcorder","FDR-AX33 4K Ultra HD Handycam Camcorder",295
1078287,"SOHXRMC2500U","Sony","HXR-MC2500 Shoulder Mount AVCHD Camcorder ","HXR-MC2500 Shoulder Mount AVCHD Camcorder ",225
1594030,"SOA7CSK","Sony","a7C Mirrorless Camera with 28-60mm Lens (Silver)","Alpha a7C Mirrorless Digital Camera with 28-60mm Lens (Silver)",800
1523508,"SOA7324105CK","Sony","a7 III Mirrorless Camera with 24-105mm Lens Cine Kit","a7 III Mirrorless Camera with 24-105mm Lens Cine Kit",
1394219,"SOA73K","Sony","a7 III Mirrorless Camera with 28-70mm f/3.5-5.6 Lens","Alpha a7 III Mirrorless Digital Camera with 28-70mm Lens",800
1594029,"SOA7CS","Sony","a7C Mirrorless Camera (Silver)","Alpha a7C Mirrorless Digital Camera (Body Only, Silver)",675
1619483,"SOA1B","Sony","a1 Mirrorless Camera","Alpha a1 Mirrorless Digital Camera (Body Only)",2050
1645238,"SOA7R4A","Sony","a7R IVA Mirrorless Camera","A7R IVA Mirrorless Digital Camera (Body Only)",1100
1630080,"SO2428G","Sony","FE 24mm f/2.8 G Lens","24mm f/2.8 G FE Lens",325
1784818,"SOA7C2B","Sony","a7C II Mirrorless Camera (Black)","a7C II Mirrorless Camera (Black)",1200
1730297,"SOZV1FB","Sony","ZV-1F Vlogging Camera (Black)","ZV-1F Vlogging Camera (Black)",225
1839379,"SO1650352B","Sony","E PZ 16-50mm f/3.5-5.6 OSS II Lens (Sony E, Black)","16-50mm f/3.5-5.6 OSS II PZ Lens (Sony E, Black)",105
1848322,"SOHXRNX800","Sony","HXR-NX800 4K 1"" CMOS Sensor NXCAM Camcorder","HXR-NX800 4K 1"" CMOS Sensor NXCAM Camcorder",1700
1785754,"SOILXLR1","Sony","ILX-LR1 Industrial Camera","ILX-LR1 Industrial Camera",1600
1039057,"SOA6000S","Sony","Alpha a6000 Mirrorless Digital Camera Body (Silver)","Alpha a6000 Mirrorless Digital Camera Body (Silver)",280
1022327,"SOA5000B","Sony","Alpha A5000 Mirrorless Digital Camera (Black)","Alpha A5000 Mirrorless Digital Camera (Black)",190
1729318,"SOFX30XLR","Sony","FX30 Digital Cinema Camera with XLR Handle Unit","FX30 Digital Cinema Camera with XLR Handle Unit",1200
325631,"SO744T","Sound Devices","744T 4-Channel Portable Audio Recorder with Time Code","744T - 4-Channel Portable HD Recorder",0
325631,"SO744T","Sound Devices","744T 4-Channel Portable Audio Recorder with Time Code","744T - 4-Channel Portable HD Recorder",
363807,"TA111845CAF","Tamron","11-18mm f/4.5-5.6 Di-II Lens for Canon Digital EOS","11-18 f/4.5-5.6 Di-II Lens for Canon Digital EOS",55
363593,"TA1820035CAF","Tamron","18-200mm f/3.5-6.3 XR Di-II LD Asph. (IF) Macro Lens for Canon Digital EOS","18-200 f/3.5-6.3 XR Di-II for Canon Digital EOS",55
423716,"TA175028NAF","Tamron","17-50mm f/2.8 XR Di II LD Lens for Nikon Digital","17-50 f/2.8 XR Di II LD Lens for Nikon Digital",70
477059,"TA1825035C","Tamron","AF 18-250mm f/3.5-6.3 Di-II LD for Canon AF","18-250 f/3.5-6.3 Di-II LD For Canon Digital",40
162050,"TA1428ACAF","Tamron","14mm f/2.8 Aspherical IF Autofocus Lens","14mm f/2.8 Aspherical IF Autofocus Lens",
583993,"TA102435P","Tamron","SP AF 10-24mm f / 3.5-4.5 DI II Zoom Lens For Pentax DSLR Cameras","10-24mm f3.5-4.5 DI II Zoom Lens For Pentax D-SLR",85
1176278,"TA182003556N","Tamron","18-200mm f/3.5-6.3 Di II VC Lens for Nikon F","18-200mm f/3.5-6.3 Di II ""VC"" Lens for Nikon AF",65
1060228,"TA1820035CMS","Tamron","18-200mm f/3.5-6.3 Di III VC Lens for Canon EF-M Mount (Silver)","18-200mm f/3.5-6.3 Di III VC Lens for Canon ""EF-M"" Mount (Silver)",195
918951,"TA141503M43B","Tamron","14-150mm f/3.5-5.8 Di III Lens for Micro Four Thirds (Black)","14-150mm f/3.5-5.8 Di III Lens for Micro 4/3 (Black)",140
1183045,"TA3518SPC","Tamron","SP 35mm f/1.8 Di VC USD Lens for Canon EF","35mm f/1.8 Di VC USD Lens for Canon EF",160
1345957,"TA2470C","Tamron","SP 24-70mm f/2.8 Di VC USD G2 Lens for Canon EF","24-70mm f/2.8 Di VC USD G2 Lens for Canon EF",450
1345958,"TA2470N","Tamron","SP 24-70mm f/2.8 Di VC USD G2 Lens for Nikon F","24-70mm f/2.8 Di VC USD G2 Lens for Nikon F",380
1233547,"TA8518SPN","Tamron","SP 85mm f/1.8 Di VC USD Lens for Nikon F","85mm f/1.8 Di SP VC USD Lens for Nikon F",175
1654622,"TA18300F","Tamron","18-300mm f/3.5-6.3 Di III-A VC VXD Lens (FUJIFILM X)","18-300mm f/3.5-6.3 Di III-A VC VXD Lens for FUJIFILM X",270
1729098,"TA150500F","Tamron","150-500mm f/5-6.7 Di III VC VXD Lens (FUJIFILM X)","150-500mm f/5-6.7 Di III VXD Lens for FUJIFILM X",525
1461527,"TA3514SPN","Tamron","SP 35mm f/1.4 Di USD Lens for Nikon F","35mm f/1.4 Di USD SP Lens for Nikon F",260
1849607,"TA5040045NZ","Tamron","50-400mm f/4.5-6.3 Di III VC VXD Lens (Nikon Z)","50-400mm f/4.5-6.3 Di III VC VXD Lens (Nikon Z)",500
1854121,"TA9028SE","Tamron","90mm f/2.8 Di III VXD Macro Lens (Sony E)","90mm f/2.8 Di III VXD Macro Lens (Sony E)",300
1711312,"TA177028F","Tamron","17-70mm f/2.8 Di III-A VC RXD Lens for FUJIFILM","17-70mm f/2.8 Di III-A VC RXD Lens for FUJIFILM",400
1891707,"TA18300NZ","Tamron","18-300mm f/3.5-6.3 Di III-A VC VXD Lens (Nikon Z)","18-300mm f/3.5-6.3 Di III-A VC VXD Lens (Nikon Z)",275
1904845,"TA163028S","Tamron","16-30mm f/2.8 Di III VXD G2 Lens (Sony E)","16-30mm f/2.8 Di III VXD G2 Lens (Sony E)",380
594648,"TO12244DXC","Tokina","12-24mm f/4 AT-X 124AF Pro DX II Autofocus Lens for Canon Digital Cameras","12-24 f/4 AT-X Pro ""DX-II"" AF Lens for Canon Digital",55
118750,"TO8040045ANA","Tokina","Zoom Telephoto 80-400mm f/4.5-5.6 ATX Autofocus Lens for Nikon AF-D","80-400 f/4.5-5.6 ATX Lens for Nikon AF",125
468738,"TO101735NAF","Tokina","10-17mm f/3.5-4.5 AT-X 107 DX AF Fisheye Lens for Nikon F","10-17 f/3.5-4.5 AT-X DX AF Lens for Nikon Digital ",65
554036,"TO111628PDXN","Tokina","11-16mm f/2.8 AT-X 116 Pro DX Autofocus Lens for Nikon DX-Format DSLRs","11-16mm f/2.8 AT-X Pro DX Lens for Nikon Digital",80
735453,"TO162828FXN","Tokina","AT-X 16-28mm f/2.8 Pro FX Lens for Nikon","16-28mm f/2.8 AT-X Pro FX Lens for Nikon",120
882236,"TO111628PNII","Tokina","AT-X 116 PRO DX-II 11-16mm f/2.8 Lens for Nikon F","11-16mm f/2.8 AT-X PRO ""DX-II"" Lens for Nikon AF",90
969885,"TO12284DXN","Tokina","12-28mm f/4.0 AT-X Pro DX Lens for Nikon","12-28mm f/4.0 AT-X Pro DX Lens for Nikon",40
1281299,"TO202E","Tokina","FiRIN 20mm f/2 FE MF Lens for Sony E","20mm f/2 FE MF FiRIN Lens for Sony E",150
1714113,"TOSZMF8FE","Tokina","SZ 8mm f/2.8 Fisheye Lens (Sony E)","8mm f/2.8 Fisheye SZ Lens for Sony E",100
1669891,"TO3314SE","Tokina","atx-m 33mm f/1.4 Lens (Sony E)","33mm f/1.4 X atx-m Lens for Sony E",125
759026,"VECM9HD","Vello","RigVision 9"" HD Camera Monitor","RigVision 9"" HD Camera Monitor",0
1792202,"VIAF2028FE","Viltrox","AF 20mm f/2.8 Lens (Sony E, Black)","AF 20mm f/2.8 Lens (Sony E)",80
1603146,"VO5015AVMSM","Voigtlander","Nokton 50mm f/1.5 Aspherical II MC Lens (Silver)","50mm f/1.5 Aspherical II MC Nokton M-Lens (Silver)",325
1705212,"VOBA372A","Voigtlander","Nokton 23mm f/1.2 Aspherical Lens (FUJIFILM X)","23mm f/1.2 Aspherical Nokton Lens for FUJIFILM X",235
1488800,"VO7515AVMB","Voigtlander","Nokton 75mm f/1.5 Aspherical Lens (Black)","75mm f/1.5 Aspherical Nokton M-Lens (Black)",395
1695930,"VOBD284B","Voigtlander","VM-X Close Focus Adapter II for FUJIFILM X","VM-X Close Focus Adapter II for FUJIFILM X",105
1433349,"VO5012M","Voigtlander","Nokton 50mm f/1.2 Aspherical Lens","50mm f/1.2 Aspherical Nokton M-Lens",375
1606638,"VO2908SN","Voigtlander","Super Nokton 29mm f/0.8 Aspherical Lens for Micro Four Thirds","29mm f/0.8 Aspherical Super Nokton Lens for Micro 4/3",700
1725733,"VOBA372B","Voigtlander","Nokton 23mm f/1.2 Aspherical Lens (Nikon Z)","23mm f/1.2 Aspherical Nokton Lens for Nikon Z",260
1561441,"VO6095MFT","Voigtlander","Nokton 60mm f/0.95 Lens for Micro Four Thirds","60mm f/0.95 Nokton Lens for Micro 4/3",300
1362557,"VO4012E","Voigtlander","Nokton 40mm f/1.2 Aspherical Lens (Sony E)","40mm f/1.2 Aspherical Nokton Lens for Sony E",330
673512,"ZE1002ZEC","ZEISS","Makro-Planar T* 100mm f/2 ZE Lens for Canon EF Mount EOS DSLR Cameras","100mm f/2 ZE Makro-Planar Lens for Canon Eos",280
583966,"ZE2128ZFN","ZEISS","21mm f/2.8 ZF Distagon T* Lens for Nikon F-Mount Cameras","21mm f/2.8 ZF Distagon T* Lens for Nikon Cameras",300
662713,"ZE1835ZF2N","ZEISS","Distagon T* 18mm f/3.5 ZF.2 Lens for Nikon F","18mm F/3.5 ""ZF.2"" Distagon Lens for Nikon",220
575023,"ZE1835ZFN","ZEISS","18mm f/3.5 Distagon T* ZF Manual Focus Lens for Nikon SLR - Black","18mm f/3.5 Distagon ZF Lens for Nikon SLR - Black",230
662715,"ZE282ZF2N","ZEISS","Distagon T* 28mm f/2 ZF.2 Lens for Nikon F","28mm f/2.0 Distagon ""ZF.2"" for Nikon",325
1189220,"ZE2128LFE","ZEISS","Loxia 21mm f/2.8 Lens for Sony E","Loxia 21mm f/2.8 Lens for Sony E",250
760512,"IKVL7","ikan","VL7 HDMI LCD Monitor (7"")","VL7 HDMI LCD Monitor (7"")",0
812098,"IKVL5","ikan","VL5 HDMI Monitor (5"")","VL5 HDMI Monitor (5"")",25
1499529,"BL6KPKCAM","Blackmagic Design","Pocket Cinema Camera 6K (Canon EF/EF-S)","Pocket Cinema Camera 6K (Canon EF/EF-S)",675
1137310,"BLURSAM46KEF","Blackmagic Design","URSA Mini 4.6K Digital Cinema Camera (EF-Mount)","URSA Mini 4.6K Digital Cinema Camera (EF-Mount)",0
363083,"ROVM","RODE","VideoMic - Camera Mounted Shotgun Microphone","VideoMic - VM  Camera Mounted Shotgun Microphone",30
261366,"JVBRDV3000U","JVC","BR-DV3000U Professional DV Compact Editing VTR","BR-DV3000U Professional DV Compact Editing VTR",0
448811,"JVSRDVM700US","JVC","SR-DVM700 3-in-1 Video Recorder/Player","SR-DVM700 3-in-1 Video Recorder/Player",0
560728,"JVLM170AU","JVC","LM-170AU 17"" Professional LCD Monitor","LM-170AU 17"" PRO. LCD COLOR MONITOR",0
749391,"JVGZHM650BUS","JVC","GZ-HM650 HD Everio Camcorder","GZ-HM650 HD Everio Camcorder",0
821133,"JVGYHM150","JVC","GY-HM150U Compact Handheld 3-CCD Camcorder","GY-HM150U Compact Handheld 3-CCD Camcorder",0
753671,"JVGYHM750U","JVC","GY-HM750 ProHD Compact Shoulder Camcorder w/Canon 14x Lens","GY-HM750 ProHD Compact Shoulder Camcorder w/Canon 14x Lens",0
1096582,"JVGYHM200U","JVC","GY-HM200 4KCAM Compact Handheld Streaming Camcorder","GY-HM200 4KCAM Compact Handheld Streaming Camcorder",0
1245097,"JVGYHM620","JVC","GY-HM620 ProHD Mobile News Camera","GY-HM620 ProHD Mobile News Camera",850
33384,"MA.25AMC","Matthews","1/4""-20 adapter f/mcmatth clamp","1/4""-20 ADAPTER f/MCMATTH CLAMP",
310664,"CAPFA03X58","Cavision","PFA03X58/DFA04X58 0.35x Fish-Eye Lens Attachment","PFA03X58/DFA04X58 0.35x Fish-Eye Lens Attachment",
569230,"SAVPCHD1010B","Sanyo","Xacti VPC-HD1010 High Definition Camcorder (Black)","VPC-HD1010 High Definition Camcorder (Black)",0
20828,"GIG555","Gitzo","G-555 Loisir Aluminum Boompole","G-555 Loisir Aluminum Boompole",20
1819936,"RIGR3XHDF","Ricoh","GR IIIx HDF Digital Camera","GR IIIx HDF Digital Camera",775
1461388,"RIGR3B","Ricoh","GR III Digital Camera","GR III Digital Camera",600
1664769,"RIGR3XB","Ricoh","GR IIIx Digital Camera","GR IIIx Digital Camera",650
1294537,"ARK1.0006383","ARRI","ALEXA SXT Plus Camera Body (LDS PL)","Alexa SXT Plus Camera Body",0
437764,"ANELIPZPK","Anton/Bauer","ElipZ 10k Under Camera Mounted Battery Kit- for Panasonic Cameras","ElipZ 10k Under Camera Mounted Battery Kit- for Panasonic Cameras",0
98645,"ANQRDSR","Anton/Bauer","V-Mount to Gold Mount Adapter for Select Sony Camcorders ","QR-DSR Gold Mount Battery Plate",0
554866,"ANSF","Anton/Bauer","STASIS FLEX  Shoulder Mount Camera Stabilizer","STASIS FLEX  Shoulder Mount Camera Stabilizer",0
74233,"ANDTP14","Anton/Bauer","Digital Trimpac14 Nickel Cadmium Battery","Digital Trimpac14 Nickel Cadmium Battery",0
132810,"ANABWMKIT","Anton/Bauer","ABWM-KIT Universal Wireless Mounting Plate Kit","ABWM-KIT Universal Wireless Mounting Plate Kit",0
380683,"ANH140","Anton/Bauer","HyTRON 140 Battery ","Digital HyTRON 140, NiMH Battery  ",140
272110,"ANQRJVCAUTO","Anton/Bauer","QR-JVCAUTO Gold Mount Battery Plate","QR-JVCAUTO Gold Mount Battery Plate",0
177193,"AUAT831CT5","Audio-Technica","AT831CT5 Lavalier Microphone with TA5F Connector","AT831CT5 Lavalier Microphone with TA5F Connector",0
531332,"BEDXA6A","Beachtek","DXA-6A Audio Adapter","DXA-6A Audio Adapter",0
389744,"BEMPL313P20","Bescor","MPL-313P20 DC On Camera Light","MPL-313P20 DC On Camera Light",0
389745,"BEMPL313P35","Bescor","MPL-313P35 DC On Camera Light","MPL-313P35 DC On Camera Light",0
743442,"BELED70","Bescor","LED-70 Dimmable 70W Video Light","LED-70 Dimmable 70W Video & DSLR Light",0
823443,"BELED180","Bescor","180 W AA Powered On Camera LED Light","180 W AA Powered On Camera LED Light",0
280774,"CA5020035EF","Canon","Zoom Normal-Telephoto 50-200mm f/3.5-4.5 EF Autofocus Lens","50-200 f/3.5-4.5 EF Autofocus Lens",0
300600,"CA5520045EF2","Canon","55-200mm f/4.5-5.6 USM II Lens","55-200 f/4.5-5.6 USM ""II"" Lens",60
316692,"CAE1D2","Canon","EOS-1D Mark II Digital Camera (Camera Body)","EOS 1D Mark II Digital Camera (Camera Body)",0
519475,"CA1855EFS","Canon","EF-S 18-55mm f/3.5-5.6 IS II Lens","18-55 f/3.5-5.6 EF-S ""IS"" USM Lens ",35
12092,"CA2435LTSE","Canon","Wide Angle Tilt Shift TS-E 24mm f/3.5L Manual Focus Lens for EOS","24mm f/3.5L Tilt Shift TS-E Manual Focus Lens for EOS",345
164257,"CAE3Q","Canon","EOS 3 35mm SLR Autofocus Camera Body","EOS 3 35mm SLR Autofocus Camera Body",400
518210,"CAPSSX100","Canon","","PowerShot SX100 IS DIgital Camera",30
605266,"CAPSA2100","Canon","PowerShot A2100 Digital Camera","PowerShot A2100 Digital Camera",0
584419,"CAPSSD880S","Canon","PowerShot SD880 IS Digital ELPH Digital Camera (Silver)","PowerShot SD880 IS Digital ELPH Digital Camera",80
410312,"CABP970G","Canon","BP-970G Battery Pack - 7.4V, 7200mAh","BP-970G Battery Pack - 7.2v, 7200mAh",0
425812,"CA175528IS","Canon","EF-S 17-55mm f/2.8 IS USM Lens","17-55 f/2.8 IS EF-S USM Lens",310
300538,"CAERK22880K","Canon","EOS Rebel K2 35mm SLR Autofocus Camera Kit with Canon 28-80mm f/3.5-5.6 EF II Lens","EOS Rebel K2 35mm SLR Kit with 28-80mm Lens",0
12142,"CA5018EF2","Canon","EF 50mm f/1.8 II Lens","50mm f/1.8 II Autofocus Lens",40
12058,"CA1002EF","Canon","EF 100mm f/2 USM Lens","100mm f/2  USM Autofocus Lens",180
194454,"CAE1VHS","Canon","EOS-1V HS Body with PB-E2 Power Drive Booster","EOS 1V HS Body with PB-E2 Power Drive Booster",350
149625,"CA22554EF","Canon","Zoom Wide Angle-Normal EF 22-55mm f/4.0-5.6 USM Autofocus Lens","22-55 f/4.0-5.6 USM Autofocus Lens",30
259972,"CA357035EF","Canon","Zoom Wide Angle Telephoto 35-70mm f/3.5-4.5 EF Autofocus Lens","35-70 f/3.5-4.5 EF Autofocus Lens",35
12120,"CA3535035LEF","Canon","35-350mm f/3.5-5.6L USM Autofocus Lens","35-350 f/3.5-5.6L USM Autofocus Lens",495
605258,"CAPSSD1200BL","Canon","PowerShot SD1200 IS Digital Camera (Blue)","PowerShot SD1200 IS Digital Camera",90
319784,"CA2830035LIS","Canon","EF 28-300mm f/3.5-5.6L IS USM Lens","28-300 f/3.5-5.6L IS USM Autofocus Lens",575
580527,"CAPSA2000","Canon","PowerShot A2000 IS Digital Camera ","PowerShot A2000 IS Digital Camera ",0
12132,"CA4528TSE","Canon","TS-E 45mm f/2.8 Tilt-Shift Lens","45mm f/2.8 Tilt Shift TS-E Manual Focus Lens for EOS",220
348457,"CA580EX","Canon","580EX Speedlite E-TTL Shoe Mount Flash","580EX Flash",25
544513,"CAEE7NE2890","Canon","EOS Elan 7NE Kit with Canon 28-90mm f/4-5.6 III EF Lens","EOS Elan 7NE Kit with Canon 28-90mm f/4-5.6 III EF Lens",200
457530,"CAEDRXTIS","Canon","EOS Digital Rebel XTi Digital Camera Body (Silver)","EOS Digital Rebel XTi Digital Camera Body (Silver)",70
425441,"CAPSA540","Canon","Powershot A540 Digital Camera","PowerShot A540 Digital Camera",0
539291,"CAHF100","Canon","VIXIA HF-100 AVCHD Flash Memory High Definition Camcorder","HF-100 High Definition Camcorder",0
12129,"CA40056LEF","Canon","EF 400mm f/5.6L USM Lens","400mm f/5.6L USM Autofocus Lens",470
12064,"CA13528EF","Canon","Telephoto EF 135mm f/2.8 Autofocus Lens Soft Focus","135mm f/2.8 Autofocus Lens Soft Focus",145
12119,"CA352EF","Canon","EF 35mm f/2 Lens","35mm f/2.0 Autofocus Lens",170
539272,"CADW100","Canon","DW-100 DVD Burner ","DW-100 DVD Burner ",0
605227,"CAPSSD780S","Canon","PowerShot SD780 IS Digital Camera (Silver) ","PowerShot SD780 IS Digital Camera",70
671645,"CAHFM30","Canon","VIXIA HF M30 Dual Flash Memory Camcorder","VIXIA HF M30 Dual Flash Memory Camcorder",70
675613,"CAPSSD1400S","Canon","PowerShot SD1400 IS Digital ELPH (Silver)","PowerShot SD1400 IS Digital ELPH",80
675604,"CAPSSD4000S","Canon","PowerShot SD4000 IS Digital ELPH Camera (Silver)","PowerShot SD4000 IS Digital ELPH Camera",0
734743,"CAPSG12","Canon","PowerShot G12 Digital Camera","PowerShot G12 Digital Camera",180
749189,"CAHFS30","Canon","VIXIA HF S30 Flash Memory Camcorder","VIXIA HF S30 Flash Memory Camcorder",90
749651,"CAPSA800S","Canon","PowerShot A800 Digital Camera (Silver)","Powershot A800 Digital Camera",0
753779,"CAPSE100S","Canon","Powershot 100 HS Digital ELPH Camera (Silver)","Powershot 100 HS Digital ELPH Camera ",125
842869,"CAPSA2300S","Canon","PowerShot A2300 Digital Camera (Silver)","Powershot A2300 Digital Camera ",50
963130,"CAHFG30","Canon","VIXIA HF G30 Full HD Camcorder","HF-G30 VIXIA Full HD Camcorder Full HD Camcorder",275
12115,"CA352","Canon","Wide Angle 35mm f/2.0 FD Manual Focus Lens","Wide Angle 35mm f/2.0 FD Manual Focus Lens",0
973129,"CA2004004IS","Canon","EF 200-400mm f/4L IS USM Extender 1.4x Lens","200-400mm f/4 L IS USM Lens with Internal 1.4x Extender",2800
847537,"CA600EX","Canon","Speedlite 600EX-RT","600EX-RT Flash",60
843009,"CA2428ISEF","Canon","EF 24mm f/2.8 IS USM Lens","24mm f/2.8 IS USM Lens",180
1092632,"CA1004002LIS","Canon","EF 100-400mm f/4.5-5.6L IS II USM Lens","100-400mm f/4.5-5.6L IS ""II"" USM Lens",1400
1180767,"CAEM31855B","Canon","EOS M3 Mirrorless Digital Camera with 18-55mm Lens (Black)","EOS M3 Mirrorless Digital Camera with 18-55mm Lens (Black)",220
1180801,"CA3514EF","Canon","EF 35mm f/1.4L II USM Lens","35mm f/1.4L ""II"" USM Lens",600
1143786,"CA5018EFSTM","Canon","EF 50mm f/1.8 STM Lens ","50mm f/1.8 STM AF Lens",30
1188036,"CAEM101545B","Canon","EOS M10 Mirrorless Digital Camera with 15-45mm Lens (Black)","EOS M10 Mirrorless Digital Camera with 15-45mm Lens (Black)",190
1188041,"CA5520045","Canon","EF-M 55-200mm f/4.5-6.3 IS STM Lens (Silver)","55-200 f/4.5-6.3 IS STM Lens EF-M  f/MIRRORLESS (Silver)",150
1001311,"CA55250STM","Canon","EF-S 55-250mm f/4-5.6 IS STM Lens","55-250mm f/4-5.6 IS ""STM"" EF-S Lens",130
1116101,"CAEDRT6I1855","Canon","EOS Rebel T6i DSLR Camera with 18-55mm Lens","Digital Rebel T6i Camera with 18-55mm f/3.5-5.6 IS STM Lens",235
1000471,"CAPSS120B","Canon","Power Shot S120 Point-and-Shoot Camera","Power Shot S120 Point-and-Shoot Camera",200
1365076,"CAEDRSL2B2LK","Canon","EOS Rebel SL2 DSLR Camera with 18-55mm and 55-250mm Lenses Kit","EOS Rebel SL2 DSLR Camera with 18-55mm and 55-250mm Lenses Kit",
1318769,"CAEDRT7I1855","Canon","EOS Rebel T7i DSLR Camera with 18-55mm Lens","EOS Rebel T7i DSLR Camera with 18-55mm STM Lens",325
12182,"CA8518EF","Canon","EF 85mm f/1.8 USM Lens","85mm f/1.8 USM Lens",165
1470017,"CAXA50","Canon","XA50 UHD 4K30 Camcorder with Dual-Pixel Autofocus","XA50 UHD 4K30 Camcorder with Dual-Pixel Autofocus",700
1354807,"CAEM1001545B","Canon","EOS M100 Mirrorless Digital Camera with 15-45mm Lens (Black)","EOS M100 Mirrorless Digital Camera with 15-45mm Lens (Black)",250
1502490,"CAE90D1855","Canon","EOS 90D DSLR Camera with 18-55mm Lens","EOS 90D DSLR Camera with 18-55mm Lens",550
1276214,"CABGE20","Canon","BG-E20 Battery Grip for EOS 5D Mark IV","BG-E20 Battery Grip for EOS 5D Mark IV",30
1225878,"CA18135ISUSM","Canon","EF-S 18-135mm f/3.5-5.6 IS USM Lens","18-135mm f/3.5-5.6 IS ""USM"" EF-S Lens",125
1459306,"CAERP24105RF","Canon","EOS RP Mirrorless Digital Camera with 24-105mm Lens","EOS RP Mirrorless Digital Camera with 24-105mm f4L lens",900
1434328,"CAXF705","Canon","XF705 4K 1"" Sensor XF-HEVC H.265 Pro Camcorder","XF705 4K 1"" Sensor XF-HEVC H.265 Pro Camcorder",1600
486706,"CA580EX2","Canon","Speedlite 580EX II","580EX II Speedlight",40
1433714,"CA3518MRF","Canon","RF 35mm f/1.8 Macro IS STM Lens","35mm f/1.8 IS Macro ""RF"" STM Lens",250
1308395,"CAHFR800B","Canon","VIXIA HF R800 Camcorder (Black)","VIXIA HF R800 Camcorder (Black)",135
1707914,"CA18150RFS","Canon","RF-S 18-150mm f/3.5-6.3 IS STM Lens","18-150mm f/3.5-6.3 IS STM RF-S Lens",225
1354805,"CA9028LTSE","Canon","TS-E 90mm f/2.8L Macro Tilt-Shift Lens","90mm f/2.8L Macro Tilt-Shift Lens",1000
1573880,"CAER624105U","Canon","EOS R6 Mirrorless Camera with 24-105mm f/4 Lens","EOS R6 Mirrorless Digital Camera with 24-105mm f/4L Lens",1350
1473086,"CAEDRSL3B","Canon","EOS Rebel SL3 DSLR Camera (Black, Body Only)","EOS Rebel SL3 DSLR Camera (Black, Body Only)",275
1663581,"CA100400RF","Canon","RF 100-400mm f/5.6-8 IS USM Lens","100-400mm f/5.6-8 IS USM RF Lens",400
1502491,"CAEM62B","Canon","EOS M6 Mark II Mirrorless Camera (Black)","EOS M6 Mark II Mirrorless Digital Camera (Black, Body Only)",420
1434047,"CAMAEFRFDICP","Canon","Drop-In Filter Mount Adapter EF-EOS R with Circular Polarizer Filter","Drop-In Filter Mount Adapter EF-EOS R with Circular Polarizer Filter",120
1595392,"CAEC70","Canon","EOS C70 Cinema Camera (RF Mount)","EOS C70 Cinema Camera (RF Lens Mount)",1650
1573780,"CA60011RF","Canon","RF 600mm f/11 IS STM Lens","600mm f/11 IS STM ""RF"" Lens",300
1502492,"CAEM62S","Canon","EOS M6 Mark II Mirrorless Camera (Silver)","EOS M6 Mark II Mirrorless Digital Camera (Silver, Body Only)",420
1633519,"CAC500IIQ","Canon","EOS C500 Mark II 5.9K Full-Frame Camera Body (EF Mount, No CFexpress Card)","EOS C500 Mark II 5.9K Full-Frame Camera Body (EF Mount, No CFexpress Card)",2500
1490985,"CAPSG7X3B","Canon","PowerShot G7 X Mark III Digital Camera (Black)","PowerShot G7X Mark III Digital Camera (Black)",500
1601517,"CA5018RF","Canon","RF 50mm f/1.8 STM Lens (Canon RF)","50mm f/1.8 STM ""RF"" Lens",95
1427176,"CAPSSX740HSB","Canon","PowerShot SX740 HS Digital Camera (Black)","PowerShot SX740 HS Digital Camera (Black)",300
1707911,"CAER7","Canon","EOS R7 Mirrorless Camera","EOS R7 Mirrorless Camera",750
1634484,"CA40028RF","Canon","RF 400mm f/2.8 L IS USM Lens","RF 400mm f/2.8 L IS USM Lens",8300
1725870,"CAHFG70","Canon","Vixia HF G70 UHD 4K Camcorder (Black)","Vixia HF G70 UHD 4K Camcorder (Black)",600
1308387,"CAPSG9X2B","Canon","PowerShot G9 X Mark II Digital Camera (Black)","PowerShot G9X Mark II Digital Camera (Black)",400
1332304,"CAPSSX730HSB","Canon","PowerShot SX730 HS Digital Camera (Black)","PowerShot SX730 HS Digital Camera (Black)",350
1793387,"CA101845IS","Canon","RF-S 10-18mm f/4.5-6.3 IS STM Lens (Canon RF)","RF-S 10-18mm f/4.5-6.3 IS STM Lens (Canon RF)",125
1318788,"CAEVFDC2B","Canon","EVF-DC2 Electronic Viewfinder (Black)","EVF-DC2 Electronic Viewfinder (Black)",65
1223213,"CAPSSX720HSB","Canon","PowerShot SX720 HS Digital Camera","PowerShot SX720 HS Digital Camera",220
1022455,"CAPSE340S","Canon","PowerShot ELPH 340 HS Digital Camera (Silver)","PowerShot ELPH 340 HS Digital Camera (Silver)",100
596287,"CAPSSD1100BN","Canon","DEMO PowerShot SD1100 IS Digital ELPH Digital Camera (Rhythm & Blue)","DEMO PowerShot SD1100 IS Digital ELPH Digital Camera (Rhythm & Blue)",50
542283,"CAPSSD1100G","Canon","PowerShot SD1100 IS Digital ELPH Digital Camera (Golden Tone)","PowerShot SD1100 IS Digital ELPH Digital Camera (Golden Tone)",50
169270,"CAER2000","Canon","EOS Rebel 2000 Camera Body","EOS Rebel 2000 Camera Body",25
1028812,"CAPSE135S","Canon","Canon PowerShot ELPH 135 (Silver)","Canon PowerShot ELPH 135 (Silver)",60
1022479,"CAPSSX600R","Canon","PowerShot SX600 HS Digital Camera (Red)","PowerShot SX600 HS Digital Camera (Red)",100
1210603,"CAPSE190ISB","Canon","PowerShot ELPH 190 IS Digital Camera (Black)","PowerShot ELPH 190 IS Digital Camera (Black)",100
1210605,"CAPSE190ISBL","Canon","PowerShot ELPH 190 IS Digital Camera (Blue)","PowerShot ELPH 190 IS Digital Camera (Blue)",100
92092,"CA358043EF","Canon","Zoom Wide Angle-Telephoto EF 35-80mm f/4.0-5.6 III Autofocus Lens","Zoom Wide Angle-Telephoto EF 35-80mm f/4.0-5.6 III Autofocus Lens",30
1833701,"CAEL10","Canon","Speedlite EL-10","EL-10 Speedlite Flash",75
943493,"CAPSSX280B","Canon","PowerShot SX280 HS Digital Camera (Black)","PowerShot SX280 HS Digital Camera (Black)",150
605255,"CAPSSD1200DG","Canon","PowerShot SD1200 IS Digital Camera (Dark Grey)","PowerShot SD1200 IS Digital Camera (Dark Grey)",90
1766854,"CAPSV10VS","Canon","PowerShot V10 Vlog Camera (Silver)","PowerShot V10 Vlog Camera (Silver)",180
839269,"CAPSE110BL","Canon","PowerShot ELPH 110 HS Digital Camera (Blue)","PowerShot ELPH 110 HS Digital Camera (Blue)",110
753772,"CAPSE300R","Canon","Powershot 300 HS Digital ELPH Camera (Red)","Powershot 300 HS Digital ELPH Camera (Red)",140
13040,"CAT90","Canon","T90 35mm SLR Manual Focus Camera Body","T90 35mm SLR Manual Focus Camera Body",90
1043893,"CAXF205","Canon","XF205 HD Camcorder ","XF205 HD Camcorder ",500
294298,"DATLM404","Datavideo","TLM-404 Quad 4-inch LCD Monitors, Rack Mountable","TLM-404 Quad 4-inch LCD Monitors, Rack Mountable",0
352654,"DATLM404JF","Datavideo","TLM-404JF Quad 4-Inch LCD Monitor Unit Kit","TLM-404JF Quad 4-Inch LCD Monitor W/ HOLDER",0
503903,"DE7XLFP1","Delvcam","DELV-7XLFP1 7"" Color LCD Monitor Kit","DELV-7XLFP1 7"" Color LCD Monitor Kit",0
550662,"ROV8","Edirol / Roland","V-8 Eight Channel Live Video Effects Switcher","V-8 Eight Channel Live Video Effects Switcher",0
337142,"ELRE90LAT","Electro-Voice","RE-90LAT Lavalier Microphone","RE-90LAT Lavalier Microphone",0
76667,"EL635A","Electro-Voice","635A Omnidirectional Handheld Dynamic ENG Microphone (Beige)","635A - Dynamic Omnidirectional Mic",
469849,"FUFPS3KD","FUJIFILM","FinePix S3 Pro Digital Camera Kit","FinePix S3 Pro Digital Camera Kit",
861781,"FUWCLX100S","FUJIFILM","WCL-X100 Wide-Angle Conversion Lens for X100 Camera (Silver)","WCL-X100 Wide-Angle Conversion Lens for X100 silver",100
883533,"FU1428","FUJIFILM","XF 14mm f/2.8 R Lens","14mm f/2.8 XF R Ultra Wide-Angle Lens",160
984430,"FU2728","FUJIFILM","XF 27mm f/2.8 Lens (Black)","27mm f/2.8 XF Lens (Black)",220
1077798,"FUX30B","FUJIFILM","X30 Digital Camera (Black)","Fujifilm X30 Digital Camera (Black)",375
1021630,"FU5612","FUJIFILM","XF 56mm f/1.2 R Lens","56mm f/1.2 XF R Lens",270
1083410,"FUHGX100T","FUJIFILM","MHG-X100 Hand Grip for X100T, X100S and X100 Digital Cameras","MHG-X100 Hand Grip for X100T, X100S and X100",35
1025329,"FUXT11855B","FUJIFILM","X-T1 Mirrorless Digital Camera with 18-55mm Lens","X-T1 Mirrorless Digital Camera with 18-55mm Lens",400
1008070,"FUXE21855S","FUJIFILM","X-E2 Mirrorless Digital Camera with 18-55mm Lens (Silver)","X-E2 Digital Camera with 18-55mm Lens (Silver)",400
1007606,"FUXE2B","FUJIFILM","X-E2 Mirrorless Digital Camera (Black, Body Only)","X-E2 Mirrorless Digital Camera (Black, Body Only)",295
967550,"FULCX100SBR","FUJIFILM","Leather Case for the X100/ X100S Cameras (Brown)","Lcx-100 Leather Case F/X100/ X100S Cameras (Brown)",12
1025328,"FUXT1B","FUJIFILM","X-T1 Mirrorless Digital Camera (Body Only)","X-T1 Mirrorless Digital Camera (Body Only)",275
1597413,"FUXS10B1855","FUJIFILM","X-S10 Mirrorless Camera with 18-55mm Lens","X-S10 Mirrorless Digital Camera with 18-55mm Lens",650
1358089,"FUXE3B","FUJIFILM","X-E3 Mirrorless Digital Camera (Body Only, Black)","X-E3 Mirrorless Digital Camera (Body Only, Black)",460
1311242,"FU502RWRS","FUJIFILM","XF 50mm f/2 R WR Lens (Silver)","XF 50mm f/2 R WR Lens (Silver)",180
1541202,"FU352","FUJIFILM","XC 35mm f/2 Lens","35mm f/2 XC Lens",120
1726019,"FUXH2","FUJIFILM","X-H2 Mirrorless Camera","X-H2 Mirrorless Camera",1100
1811353,"FUX100VIB","FUJIFILM","X100VI Digital Camera (Black)","X100VI Digital Camera (Black) (made in China)",1200
1618883,"FUXE4S","FUJIFILM","X-E4 Mirrorless Camera (Silver)","X-E4 Mirrorless Camera (Silver)",600
1541196,"FUXT200G","FUJIFILM","X-T200 Mirrorless Digital Camera (Body Only, Champagne Gold)","X-T200 Mirrorless Digital Camera (Body Only, Champagne Gold)",300
1899774,"FUXT5SJP","FUJIFILM","X-T5 Mirrorless Camera (Silver)","X-T5 Mirrorless Camera (Silver) (made in Japan)",1000
1662379,"FUXT3021545S","FUJIFILM","X-T30 II Mirrorless Camera with 15-45mm f/3.5-5.6 Lens (Silver)","X-T30 II Mirrorless Camera with XC 15-45mm OIS PZ Lens (Silver)",700
1771739,"FUIMEBR","FUJIFILM","instax mini EVO Hybrid Instant Camera (Brown)","INSTAX MINI EVO Hybrid Instant Camera (Brown)",100
1462622,"FU165035B","FUJIFILM","XC 16-50mm f/3.5-5.6 OIS II Lens (Black)","XC 16-50mm f/3.5-5.6 OIS II Lens (Black)",110
1311267,"FUFPXP120L","FUJIFILM","FinePix XP120 Digital Camera (Lime)","FinePix XP120 Digital Camera (Lime)",60
1311266,"FUFPXP120Y","FUJIFILM","FinePix XP120 Digital Camera (Yellow)","FinePix XP120 Digital Camera (Yellow)",60
1899779,"FUXM5BJP","FUJIFILM","X-M5 Mirrorless Camera (Black)","X-M5 Mirrorless Camera (Black)",500
1283436,"FU4528RWR","FUJIFILM","GF 45mm f/2.8 R WR Lens","GF 45mm f/2.8 R WR Lens",600
1560693,"FU3035GF","FUJIFILM","GF 30mm f/3.5 R WR Lens","GF 30mm f/3.5 R WR Lens",600
554312,"FO100016SEC","For.A","1000-16SEC 16 Second Memory Option for VFC-1000","16 SECOND MEMORY OPTION f/VFC-1000",
99975,"FO6301BEAV","Fostex","6301B 10W 4"" Powered Analog Speaker (Single)","6301BEAV 10w Powered Speker Monitor",0
431903,"FOCR500","Fostex","CR500 CD-R/RW Master Recorder/Player","CR500 CD-R/RW Master Recorder/Player",0
77694,"FRMFPT","Frezzi","MF-PT 50-watt Mini-Fill On-Camera Light","MF-PT 50-watt Mini-Fill On-Camera Light",0
91766,"FRMFICPT","Frezzi","Dimmer Mini-Fill On-Camera Light with 2 ft P-Tap Cable","MFIC-PT 50-watt Dimmer Mini-Fill On-Camera Light",0
262858,"FRMRFIC12P","Frezzi","MRFIC-12P 35-watt Dimmer Micro-Fill On-Camera Light","MRFIC-12P 35-watt Dimmer Micro-Fill On-Camera Light",0
1613341,"GOV860IIIN","Godox","Ving V860III TTL Li-Ion Flash Kit for Nikon Cameras","Ving V860III TTL Li-Ion Flash Kit for Nikon Cameras",110
253019,"HA504CC","Hasselblad","Wide Angle 50mm f/4 Zeiss Distagon C Lens for 500 Series Cameras - Chrome","50mm f/4 C LENS (CHROME)",
1436826,"HA135XCDC","Hasselblad","XCD 135mm f/2.8 Lens with X Converter 1.7x","XCD 135mm f/2.8 Lens with X Converter 1.7x",2400
1891701,"HAXCD454P","Hasselblad","XCD 45mm f/4 P Lens","XCD 45mm f/4 P Lens",460
1898998,"HAX2D100C75K","Hasselblad","X2D 100C Medium Format Mirrorless Camera with 75mm f/3.4 P Lens","X2D 100C Medium Format Mirrorless Camera with 75mm f/3.4 P Lens",
1725354,"HA5525XCD","Hasselblad","XCD 55mm f/2.5 V Lens","XCD 55mm f/2.5 V Lens",1900
1908830,"HA35100EXCD","Hasselblad","XCD 35-100mm f/2.8-4 E Lens (Hasselblad X)","XCD 35-100mm f/2.8-4 E Lens (Hasselblad X)",2500
381929,"IDE7","IDX System Technology","E-7 Endura Lithium-Ion Stackable V-Mount Battery","E-7 Endura Lithium-Ion Stackable V-Mount Battery",0
843442,"INP5LCDLPE6","IndiPRO Tools","Pro5 LCD 5"" Camera Monitor with Canon LP-E6 Battery Plate","Pro5 LCD with a Canon LP-E6 Battery Plate",0
319988,"KTKE89CC","K-Tek","KE-89CC Avalon Series Aluminum Boompole with Internal XLR Cable","KE89CC - Aluminum Boompole with Coiled Cable",90
162786,"KAB2","Kata","Banana-2 Contour Shoulder Bag","Banana-2 Contour Shoulder Bag",0
202781,"KATS42","Kata","Tripoaction-42 Action Tripod Carrier","Tripoaction-42 Action Tripod Carrier",5
368000,"KACC193","Kata","CC-193 GDC HDV Case","CC-193 GDC-HDV Shoulder Case (Gray)",25
162746,"KACCC1","Kata","CCC-1 Compact Camera Case","CCC-1 Compact Camera Case",20
319677,"KAEXO12","Kata","EXO-12 Camcorder Case","EXO-12 Camcorder Case",0
1699919,"KOFZ45BK","Kodak","Pixpro FZ45 Digital Camera (Black)","Pixpro FZ45 Digital Camera (Black)",50
1699920,"KOFZ45RD","Kodak","Pixpro FZ45 Digital Camera (Red)","Pixpro FZ45 Digital Camera (Red)",45
1699921,"KOFZ45WH","Kodak","Pixpro FZ45 Digital Camera (White)","Pixpro FZ45 Digital Camera (White)",45
435072,"MI10040045AD","Konica Minolta","Zoom Telephoto AF 100-400mm f/4.5-6.7 APO Autofocus Lens","Zoom Telephoto AF 100-400mm f/4.5-6.7 APO Autofocus Lens",0
35118,"MI10028MAFQ","Konica Minolta","Telephoto 100mm f/2.8 Maxxum AF Macro Autofocus Lens","100mm f/2.8 Macro Autofocus Lens (original)",0
91185,"MI3004AAF","Konica Minolta","Telephoto AF 300mm f/4.0 APO G Autofocus Lens","300mm f/4.0 APO G Autofocus Lens",0
113789,"MI40045AAF","Konica Minolta","Telephoto AF 400mm f/4.5 APO G Autofocus Lens","400mm f/4.5 APO G Autofocus Lens",0
320498,"MI2XAAFD","Konica Minolta","2x Teleconverter APO (D) for Maxxum AF","2x Teleconverter APO (D) for Maxxum AF",0
292683,"LEML36","LEE Filters","Master Location Filter Pack (36 Sheets, 10 x 12"")","Master Location Filter Pack - 36 Sheets",
154506,"LEMLZ","Leica","Minilux Zoom Camera (Titanium)","Minilux Zoom Camera (Titanium)",250
609390,"LESF58","Leica","SF 58 Flash","SF 58 Flash Unit For Leica-R, Leica-M, and Leica-S Systems",135
1348985,"LETL2B","Leica","TL2 Mirrorless Camera (Black)","TL2 Mirrorless Digital Camera (Black)",725
1464271,"LEQ2B","Leica","Q2 Digital Camera","Q2 Digital Camera",2100
1682569,"LEM11B","Leica","M11 Rangefinder Camera (Black)","M11 Rangefinder Camera (Black)",4400
1682570,"LEM11S","Leica","M11 Rangefinder Camera (Silver)","M11 Rangefinder Camera (Silver)",4200
1674779,"LEQ2RD","Leica","Q2 Reporter Edition Digital Camera","Q2 Reporter Edition Digital Camera",3000
1312543,"LEM10S","Leica","M10 Digital Rangefinder Camera (Silver)","M10 Digital Rangefinder Camera (Silver)",2500
1683005,"LEM11PC","Leica","Protector Case for M11 (Cognac)","M11 Protector Case (Cognac)",100
1901922,"LE287028VE","Leica","Vario-Elmarit-SL 28-70mm f/2.8 ASPH. Lens (L-Mount)","Vario-Elmarit-SL 28-70mm f/2.8 ASPH. Lens (L-Mount)",1000
1928900,"LESL3R","Leica","SL3 Reporter Mirrorless Camera","SL3 Reporter Mirrorless Camera",4000
1192093,"LESL601","Leica","SL (Typ 601) Mirrorless Digital Camera","SL (Typ 601) Mirrorless Digital Camera",850
1768277,"LEQ3","Leica","Q3 Digital Camera (Black)","Q3 Digital Camera",3600
1895535,"LEM11PSF","Leica","M11-P Safari Rangefinder Camera","M11-P Safari Rangefinder Camera",5800
162727,"LE13534MB","Leica","APO-Telyt-M 135mm f/3.4 Lens (Leica M)","APO-Telyt-M 135mm f/3.4 Lens (Leica M)",1500
800889961,"889961","Lowepro","Micro Trekker 200 (Green)","Micro Trekker 200 (Green)",
842086,"MAVT4000","Magnus","VT-4000 Tripod System with Fluid Head","VT-4000 Tripod System with Fluid Head",70
182442,"MAETA1645AF","Mamiya","AF Auto Extension Tube #1","Auto Extension Tube #1 645-AF",0
361984,"MA190MF43028","Manfrotto","190MF4 Magfiber Carbon Fiber Tripod with 3028 Super 3-D Head","190MF4 Magfiber Carbon Fiber Tripod with 3028 Super 3-D Head",
5151,"MA2900","Manfrotto","2900 Super Clamp with Standard Stud","2900 Super Clamp with Standard Stud",
220407,"MA3021P3433","Manfrotto","3021 Pro Tripod Legs (Chrome) with 3433 (501) Legs","3021 Pro Tripod Legs (Chrome) with 3433 (501) Legs",0
36082,"MISMF","Minolta","Spot Meter F","Spot Meter F",120
1080398,"NIK950G3COS","Night Optics","1x Gen 3 Krystal 950 Gated Night Vision Clip-On Sight","1x Gen 3 Krystal 950 Gated Night Vision Clip-On Sight",
183533,"NI7524045DAF","Nikon","Zoom Telephoto 75-240mm f/4.5-5.6 D Autofocus Lens","75-240 f/4.5-5.6 D Autofocus Lens",35
108422,"NI245033DAF","Nikon","AF Zoom Nikkor 24-50mm f/3.3-4.5 D Autofocus Lens","24-50 f/3.3-4.5 D Autofocus Lens",40
169589,"NI287028AFS","Nikon","Zoom W/A-Telephoto AF-S Zoom Nikkor 28-70mm f/2.8D ED-IF AF Lens","28-70 f/2.8D AF-S ED-IF AF Lens",280
234173,"NI40028AFS2B","Nikon","Telephoto AF-S Nikkor 400mm f/2.8D ED-IF II Autofocus Lens - Black","400mm f/2.8D AF-S ED-IF II Autofocus Lens - Black",1600
256919,"NI248535GAFS","Nikon","Zoom W/A-Telephoto AF Zoom Nikkor 24-85mm f/3.5-4.5G AF-S AF Lens","24-85mm f/3.5-4.5G AF-S AF Lens",80
471716,"NID401855","Nikon","D40 SLR Digital Camera Kit with 18-55mm Lens","D40 SLR Digital Camera Kit with 18-55mm Lens",75
323882,"NISB600","Nikon","SB-600 AF Speedlight i-TTL Shoe Mount Flash (Guide No. 98'/30 m at 35mm)","SB-600 Speedlight Flash",25
37908,"NISB25","Nikon","SB-25 AF Speedlight Shoe Mount TTL Flash","SB-25 AF Speedlight  Flash",15
408518,"NI1820035ED","Nikon","AF Zoom Nikkor 18-200mm f/3.5-5.6G ED-IF AF-S DX VR  Lens","18-200 f/3.5-5.6G ED-IF AF-S DX VR Lens",90
542392,"NICPP60","Nikon","Coolpix P60 Digital Camera (Black)","Coolpix P60 Digital Camera (Black)",40
471717,"NISB400","Nikon","SB-400 Speedlight i-TTL Shoe Mount Flash","SB-400 Speedlight Flash",45
37937,"NISD8","Nikon","SD-8 Battery Pack","SD-8 Battery Pack",5
119518,"NI6004DAFS","Nikon","Telephoto AF-S Nikkor 600mm f/4D ED-IF Autofocus Lens","600mm f/4D AF-S ED-IF Autofocus Lens",900
254673,"NIFMB","Nikon","FM 35mm SLR Manual Focus Camera Body (Black)","FM Manual Focus Camera Body (Black)",130
237503,"NIFAB","Nikon","FA 35mm SLR Manual Focus Camera Body (Black)","FA Manual Focus Camera Body (Black)",75
407308,"NIMBD200","Nikon","MB-D200 Multi-Power Battery Pack","MB-D200 Multi-Power Battery Pack F/D200",20
183792,"NISB28DX","Nikon","SB-28DX Speedlight TTL Shoe Mount Flash","SB-28DX Speedlight Flash",40
158073,"NIN60","Nikon","N60 35mm SLR Autofocus Camera Body (Champagne)","N60 35mm SLR Autofocus Camera Body (Champagne)",40
165833,"NIMB15","Nikon","MB-15 High Power Pack","MB-15 High Power Pack F/F100",25
82946,"NI2028DAF","Nikon","AF NIKKOR 20mm f/2.8D Lens","20mm f/2.8D Nikkor Autofocus Lens",130
66980,"NI2428DAF","Nikon","AF NIKKOR 24mm f/2.8D Lens","24mm f/2.8 D Autofocus Lens",105
92012,"NI18028DEDAF","Nikon","AF NIKKOR 180mm f/2.8D IF-ED Lens","180mm f/2.8 ""D"" ED-IF Autofocus Lens",195
36918,"NI242","Nikon","Wide Angle 24mm f/2.0 AIS Manual Focus Lens","24mm f/2 AIS Manual Focus Lens",200
260230,"NI2428N","Nikon","Wide Angle 24mm f/2.8 Manual Focus Lens (Non-AI)","24mm f/2.8 Manual Focus Lens (Non-AI)",70
36924,"NI282","Nikon","Wide Angle 28mm f/2.0 AIS Manual Focus Lens","28mm f/2  AIS Manual Focus Lens",175
37917,"NISC18","Nikon","SC-18 TTL Multi Flash Cord","SC-18 TTL Multi Flash Cord",4
328122,"NI288535AFQ","Nikon","Zoom Wide Angle-Telephoto 28-85mm f/3.5-4.5 Auto Focus Lens","28-85 f/3.5-4.5 AF Autofocus Lens",35
37493,"NIFM2C","Nikon","FM2N 35mm SLR Manual Focus Camera Body (Chrome)","FM2N Manual Focus Camera Body (Chrome)",200
249285,"NIFM3AC45K","Nikon","FM3A Camera Kit with 45mm P Lens (Chrome)","FM3A Camera Kit with 45mm P Lens (Chrome)",400
260253,"NI5014N","Nikon","50mm f/1.4 Manual Focus Lens (Non-AI, NOT f/Digital) with Prong","50mm f/1.4 Manual Focus Lens (Non-AI)",60
325097,"NI2035","Nikon","Super Wide Angle 20mm f/3.5 AIS Manual Focus Lens (52mm)","20mm f/3.5 AIS Manual Focus Lens (52mm)",140
325096,"NI2035AI","Nikon","Super Wide Angle 20mm f/3.5 AI Manual Focus Lens (52mm)","20mm f/3.5 AI Manual Focus Lens (52mm)",95
258058,"NI702104","Nikon","70-210mm f/4 AIS Manual Focus Lens - E Series","70-210mm f/4 AIS Manual Focus Lens - E Series",30
258061,"NI8020045AIM","Nikon","Zoom Telephoto 80-200mm f/4.5 Manual Focus Lens (AI-Modified)","80-200mm f/4.5 (AI-MODIFIED) LENS",
399807,"NICPP1","Nikon","Coolpix P1 Digital Camera","Coolpix P1 Digital Camera",
260229,"NI184AI","Nikon","Super Wide Angle 18mm f/4 AI Manual Focus Lens","18mm f/4 AI Manual Focus Lens",200
82948,"NI28TI","Nikon","28Ti QD 35mm Autofocus Point & Shoot Camera with Built-In 28mm f/2.8 Lens","28Ti Point & Shoot Camera (28mm f2.8 Lens)",300
236332,"NICP5000","Nikon","Coolpix 5000 Digital Camera","Coolpix 5000 Digital Camera",40
518957,"NICPS700S","Nikon","Coolpix S700 Digital Camera (Silver)","Coolpix S700 Digital Camera (Silver)",0
201421,"NI1428DAF","Nikon","AF NIKKOR 14mm f/2.8D ED Lens","14mm f2.8 D Nikkor ED Autofocus Lens",225
36935,"NI30028DAF","Nikon","300mm f/2.8 D-AF/i ED(IF) Autofocus Lens","300mm f/2.8 D-AF/i ED(IF) Autofocus Lens",400
220378,"NI30028DAFSG","Nikon","Telephoto AF-S Nikkor 300mm f/2.8D ED-IF II AF Lens - Light Gray","300mm f/2.8D AF-S Nikkor ED-IF II AF Lens - Light Gray",1245
36954,"NI352AF","Nikon","Wide Angle 35mm f/2 AF Autofocus Lens","35mm f/2 AF Autofocus Lens",80
66988,"NI10528DMAF","Nikon","Telephoto AF Micro Nikkor 105mm f/2.8D Autofocus Lens","105mm f/2.8 D Micro Autofocus Lens",145
577368,"NICPP6000","Nikon","Coolpix P6000 Digital Camera (Black)","Coolpix P6000 Digital Camera (Black)",80
675838,"NI16354GAFS","Nikon","AF-S NIKKOR 16-35mm f/4G ED VR Lens","16-35mm f/4 G ED VR AF-S Wide Angle Zoom Lens",175
337511,"NITC17E2","Nikon","AF-S Teleconverter TC-17E II","TC-17E II 1.7x Teleconverter for AF-S",50
655574,"NID3S","Nikon","D3S Digital SLR Camera (Body Only)","D3S Digital SLR Camera (Body Only)",275
823591,"NI1V110B","Nikon","Nikon 1 V1 Mirrorless Digital Camera with 10mm and 10-30mm Lenses (Black)","Nikon 1 V1 Digital Camera with 10mm and 10-30mm (Black)",0
754897,"NICPL120B","Nikon","Coolpix L120 Digital Camera (Black)","Coolpix L120 Digital Camera (Black)",70
838798,"NI8518G","Nikon","AF-S NIKKOR 85mm f/1.8G Lens","85mm f/1.8 G AF-S Lens",160
872407,"NI1830035AFS","Nikon","AF-S DX NIKKOR 18-300mm f/3.5-5.6G ED VR Lens","18-300mm f/3.5-5.6 G ED VR AF-S Lens (77mm)",210
888168,"NICPP7700B","Nikon","COOLPIX P7700 Digital Camera (Black)","Coolpix P7700 Digital Camera (Black)",180
999547,"NISB300","Nikon","SB-300 AF Speedlight","SB-300 Flash",60
1038908,"NI1V31030","Nikon","1 V3 Mirrorless Digital Camera with 10-30mm Lens","1 V3 Mirrorless Digital Camera with 10-30mm Lens",250
425818,"NI18X70AS","Nikon","18x70 Astroluxe Binoculars","18x70 ASTROLUXE XL",
1010022,"NID5300B","Nikon","D5300 DSLR Camera (Body Only, Black)","D5300 DSLR Camera (Body Only, Black)",160
1013090,"NIDFB","Nikon","Df DSLR Camera (Body Only, Black)","Df DSLR Camera (Body Only, Black)",730
1024081,"NID4S","Nikon","D4S DSLR Camera (Body Only)","D4S DSLR Camera (Body Only)",500
1052071,"NITC14EIII","Nikon","AF-S Teleconverter TC-14E III"," TC-14E III AF-S Teleconverter ",170
1333060,"NID7500","Nikon","D7500 DSLR Camera (Body Only)","D7500 DSLR Camera (Body Only)",350
1431710,"NIZ5018","Nikon","NIKKOR Z 50mm f/1.8 S Lens","50mm f/1.8 S NIKKOR Z Lens",270
1431709,"NIZ3518","Nikon","NIKKOR Z 35mm f/1.8 S Lens","35mm f/1.8 S NIKKOR Z Lens",360
1431707,"NIZ62470","Nikon","Z6 Mirrorless Camera with 24-70mm Lens","Z6 Mirrorless Digital Camera with 24-70mm Lens",675
1333200,"NID7500K","Nikon","D7500 DSLR Camera with 18-140mm Lens ","D7500 DSLR Camera with 18-140mm Lens",440
1546137,"NIZ24200","Nikon","NIKKOR Z 24-200mm f/4-6.3 VR Lens","24-200mm f/4-6.3 VR NIKKOR Z Lens",300
1511294,"NIZ50","Nikon","Z50 Mirrorless Camera","Z50 Mirrorless Digital Camera (Body Only)",300
1649279,"NIZFC","Nikon","Zfc Mirrorless Camera (Silver)","Z fc Mirrorless Digital Camera (Body Only)",360
1713849,"NIZ30","Nikon","Z30 Mirrorless Camera","Z30 Mirrorless Camera",275
1713854,"NIZ40045","Nikon","NIKKOR Z 400mm f/4.5 VR S Lens","400mm f/4.5 VR S Lens NIKKOR Z ",1475
1675006,"NIZ2828ZST","Nikon","NIKKOR Z 28mm f/2.8 Lens","28mm f/2.8 NIKKOR Z  Lens",120
1664000,"NIZ402","Nikon","NIKKOR Z 40mm f/2 Lens (Nikon Z)","40mm f/2 NIKKOR Z Lens",105
635645,"NID300S","Nikon","D300S DSLR Camera (Body Only)","D300S DSLR Camera (Body Only)",90
186250,"NI173528DAFS","Nikon","AF-S Zoom-NIKKOR 17-35mm f/2.8D IF-ED Lens","17-35mm f/2.8D IF-ED AF-S Lens",240
277190,"NIN75","Nikon","N75 Camera Body","N75 Camera Body",25
1852210,"NIZ5014","Nikon","NIKKOR Z 50mm f/1.4 Lens (Nikon Z)","50mm f/1.4 Lens (Nikon Z)",250
1788062,"NIZF","Nikon","Zf Mirrorless Camera (Black)","Zf Mirrorless Camera (Black)",1000
36930,"NI287035AF","Nikon","Zoom Wide Angle-Telephoto 28-70mm f/3.5-4.5 Autofocus Lens","Zoom Wide Angle-Telephoto 28-70mm f/3.5-4.5 Autofocus Lens",30
1877284,"NICPP1100","Nikon","COOLPIX P1100 Digital Camera","COOLPIX P1100 Digital Camera",500
1010384,"NIENEL14A","Nikon","EN-EL14a Battery (1230mAh)","EN-EL14a Battery (1230mAh)",5
255111,"NIF2PC","Nikon","F2 Photomic 35mm SLR Manual Focus Camera Body - Chrome","F2 Photomic 35mm SLR Manual Focus Camera Body - Chrome",150
842330,"NICPL810B","Nikon","Coolpix L810 Digital Camera (Black)","Coolpix L810 Digital Camera (Black)",30
936341,"NICPS3500O","Nikon","COOLPIX S3500 Digital Camera (Orange)","COOLPIX S3500 Digital Camera (Orange)",75
936335,"NICPS3500S","Nikon","COOLPIX S3500 Digital Camera (Silver)","COOLPIX S3500 Digital Camera (Silver)",85
38014,"NITC20E","Nikon","TC-20E 2x Teleconverter for D-AF-I","TC-20E 2x Teleconverter for D-AF-I",40
1120465,"NICPS6900P","Nikon","COOLPIX S6900 Digital Camera (Pink)","COOLPIX S6900 Digital Camera (Pink)",75
842343,"NICPS3300B","Nikon","Coolpix S3300 Digital Camera (Black)","Coolpix S3300 Digital Camera (Black)",55
842346,"NICPS3300R","Nikon","Coolpix S3300 Digital Camera (Red)","Coolpix S3300 Digital Camera (Red)",55
254668,"NIFE2C","Nikon","FE2 35mm SLR Manual Focus Camera Body - Chrome","FE2 35mm SLR Manual Focus Camera Body - Chrome",200
601942,"NICPL20BL","Nikon","Coolpix L20 Digital Camera (Navy Blue)","Coolpix L20 Digital Camera (Navy Blue)",30
1924023,"NIZ165028","Nikon","NIKKOR Z DX 16-50mm f/2.8 VR Lens (Nikon Z)","NIKKOR Z DX 16-50mm f/2.8 VR Lens (Nikon Z)",470
1688417,"OM40150P","OM SYSTEM","M.Zuiko Digital ED 40-150mm f/4 PRO Lens","40-150mm f/4 PRO Lens Micro 4/3 ",330
1774508,"OM150400P","OM SYSTEM","M. Zuiko 150-400mm f/4.5 TC 1.25 IS PRO Lens","M. Zuiko 150-400mm f/4.5 TC 1.25 IS PRO Lens",4700
1840712,"OM401504B","OM SYSTEM","M.Zuiko Digital ED 40-150mm f/4-5.6 R Lens (Black)","M.Zuiko Digital ED 40-150mm f/4-5.6 R Lens (Black)",100
421429,"OLEE330","Olympus","Evolt E-330 Digital Cameral Camera Body)","Evolt E-330 Digital Cameral Camera Body)",0
488297,"OLEE4102LK","Olympus","Evolt E-410 Digital Camera Kit with 14-42mm and 40-150mm Zuiko Digital Lens","Evolt E-410 Body with 14-42mm and 40-150mm Lens",0
527572,"OLFL36R","Olympus","FL-36R Shoe Mount Flash for Olympus Digital Cameras","FL-36R Flash Wireless for Olympus Digital Cameras",30
526362,"OLE3","Olympus","E-3 SLR Digital Camera (Camera Body)","E-3 SLR Digital Camera (Camera Body)",0
589628,"OLE30","Olympus","E-30 SLR Digital Camera","E-30 SLR Digital Camera",0
301931,"OL5020028","Olympus","50-200mm f/2.8-3.5 ED Zuiko Digital Zoom Lens","50-200 f/2.8-3.5 ED Zuiko Digital Zoom Lens",100
301929,"OL145428","Olympus","14-54mm f/2.8-3.5 Zuiko Digital Zoom Lens","14-54 f/2.8-3.5 Zuiko Digital Zoom Lens",50
302088,"OLEP1","Olympus","EP-1 Eyecup","EP-1 Eyecup",
659412,"OLEP217VB","Olympus","E-P2 Pen Digital Camera  w/  17mm f/2.8 Zuiko Lens & Electronic Viewfinder (Black)","E-P2 Pen Digital Camera w/17mm f/2.8 Zuiko Lens & Electronic Viewfinder",200
755194,"OL144235MB","Olympus","M. Zuiko Digital ED 14-42mm f/3.5-5.6 II Micro 4/3 Lens (Black)","14-42mm f/3.5-5.6 ED II Micro 4/3 Lens (Black)",55
755192,"OL144235MS","Olympus","M. Zuiko Digital ED 14-42mm f/3.5-5.6 II Micro 4/3 Lens (Silver)","14-42mm f/3.5-5.6 ED II Micro 4/3 Lens (Silver)",50
749909,"OLXZ1B","Olympus","XZ-1 10MP Digital Camera (Black)","XZ-1 10MP Digital Camera",100
674725,"OL1415045","Olympus","M.Zuiko Digital ED 14-150mm f/4.0-5.6 Zoom Lens (Micro Four Thirds)","14-150mm f/4.0-5.6 Zoom Lens (Micro Four Thirds)",140
808130,"OLFL300R","Olympus","FL-300R Flash","FL-300R Wireless Flash for PEN Cameras",30
808145,"OLEPM11442S","Olympus","E-PM1 Mirrorless Micro Four Thirds Digital Camera with 14-42mm II Lens (Silver)","E-PM1 Digital Camera with 14-42mm II Lens ",75
808132,"OLEP317B","Olympus","E-P3 PEN Digital Camera with 17mm Lens (Black)","E-P3 PEN Digital Camera with 17mm Lens",140
816863,"OLVF3","Olympus","VF-3 Electronic Viewfinder for Select Olympus PEN Cameras (Silver)","VF-3 Electronic Viewfinder (Silver) for Olympus PEN Cameras",60
1078711,"OL1220BM","Olympus","M.Zuiko Digital ED 12mm f/2 Lens (Black)","12mm f/2.0  ED MICRO 4/3 Lens (Black)",150
1116759,"OLEM5M2B","Olympus","OM-D E-M5 Mark II Mirrorless Micro Four Thirds Digital Camera (Body, Black)","OM-D E-M5 Mark II Micro 4/3 Digital Camera (Body, Black)",275
892461,"OLEPL51442B","Olympus","E-PL5 Mirrorless Micro Four Thirds Digital Camera with 14-42mm f/3.5-5.6 II R Lens (Black)","E-PL5 Mirrorless M-4/3 Camera w/14-42mm f/3.5-5.6 II R Lens (Black)",160
971401,"OLEP517VF4B","Olympus","PEN E-P5 Mirrorless Micro Four Thirds Digital Camera with 17mm f/1.8 Lens and VF-4 Viewfinder (Black)","E-P5 PEN Mirrorless Digital w/17mm f/1.8 Lens and VF-4 Viewfinder (Black)",350
808156,"OL144235IIS","Olympus","M.Zuiko Digital 14-42mm f/3.5-5.6 II R Lens (Silver)","14-42mm f/3.5-5.6 II R Lens (Silver)",60
842943,"OLHLD6","Olympus","HLD-6 Power Battery Holder","HLD-6 Power Battery Holder Set",40
1576158,"OLEM10M414S","Olympus","OM-D E-M10 Mark IV Mirrorless Camera with 14-42mm EZ Lens (Silver)","OM-D E-M10 Mark IV Mirrorless Digital Camera with 14-42mm Lens (Silver)",400
1506319,"OLEM5M3B","Olympus","OM-D E-M5 Mark III Mirrorless Camera (Black)","OM-D E-M5 Mark III Mirrorless Digital Camera (Body Only, Black)",350
405344,"OLEE500","Olympus","Evolt E-500 Digital Camera Body (Black)","Evolt E-500 Digital Camera Body (Black)",50
842895,"OLSZ31B","Olympus","SZ-31MR iHS Digital Camera (Black)","SZ-31MR iHS Digital Camera (Black)",70
112242,"OLOM4TIB","Olympus","OM-4Ti (Titanium) 35mm SLR Manual Focus Camera Body (Black)","OM-4Ti (Titanium) 35mm SLR Manual Focus Camera Body (Black)",240
307450,"OLOM4B","Olympus","OM-4 35mm Manual Focus SLR Camera Body","OM-4 35mm Manual Focus SLR Camera Body",130
1351006,"OLEM10M3S","Olympus","OM-D E-M10 Mark III Mirrorless Micro Four Thirds Digital Camera (Body Only, Silver)","OM-D E-M10 Mark III Mirrorless Micro Four Thirds Digital Camera (Body Only, Silver)",235
1486001,"OLMC20","Olympus","MC-20 M.Zuiko Digital 2x Teleconverter","MC-20 M.Zuiko Digital 2x Teleconverter",175
1483199,"ZZZTEST012","Other Brand","Kodak PIXPRO FZ55 Digital Camera (black)","PNe",5000
943365,"PC08598","PC Treasures","PocketPro Padfolio Case","PocketPro Padfolio Case",
472753,"PADMCFZ7K1","Panasonic","Lumix DMC-FZ7 Digital Camera (Black)","Lumix DMC-FZ7 Digital Camera ",0
440215,"PADMCFZ30KD","Panasonic","Lumix DMC-FZ30 Digital Camera (Black)","Lumix DMC-FZ30 Digital Camera",0
482162,"PAAGHSC1U","Panasonic","AG-HSC1U AVCHD 3CCD High Definition SD/SDHC Camcorder","AG-HSC1U AVCHD 3CCD High Definition SD/SDHC Camcorder",0
682973,"PADMCG2K","Panasonic","Lumix DMC-G2 Interchangeable Lens System Digital Camera (Black)","DMC-G2 Digital Camera w/14-42/3.5-5.6 OIS Lens ",0
651751,"PA2017","Panasonic","Lumix 20mm f/1.7 Aspheric G- Series Lens","20mm f/1.7 Aspheric G- Series Lens",125
818947,"PADMCFZ150B","Panasonic","DMC-FZ150 Digital Camera (Black)","DMC-FZ150 Digital Camera (Black)",75
749859,"PAHDCTM80K","Panasonic","HDC-TM80 High Definition Camcorder (Black)","HDC-TM80 High Definition Camcorder (Black)",40
749854,"PAHDCSD800","Panasonic","HDC-SD800 High Definition Camcorder","HDC-SD800 High Definition Camcorder",75
768737,"PADMCGF3KK","Panasonic","Lumix DMC-GF3 Digital Camera with 14-42mm Lens Kit (Black)","DMC-GF3 Digital Camera with 14-42mm Lens Kit (Black)",65
651764,"PADMWMA2M","Panasonic","DMW-MA2M Leica M Mount Adapter for Leica Lenses and Lumix G Micro System Cameras","DMW-MA2M  Leica M Lens Mount Adapter for Lumix G Micro",50
1023343,"PAHCV750B","Panasonic","HC-V750 Full HD Camcorder","HC-V750 Full HD Camcorder",70
838813,"PAHCX900MK","Panasonic","32GB HC-X900M 3D Ready Full HD Camcorder (Black)","32GB HC-X900M 3D Ready Full HD Camcorder (Black)",100
893072,"PAAGAC90","Panasonic","AG-AC90 AVCCAM Handheld Camcorder","AG-AC90 AVCCAM Handheld Camcorder",0
857086,"PAAGHPX255","Panasonic","AG-HPX255 P2 HD Handheld Camcorder","AG-HPX255 P2 HD Handheld Camcorder",0
1082158,"PADMCLX100B","Panasonic","Lumix DMC-LX100 Digital Camera (Black)","DMC-LX100 Digital Camera (Black)",300
818956,"PA451754XB","Panasonic","LUMIX G X Vario PZ 45-175mm f/4-5.6 ASPH. POWER O.I.S. Lens","45-175mm f/4.0-5.6 ASPH GX Vario PZ Lens (Black)",175
892457,"PA3510028","Panasonic","Lumix G X Vario 35-100mm f/2.8 ASPH. POWER O.I.S. Lens","35-100mm f/2.8 Lumix G Vario Zoom Lens",275
1124342,"PA4217POIS","Panasonic","LUMIX G 42.5mm f/1.7 ASPH. POWER O.I.S. Lens","42.5mm f/1.7 ASPH. POWER O.I.S. Lens",180
968607,"PA141403556S","Panasonic","Lumix G Vario 14-140mm f/3.5-5.6 ASPH. POWER O.I.S. Lens (Silver)","14-140mm f/3.5-5.6 ASPH. POWER O.I.S. Lens (Silver)",175
1124341,"PA3028MOIS","Panasonic","LUMIX G Macro 30mm f/2.8 ASPH. MEGA O.I.S. Lens","30mm f/2.8 ASPH. MEGA O.I.S. Lens",180
986097,"PA2017IIB","Panasonic","LUMIX G 20mm f/1.7 II ASPH. Lens (Black)","20mm f/1.7 G ""II"" ASPH. Lens (Black)",150
1455068,"PADCS1RK","Panasonic","Lumix S1R Mirrorless Camera with 24-105mm Lens","DC-S1R Mirrorless Digital Camera with 24-105mm Lens",1000
1263853,"PAAGAC30","Panasonic","AG-AC30 Full HD Camcorder with Touch Panel LCD Screen & Built-In LED Light","AG-AC30 Full HD Camcorder with Touch Panel LCD Viewscreen and Built-In LED Light",450
1328548,"PA81828LDG","Panasonic","Leica DG Vario-Elmarit 8-18mm f/2.8-4 ASPH. Lens","8-18mm f/2.8-4 ASPH. Leica DG Vario-Elmarit Lens",375
1383052,"PAHCVX1","Panasonic","HC-VX1 4K HD Camcorder","HC-VX1 4K HD Camcorder",300
1501345,"PA247028S","Panasonic","LUMIX S PRO 24-70mm f/2.8 Lens","24-70mm f/2.8 Lumix S PRO Lens",900
1639337,"PADCGH5M2","Panasonic","LUMIX GH5 II Mirrorless Camera","DC-GH5 II Mirrorless Camera (Body Only)",640
1705523,"PA917M","Panasonic","Leica DG Summilux 9mm f/1.7 ASPH Lens","Leica DG Summilux 9mm f/1.7 ASPH. Lens",285
1743629,"PADCS5M2X","Panasonic","LUMIX S5 IIX Mirrorless Camera","Lumix S5 IIX Mirrorless Camera",900
1936324,"PADCS9BOQ","Panasonic","LUMIX S9 Mirrorless Camera (Black)","Lumix S9 Mirrorless Camera (Black)",575
1109393,"PADMCTS30B","Panasonic","Lumix DMC-TS30 Digital Camera (Black)","Lumix DMC-TS30 Digital Camera (Black)",120
1960531,"PADCZS300S","Panasonic","ZS300 Digital Camera (Silver)","ZS300 Digital Camera (Silver)",450
1328550,"PADCZS70S","Panasonic","Lumix DC-ZS70 Digital Camera (Silver)","Lumix DC-ZS70 Digital Camera (Silver)",260
1945159,"PADCS1M2ESB9","Panasonic","LUMIX S1 IIE Mirrorless Camera","LUMIX S1 IIE Mirrorless Camera",1000
838480,"PADMCZS20B","Panasonic","Lumix DMC-ZS20 Digital Camera (Black)","Lumix DMC-ZS20 Digital Camera (Black)",75
1023339,"PADMCZS35B","Panasonic","Lumix DMC-ZS35 Digital Camera (Black)","Lumix DMC-ZS35 Digital Camera (Black)",90
389343,"PE0340CCB","Pelican","0340 Cube Case without Foam (Black)","0340 Cube Case without Foam (Black)",100
542154,"PE3004DA","Pentax","SMCP-DA* 300mm f/4 ED (IF) SDM Autofocus Lens for Digital SLR","300mm f/4 ED (IF) SDM SMCP-DA AF Lens ",325
131734,"PEAF220T","Pentax","AF220T TTL Shoe Mount Flash","AF220T TTL Shoe Mount Flash",10
222332,"PE3535645N","Pentax","SMCP-FA 645N 35mm f/3.5","35mm f/3.5 SMCP-FA Lens For 645N ",0
388316,"PE7718FAB","Pentax","smc PENTAX-FA 77mm f/1.8 Limited Lens (Black)","77mm f/1.8 FA Limited Autofocus Lens ",245
485184,"PE50135DA","Pentax","smc PENTAX-DA* 50-135mm f/2.8 ED (IF) SDM Lens","50-135 f/2.8 ED SMCP-DA* (IF) SDM Lens for Digital SLR",150
418135,"PE1017DA","Pentax","SMCP-DA 10-17mm f/3.5-4.5 ED Autofocus Lens","10-17 f/3.5-4.5 ED SMCP-DA Autofocus Lens",60
336498,"PE672AE","Pentax","67II Medium Format SLR Manual Focus Camera Body with AE (Auto Exposure) Prism Finder","67II Camera Body with AE (Auto Exposure) Prism Finder",0
40746,"PE4004ED67","Pentax","SMCP-67 400mm f/4 ED","400mm f/4 ED SMCP lens For 67",650
350506,"PE3545T67","Pentax","Fisheye 35mm f/4.5 SMC-Takumar Lens for 67","35mm f/4.5 SMC-TAKUMAR Lens for 67",195
275685,"PE645K","Pentax","645 Medium Format Manual Focus Camera Body with 75mm f/2.8 Lens and 120 Film Insert","645 Manual Focus Body 75mm f/2.8 Lens and 120 Film Insert",0
350514,"PE1354MT67","Pentax","Telephoto 135mm f/4 Macro SMC-Takumar Lens for 67","135mm f/4 Macro SMC-Takumar Lens for 67",50
734894,"PEKR1855B","Pentax","K-r Digital SLR Camera with 18-55mm Zoom Lens (Black)","K-r Digital SLR Camera with 18-55mm Zoom Lens ",0
1225871,"PE153028ED","Pentax","HD PENTAX-D FA 15-30mm f/2.8 ED SDM WR Lens","15-30mm f/2.8 ED SDM WR FA HD Lens",375
470968,"PEDBG2","Pentax","D-BG2 Battery Grip","D-BG2 Battery Grip",5
1014042,"PE204028S","Pentax","HD Pentax DA 20-40mm f/2.8-4 ED Limited DC WR Lens (Silver)","20-40mm f/2.8-4 ED HD DA Limited DC WR Lens (Silver)",195
1008125,"PE553004HD","Pentax","HD Pentax-DA 55-300mm f/4-5.8 ED WR Lens","55-300mm f/4-5.8 ED HD DA WR Lens",140
169802,"PE801604564Q","Pentax","SMCP-FA 645N 80-160mm f/4.5","80-160mm f/4.5 SMC-FA 645N ",80
1002131,"PE1540DALS","Pentax","HD Pentax DA 15mm f/4 ED AL Limited Lens (Silver)","HD Pentax DA 15mm f/4 ED AL Limited Lens (Silver)",150
1002135,"PE3528DAMLS","Pentax","HD Pentax DA 35mm f/2.8 Macro Limited Lens (Silver)","HD Pentax DA 35mm f/2.8 Macro Limited Lens (Silver)",140
1735272,"PEKFBB","Pentax","KF DSLR Camera (Black)","KF DSLR Camera (Black)",300
270240,"PEPCUB1","Petrol","PCUB-1N Camcorder Bag","PCUB-1N U-Bag 1N Camera Bag (Blue)",35
1089938,"RO1228SOE","Rokinon","12mm f/2.8 ED AS IF NCS UMC Fisheye Lens for Sony E Mount","12mm f/2.8 ED AS IF NCS UMC Fisheye Lens for Sony E Mount",125
1089934,"RO1228CEF","Rokinon","12mm f/2.8 ED AS IF NCS UMC Fisheye Lens for Canon EF Mount","12mm f/2.8 ED AS IF NCS UMC Fisheye Lens for Canon EF Mount",125
1563442,"RO8514CRF","Rokinon","AF 85mm f/1.4 Lens for Canon RF","AF 85mm f/1.4 Lens for Canon RF",240
1077535,"RO5015TC","Rokinon","50mm T1.5 AS UMC Cine DS Lens for Canon EF Mount","50mm T1.5 AS UMC Cine DS Lens for Canon EF Mount",110
364536,"ROMX422","Rolls","MX422 4-Channel Field Audio Mixer","MX422 - 4 Channel Field Audio Mixer",
460371,"SEL758DR","Sekonic","L-758DR DigitalMaster Flash Meter","L-758DR DigitalMaster Flash Meter",225
46885,"SEL308B2","Sekonic","L-308BII Flashmate Meter","L-308B Flashmate Meter",60
368226,"SEL308SZ","Sekonic","L-308S Flashmate Light Meter","L-308S Flashmate Light Meter",100
221078,"SEL358","Sekonic","L-358 Flash Master Meter - Silver","L-358 Flash Master Meter -  Silver",75
1324625,"SEL858DU","Sekonic","Speedmaster L-858D-U Light Meter","Speedmaster L-858D-U Light Meter",250
1219219,"SEL478DU","Sekonic","LiteMaster Pro L-478D-U Light Meter","LiteMaster Pro L-478D-U Light Meter",140
435535,"SEL398A","Sekonic","L-398A Studio Deluxe III Light Meter","L-398A Studio Deluxe III Light Meter",90
1595170,"SEL858DUSMG","Sekonic","L-858D-U Speedmaster Light Meter Kit with Transmitter Module for Godox","L-858D-U Speedmaster Light Meter Kit with Transmitter Module for Godox",300
79502,"SEMKH416P48","Sennheiser","MKH 416-P48U3 Moisture-Resistant Shotgun Microphone","MKH 416-P48U3 Moisture-Resistant Shotgun Microphone",400
121741,"SI1705005ANA","Sigma","Zoom Telephoto 170-500mm f/5-6.3 APO Aspherical AF Lens","170-500 f/5-6.3 APO Lens for Nikon AF ",140
390173,"SI1003004DGN","Sigma","100-300mm F/4.0 EX DG IF HSM Autofocus Lens for Nikon AF-D","100-300 F/4 EX ""DG"" IF HSM Lens for Nikon AF",180
192445,"SI505004ACAF","Sigma","Zoom Normal-Telephoto 50-500mm f/4-6.3 EX APO HSM AF Lens for Canon","50-500 f/4.0-6.3 EX HSM Lens for Canon AF",195
179368,"SI84CAF","Sigma","Fisheye 8mm f/4.0 EX Circular Fisheye Autofocus Lens for Canon EOS","8mm f/4 EX Fisheye Autofocus Lens for Canon EOS",145
200345,"SI2813538CAF","Sigma","Zoom W/A-Telephoto 28-135mm f/3.8-5.6 Aspherical IF Macro AF Lens","28-135 f/3.8-5.6 IF Macro Lens for Canon EOS",40
596245,"SI1028EXDCSO","Sigma","10mm f/2.8 EX DC HSM Fisheye Lens for Sony Alpha Camera","10mm f/2.8 EX DC HSM Fisheye Lens for Sony Alpha",125
217762,"SI2818MNAF","Sigma","W/A 28mm f/1.8 EX Aspherical DG DF Macro AF Lens","28mm f/1.8 EX Aspheric DG DF Macro Lens for NIKON AF",120
168725,"SI2820035NAF","Sigma","28-200mm f/3.5-5.6 DL Aspherical Hyperzoom Macro AF Lens - Black","28-200 f/3.5-5.6 DL Asph Macro Lens for Nikon AF (72mm)",0
78190,"SI703004ACAF","Sigma","Zoom Telephoto 70-300mm f/4-5.6 APO-Macro Autofocus Lens for Canon EOS","70-300 f/4-5.6 APO-Macro Lens for Canon EOS",0
352405,"SI287028DGNA","Sigma","28-70mm f/2.8 EX DG Autofocus Lens for Nikon AF","28-70 f/2.8 EX DG Autofocus Lens for Nikon AF",95
397590,"SI2820035MN","Sigma","28-200mm f/3.5-5.6 DG Compact Aspherical Macro AF Lens for Nikon","28-200 f/3.5-5.6 DG Macro Lens for Nikon AF (62mm)",40
341918,"SI10528MDGCA","Sigma","105mm f/2.8 EX Macro Autofocus Lens for Canon EOS","105mm f/2.8 EX ""DG"" Macro Lens for Canon EOS",150
340169,"SI185028CAF","Sigma","18-50mm f/2.8 EX DC Lens for Canon Digital EOS","18-50 f/2.8 EX DC Lens for Canon Digital EOS",95
440665,"SI835CA","Sigma","8mm f/3.5 EX DG Circular Fisheye Lens for Canon EF","8mm f/3.5 EX ""DG"" Fisheye Lens for Canon EOS",245
200346,"SI2813538NAF","Sigma","Zoom W/A-Telephoto 28-135mm f/3.8-5.6 Aspherical IF Macro AF Lens","28-135 f/3.8-5.6 IF Macro Lens for Nikon AF",40
401706,"SI84DCAF","Sigma","Fisheye 8mm f/4 EX DG Circular Fisheye Autofocus Lens for Canon EOS","8mm f/4 EX ""DG"" Circular Fisheye Autofocus Lens for Canon EOS",175
217761,"SI2818MMAF","Sigma","28mm f/1.8 (D) EX Aspherical DG DF Macro AF Lens","28mm f/1.8 EX Asph DG Macro Lens for sony/minolta",95
652371,"SI7030045N","Sigma","70-300mm f/4-5.6 DG OS Lens for Nikon Digital Cameras","70-300 f/4-5.6 DG ""OS"" Zoom for Nikon AF Digital ",55
382167,"SI30028DGMAF","Sigma","300mm f/2.8 EX DG Lens for Sony & Minolta SLR","300mm f/2.8 EX ""DG"" Lens for Sony & Minolta SLR",925
389304,"SI18035DGMAF","Sigma","180mm f/3.5 EX DG APO Macro IF Autofocus Lens","180mm f/3.5 EX DG APO Macro IF AF Lens for Sony/Minolta",140
389311,"SI2830035DGM","Sigma","28-300mm f/3.5-6.3 DG Macro Autofocus Lens","28-300 f/3.5-6.3 DG Macro For sony/minolta",60
404442,"SI1820035MAF","Sigma","18-200mm f/3.5-6.3 DC Lens for Digital SLR","18-200 f/3.5-6.3 DC Lens for Sony Digital ",35
689577,"SI7020028CQ","Sigma","APO 70-200mm f/2.8 EX DG OS HSM Lens for Canon EF","70-200mm f/2.8 EX DG ""OS"" HSM Lens For Canon",475
596262,"SI247028S","Sigma","24-70mm f/2.8 IF EX DG HSM Lens for Sigma SA","24-70mm f/2.8 IF EX DG ""HSM"" Autofocus Lens for Sigma Mount",0
381606,"SI300800DGNA","Sigma","APO 300-800mm f/5.6 EX DG HSM Lens for Nikon F","300-800mm f/5.6 EX ""DG"" APO IF HSM for Nikon AF-D",1400
898837,"SI3514S","Sigma","35mm f/1.4 DG HSM Art Lens for Sony A","35mm f/1.4 DG HSM Lens for Sony DSLR A Cameras",200
873387,"SI1825035MSO","Sigma","18-250mm f/3.5-6.3 DC Macro HSM Lens for Sony A","18-250mm F3.5-6.3 ""DC Macro"" HSM for Sony A",95
727171,"SI8514P","Sigma","85mm f/1.4 EX DG HSM Lens For Pentax Digital SLR Cameras","85mm f/1.4 EX DG HSM Lens For Pentax Digital",245
670047,"SI177028DCC","Sigma","17-70mm f/2.8-4 DC Macro OS HSM Lens for Canon Digital Cameras","17-70mm f/2.8-4 DC Macro OS HSM Lens for Canon",95
873389,"SI1825035MN","Sigma","18-250mm F3.5-6.3 DC Macro OS HSM for Nikon F Mount","18-250mm F3.5-6.3 DC ""Macro OS"" HSM for Nikon ",50
1082150,"SI1506005SS","Sigma","150-600mm f/5-6.3 DG OS HSM Sports Lens for Sigma SA","150-600mm f/5-6.3 DG OS HSM ""Sport"" Lens for Sigma SA",400
853531,"SI5015028NA","Sigma","50-150mm f/2.8 EX DC OS HSM APO Lens for Nikon F","50-150mm f/2.8 EX DC ""OS"" HSM APO Lens for Nikon F",285
407590,"SI120300DGNA","Sigma","120-300mm f/2.8 EX APO DG IF HSM Autofocus Lens For Nikon AF DSLRs","120-300mm f/2.8 EX APO DG IF HSM Lens For Nikon AF",450
689637,"SI8164556NI","Sigma","8-16mm f/4.5-5.6 DC HSM Lens for Nikon F","8-16mm f/4.5-5.6 DC HSM Ultra-Wide Zoom Lens Nikon AF",110
1082143,"SITC2001S","Sigma","TC-2001 2x Teleconverter for Sigma SA","TC-2001 2x Teleconverter for Sigma SA",125
755347,"SI15028AMOP","Sigma","150mm f/2.8 EX DG OS HSM APO Macro Lens (For Pentax)","150mm f/2.8 EX DG ""OS"" HSM APO Macro Lens For Pentax",175
909609,"SI175028S","Sigma","17-50mm f/2.8 EX DC HSM Lens for Sony A","17-50mm f/2.8 EX DC HSM Zoom Lens for Sony ",75
689640,"SI8164556PE","Sigma","8-16mm f/4.5-5.6 DC HSM Lens for Pentax K","8-16mm f/4.5-5.6 DC HSM Ultra-Wide Zoom Lens for Pentax",110
382166,"SI30028DGCAF","Sigma","APO 300mm f/2.8 EX DG HSM Lens for Canon EF","300mm f/2.8 EX ""DG"" HSM Autofocus Lens for Canon EOS",899
1191178,"SI2014C","Sigma","20mm f/1.4 DG HSM Art Lens for Canon EF","20mm f/1.4 DG HSM Art Lens for Canon EF",340
1321313,"SI100400N","Sigma","100-400mm f/5-6.3 DG OS HSM Contemporary Lens for Nikon F","100-400mm f/5-6.3 DG OS HSM Contemporary Lens for Nikon F",250
1436295,"SI5614DCSE","Sigma","56mm f/1.4 DC DN Contemporary Lens (Sony E)","56mm f/1.4 DC DN Contemporary Lens for Sony E",260
1492966,"SI4528E","Sigma","45mm f/2.8 DG DN Contemporary Lens for Sony E","45mm f/2.8 DG DN Contemporary Lens for Sony E",150
1234031,"SI5010018DCS","Sigma","50-100mm f/1.8 DC HSM Art Lens for Sigma SA","50-100mm f/1.8 DC HSM Art Lens for Sigma SA",375
1369133,"SI1614M43","Sigma","16mm f/1.4 DC DN Contemporary Lens (Micro Four Thirds)","16mm f/1.4 DC DN Contemporary Lens for Micro 4/3",225
1390808,"SI142428EF","Sigma","14-24mm f/2.8 DG HSM Art Lens for Canon EF","14-24mm f/2.8 DG HSM Art Lens for Canon EF",450
1463204,"SI8514L","Sigma","85mm f/1.4 DG HSM Art Lens for Leica L","85mm f/1.4 DG HSM Art Lens for Leica L",300
1632094,"SIFPL","Sigma","fp L Mirrorless Camera","FP L Mirrorless Digital Camera (Body Only)",900
1632096,"SIEVF11","Sigma","EVF-11 Electronic Viewfinder","EVF-11 Electronic Viewfinder",225
1605136,"SI352E","Sigma","35mm f/2 DG DN Contemporary Lens for Sony E","35mm f/2 DG DN Contemporary Lens for Sony E",300
1581241,"SI8514LM","Sigma","85mm f/1.4 DG DN Art Lens for Leica L","85mm f/1.4 DG DN Art Lens for Leica L",550
1570251,"SI3014L","Sigma","30mm f/1.4 DC DN Contemporary Lens (Leica L)","30mm f/1.4 DC DN Contemporary Lens for Leica L",130
1463169,"SI5014L","Sigma","50mm f/1.4 DG HSM Art Lens for Leica L","50mm f/1.4 DG HSM Art Lens for Leica L",225
1234035,"SIMC11S","Sigma","MC-11 Mount Converter/Lens Adapter (Sigma SA-Mount Lenses to Sony E)","MC-11 Mount Converter/Lens Adapter (Sigma SA-Mount Lenses to Sony E)",75
1704533,"SI162828DGSE","Sigma","16-28mm f/2.8 DG DN Contemporary Lens (Sony E)","16-28mm f/2.8 DG DN Contemporary Lens (Sony E)",475
1719339,"SI2414AE","Sigma","24mm f/1.4 DG DN Art Lens for Sony E","24mm f/1.4 DG ""DN"" Art Lens for Sony E",400
1757614,"SI2314S","Sigma","23mm f/1.4 DC DN Contemporary Lens (Sony E)","23mm f/1.4 DC DN Contemporary Lens (Sony E)",265
1825070,"SI185028DCC","Sigma","18-50mm f/2.8 DC DN Contemporary Lens (Canon RF)","18-50mm f/2.8 DC DN Contemporary Lens for Canon RF",310
592128,"SOHVLLBPA","Sony","HVL-LBPA LED Battery Video Light System","HVL-LBPA LED Light System",0
49332,"SOECM77B","Sony","ECM-77B Miniature Omnidirectional Lavalier Mic","ECM-77B - Miniature Omni-Directional Lavalier Mic",110
359287,"SOECM88B","Sony","ECM88B - Miniature Lavalier Microphone","ECM-88B - Miniature Lavalier Microphone",175
537983,"SOHDRSR10","Sony","HDR-SR10 40GB Hybrid HDD/Memory Stick High Definition Camcorder","HDR-SR10 40GB High Definition Camcorder",0
537980,"SOHDRHC9","Sony","HDR-HC9 MiniDV High Definition Handycam Camcorder ","HDR-HC9 High Definition Camcorder",0
330905,"SOBPGL65","Sony","BP-GL65 14.4V Lithium-Ion V-Mount Battery (65Wh)","BP-GL65 Li-Ion V-Mount Battery",0
463911,"SOSAL20TC","Sony","2.0x Teleconverter","2x AF Teleconverter",100
49324,"SOECM55B","Sony","ECM-55B Omnidirectional Lavalier Microphone with XLR 3-Pin Output","ECM-55B - Omni-Directional Lavalier Mic",125
520760,"SODSLRA700","Sony","Alpha DSLR-A700 Digital Camera (Camera Body)","Alpha DSLR-A700 Digital Camera (Camera Body)",0
597657,"SOHDRXR200V","Sony","HDR-XR200V 120GB High Definition Handycam Camcorder ","HDR-XR200V 120GB High Definition Handycam Camcorder ",0
545834,"SODSLRA350","Sony","Alpha DSLR-A350 SLR Digital Camera (Camera Body)","Alpha DSLR-A350 SLR Digtial Camera (Camera Body)",70
622152,"SO1855","Sony","SAL-1855 18-55mm f/3.5-5.6 DT AF Zoom Lens for Alpha & Minolta Digital SLRs","18-55mm f/3.5-5.6 DT AF Zoom Lens for DSLR",20
510311,"SOHDRSR8","Sony","HDR-SR8 HDD HD Camcorder (Black)","HDR-SR8 High Definition Camcorder)",0
597340,"SODCRSX41","Sony","DCR-SX41 8GB Handycam Camcorder (Silver)","DCR-SX41 8GB Handycam Camcorder (Silver)",0
582764,"SO163528","Sony","16-35mm f/2.8 ZA SSM Vario-Sonnar T* Lens","16-35mm f/2.8 ZA SSM Carl Zeiss Vario-Sonnar T* Lens for Alpha ",225
475476,"SODCRSR82","Sony","DCR-SR82 60GB Handycam Digital Camcorder","DCR-SR82 60GB Handycam Digital Camcorder",0
761578,"SONEXFS100U","Sony","NEX-FS100U Super 35mm Sensor Camcorder (Body Only)","NEX-FS100U Super 35mm Sensor Camcorder (Body Only)",0
540265,"SOSTPGB1AM","Sony","STP-GB1AM Genuine Leather Hand Grip for Alpha Series Cameras","STP-GB1AM Genuine Leather Hand Grip for Cameras",10
671742,"SOVCLHGA07B","Sony","VCL-HGA07B Full Range Conversion Lens (0.75x)","VCL-HGA07B Full Range Conversion Lens (0.75x)",0
888554,"SONEX5RB","Sony","Alpha NEX-5R Mirrorless Digital Camera","Alpha NEX-5R Mirrorless Digital Camera",85
692502,"SONEX3KB","Sony","Alpha NEX-3 Interchangeable Lens Digital Camera w/18-55mm Lens (Black)","NEX-3 Digital Camera w/18-55mm Lens ",0
692508,"SONEX5KS","Sony","Alpha NEX-5 Interchangeable Lens Digital Camera w/18-55mm Lens (Silver)","NEX-5 Digital Camera w/18-55mm Lens",0
791320,"SONEXC3KB","Sony","Alpha NEX-C3 Digital Camera with 18-55mm Lens (Black)","NEX-C3 Digital Camera with 18-55mm Lens",0
909733,"SOHDRPJ380B","Sony","16GB HDR-PJ380 60p HD Handycam Camcorder with Projector (Black)","HDR-PJ380 60p 16GB HD Handycam Camcorder with Projector (Black)",0
892394,"SO30028Q","Sony","300mm f/2.8 G SSM II Lens","300mm F/2.8G Mark-II Telephoto Prime Lens",1800
296545,"SODSRPD170","Sony","DSR-PD170 3-CCD Mini DVCAM Camcorder","DSR-PD170 3-CCD Mini DVCAM Camcorder",0
838476,"SOHDRPJ580VB","Sony","HDR-PJ580V High Definition Handycam Camcorder with Projector (Black)","HDR-PJ580V High Definition Handycam Camcorder with Projector (Black)",0
909740,"SOHDRTD30VB","Sony","HDR-TD30V HD 3D Handycam Camcorder (Black)","HDR-TD30V HD 3D Handycam Camcorder (Black)",0
1008114,"SOA7B","Sony","Alpha a7 Mirrorless Digital Camera","Alpha a7 Mirrorless Digital Camera",325
853660,"SONEXFS700UK","Sony","NEX-FS700UK Super 35 Camcorder with 18-200mm Lens","NEX-FS700UK Super 35 Camcorder with 18-200mm Lens",0
1105492,"SOVGC2EM","Sony","Vertical Battery Grip for a7 II, a7R II, and a7S II","VG-C2EM Vertical Grip for Alpha a7 II Digital Camera",35
1076400,"SOA5100BK","Sony","Alpha a5100 Mirrorless Digital Camera with 16-50mm Lens (Black)","Alpha A5100 Mirrorless Digital Camera with 16-50mm Lens (Black)",310
907011,"SOFDAV1K","Sony","FDA-V1K Optical Viewfinder","FDA-V1K Optical Viewfinder",125
1159880,"SODSCRX102","Sony","Cyber-shot DSC-RX10 II Digital Camera","DSC-RX10 ""II"" Digital Camera",320
1022331,"SOA5000BK","Sony","Alpha a5000 Mirrorless Digital Camera with 16-50mm Lens (Black)","Alpha a5000 Mirrorless Digital Camera with 16-50mm Lens (Black)",145
1039058,"SOA6000SK","Sony","Alpha a6000 Mirrorless Digital Camera with 16-50mm Lens (Silver)","Alpha a6000 Mirrorless Digital Camera with 16-50mm Lens (Silver)",340
1159878,"SOA7R2","Sony","Alpha a7R II Mirrorless Digital Camera (Body Only)","Alpha a7R II Mirrorless Digital Camera (Body Only)",475
1061401,"SODSCRX1003Q","Sony","Cyber-shot DSC-RX100 III Digital Camera Deluxe Kit","Cyber-shot DSC-RX100 III Digital Camera Deluxe Kit",
1156385,"SOHXRNX100","Sony","HXR-NX100 Full HD NXCAM Camcorder","HXR-NX100 Full HD NXCAM Camcorder",580
1573884,"SO122428GM","Sony","FE 12-24mm f/2.8 GM Lens","12-24mm f/2.8 GM FE Lens",1500
1549627,"SO2018G","Sony","FE 20mm f/1.8 G Lens","20mm f/1.8 G FE Lens",400
1496248,"SODSCRX1007","Sony","RX100 VII Digital Camera","DSC-RX100 VII (7) Digital Camera",900
1485540,"SO200600G","Sony","FE 200-600mm f/5.6-6.3 G OSS Lens","200-600mm f/5.6-6.3 G OSS FE Lens",1160
1362622,"SOFDRAX700","Sony","FDR-AX700 4K Camcorder","FDR-AX700 4K Camcorder",700
1697010,"SO16354PZ","Sony","FE PZ 16-35mm f/4 G Lens","16-35mm f/4 G FE PZ Lens",650
1102009,"SOA72K","Sony","a7 II Mirrorless Camera with 28-70mm Lens","Alpha a7 II Mirrorless Digital Camera with FE 28-70mm f/3.5-5.6 OSS Lens",425
1613424,"SO3514GM","Sony","FE 35mm f/1.4 GM Lens","35mm f/1.4 GM FELens",800
1745126,"SO20704G","Sony","FE 20-70mm f/4 G Lens (Sony E)","20-70mm f/4 G FE Lens (Sony E)",625
1709231,"SO1118","Sony","E 11mm f/1.8 Lens","11mm f/1.8 Lens Sony E",320
1761374,"SOZVE1B2070L","Sony","ZV-E1 Mirrorless Camera with 20-70mm f/4 Lens Kit (Black)","ZV-E1 Mirrorless Camera with 20-70mm f/4 Lens Kit (Black)",
1759474,"SOZVE12860B","Sony","ZV-E1 Mirrorless Camera with 28-60mm Lens (Black)","ZV-E1 Mirrorless Camera with 28-60mm Lens (Black)",1300
1881960,"SO1618G","Sony","FE 16mm f/1.8 G Lens (Sony E)","FE 16mm f/1.8 G Lens (Sony E)",400
891514,"SONEX6B","Sony","Alpha NEX-6 Mirrorless Digital Camera (Black, Body Only)","Alpha NEX-6 Mirrorless Digital Camera (Black, Body Only)",170
1784817,"SOA7CRS","Sony","a7CR Mirrorless Camera (Silver)","a7CR Mirrorless Camera (Silver)",1525
1898654,"SOFX2XLR","Sony","FX2 Digital Cinema Camera with XLR Handle Unit","FX2 Digital Cinema Camera with XLR Handle Unit",1575
1280873,"SOSELP18110G","Sony","E PZ 18-110mm f/4 G OSS Lens","E PZ 18-110mm f/4 G OSS Lens",700
1082051,"SO281354","Sony","FE PZ 28-135mm f/4 G OSS Full-Frame Power Zoom Lens","FE PZ 28-135mm f/4 G OSS Full-Frame Power Zoom Lens",1100
1835273,"SOPXWZ280Q","Sony","PXW-Z280 4K 3CMOS 1/2"" Sensor XDCAM Camcorder","PXW-Z280 4K 3CMOS 1/2"" Sensor XDCAM Camcorder",1500
1469682,"SORX02","Sony","RX0 II Digital Camera","RX0 II Digital Camera",375
1137175,"SODSCHX90VB","Sony","Cyber-shot DSC-HX90V Digital Camera","Cyber-shot DSC-HX90V Digital Camera",200
292980,"SO302","Sound Devices","302 Portable Compact Production Field Mixer","302 Portable 3 Channel Field Mixer",0
494659,"STPAA","Steadicam","Pilot-AA Camera Stabilization System","Pilot-AA Camera Stablization System",0
335381,"TA2005005N","Tamron","200-500mm f/5-6.3 SP AF Di LD (IF) Lens for Nikon","200-500 f/5-6.3 Di LD IF Autofocus Lens for Nikon AF",200
213161,"TA703004MNAF","Tamron","Zoom Telephoto AF 70-300mm f/4.0-5.6 LD Macro AF Lens","70-300 f/4.0-5.6 LD Macro AF Lens for nikon AF",25
231940,"1111","Tamron","75-300mm F4.5-5.6 for Nikon AF (Black)","75-300mm F4.5-5.6 for Nikon AF (Black)",0
284404,"TA18035CAF","Tamron","180mm f/3.5 Macro Autofocus Lens for Canon EOS","180mm f/3.5 Macro Lens for Canon EOS",130
167474,"TA2830035NAF","Tamron","Zoom Wide Angle-Telephoto AF 28-300mm f/3.5-6.3 LD Aspherical IF Macro Autofocus Lens for Nikon AF-D","28-300 f/3.5-6.3 Lens For Nikon AF (72mm)",45
167471,"TA2830035CAF","Tamron","Zoom Wide Angle-Telephoto AF 28-300mm f/3.5-6.3 LD Aspherical IF Macro Autofocus Lens for Canon EOS","28-300 f/3.5-6.3 Lens for Canon EOS (72mm)",0
330641,"TA9028MCAF","Tamron","SP 90mm f/2.8 Di Macro Autofocus Lens for Canon EOS","90mm f/2.8 ""Di"" Macro Lens for Canon EOS",100
280200,"TA1428ACAFJ","Tamron","14mm f/2.8 Aspherical IF Autofocus Lens","14mm f/2.8 Aspherical IF Autofocus Lens",
550952,"TA1820035N","Tamron","18-200mm f/3.5-6.3 XR Di-II Macro Lens for Nikon Digital SLR","18-200 f/3.5-6.3 XR Di-II Macro Lens for Nikon Digital ",40
423719,"TA2820038MCA","Tamron","AF 28-200mm Super Zoom f/3.8-5.6 XR Di Lens for Canon","28-200 f/3.8-5.6 XR ""Di"" Lens for Canon AF ",60
423721,"TA2820038MNA","Tamron","AF 28-200mm f/3.8-5.6 XR Di Zoom Lens for Nikon","28-200 f/3.8-5.6 XR ""Di"" Lens For Nikon AF ",35
892851,"TA7020028C","Tamron","SP 70-200mm f/2.8 Di VC USD Zoom Lens for Canon","70-200mm f/2.8 Di ""VC"" USD Zoom Lens for Canon",400
747931,"TA18270NAF","Tamron","AF18-270mm f/3.5-6.3 Di II VC PZD AF Lens for Nikon","18-270 f/3.5-6.3 Di II VC PZD AF Lens for Nikon",50
142491,"TA2810528","Tamron","28-105mm f/2.8 LD Aspherical IF MF Adaptall Lens (Mount Required)","28-105mm f/2.8 LD Aspherical IF MF Adaptall Lens (Mount Required)",110
728343,"TA70300N","Tamron","SP 70-300mm f/4-5.6 Di VC USD Telephoto Zoom Lens for Nikon Digital SLRs & 35mm Film Cameras","70-300mm f/4-5.6 Di ""VC"" USD Telephoto Zoom Lens for Nikon ",100
1029394,"TA2830035DIS","Tamron","28-300mm f/3.5-6.3 Di PZD Lens for Sony","28-300mm f/3.5-6.3 Di ""PZD"" Lens for Sony A",125
1013957,"TA1506005N","Tamron","SP 150-600mm f/5-6.3 Di VC USD Lens for Nikon","150-600mm f/5-6.3 Di VC USD SP Lens for Nikon",500
1393218,"TA70210C","Tamron","70-210mm f/4 Di VC USD Lens for Canon EF","70-210mm f/4 Di VC USD Lens for Canon EF",220
1393332,"TA287528SFF","Tamron","28-75mm f/2.8 Di III RXD Lens for Sony E","28-75mm f/2.8 Di III RXD Lens for Sony E",410
1345956,"TA18400N","Tamron","18-400mm f/3.5-6.3 Di II VC HLD Lens for Nikon F","18-400mm f/3.5-6.3 Di II VC HLD Lens for Nikon F",225
1362803,"TA100400N","Tamron","100-400mm f/4.5-6.3 Di VC USD Lens for Nikon F","100-400mm f/4.5-6.3 Di VC USD Lens for Nikon F",300
1278452,"TA2XCEF","Tamron","Teleconverter 2.0x for Canon EF","TC-X20 2X Teleconverter for Canon EF",175
1461528,"TA3514SPC","Tamron","SP 35mm f/1.4 Di USD Lens for Canon EF","35mm f/1.4 Di USD SP Lens for Canon EF",250
1778855,"TA351502NZ","Tamron","35-150mm f/2-2.8 Di III VXD Lens (Nikon Z)","35-150mm f/2-2.8 Di III VXD Lens (Nikon Z)",900
1925472,"TA7018028ZG2","Tamron","70-180mm f/2.8 Di III VC VXD G2 Lens (Nikon Z)","70-180mm f/2.8 Di III VC VXD G2 Lens (Nikon Z)",600
468737,"TO101735CAF","Tokina","10-17mm f/3.5-4.5 AT-X 107 AF DX Fisheye Lens for Canon","10-17 f/3.5-4.5 AT-X DX  AF Lens for Canon Digital",100
554035,"TO111628PDXC","Tokina","11-16mm f/2.8 AT-X 116 Pro DX Autofocus Lens for Canon APS-C DSLRs","11-16mm f/2.8 AT-X Pro DX Lens for Canon EOS Digital",65
823893,"TO1735F4FXC","Tokina","17-35mm f/4 Pro FX Lens for Canon Cameras","17-35mm f/4 Pro FX Lens for Canon Cameras",100
882235,"TO111628PCII","Tokina","AT-X 116 PRO DX-II 11-16mm f/2.8 Lens for Canon EF","11-16mm f/2.8 AT-X PRO ""DX-II"" Lens for Canon AF",85
1084636,"TO247028PFXC","Tokina","AT-X 24-70mm f/2.8 PRO FX Lens for Canon EF","24-70mm f/2.8 PRO FX ATX Lens for Canon EF",300
1084645,"TO247028PFXN","Tokina","AT-X 24-70mm f/2.8 PRO FX Lens for Nikon F","24-70mm f/2.8 PRO FX ATX Lens for Nikon AF",265
1393327,"TO202AF","Tokina","FiRIN 20mm f/2 FE AF Lens for Sony E","20mm f/2 FE AF FiRIN Lens for Sony E",125
1512054,"TO111628CFC","Tokina","atx-i 11-16mm f/2.8 CF Lens for Canon EF","11-16mm f/2.8 ATX-I CF Lens for Canon EF",120
1458784,"TO162828C","Tokina","opera 16-28mm f/2.8 FF Lens for Canon EF","16-28mm f/2.8 FF Opera Lens for Canon EF",175
1458862,"TO162828N","Tokina","opera 16-28mm f/2.8 FF Lens for Nikon F","16-28mm f/2.8 FF opera Lens for Nikon F",150
1473390,"TO100AF","Tokina","FiRIN 100mm f/2.8 FE Macro Lens (Sony E)","100mm f/2.8 FE FIRIN Macro Lens (Sony E)",160
1538410,"TO8518FE","Tokina","atx-m 85mm f/1.8 FE Lens for Sony E","85mm f/1.8 FE atx-m Lens for Sony E",175
466745,"VIFS4PHD100","VITEC","FS-4Pro HD 100GB Portable DTE Recorder - NTSC","FS-4Pro HD 100GB Portable DTE Recorder - NTSC",
473962,"VAVZDVMR","VariZoom","VZMEDIARIG DV Media Rig","VZMEDIARIG DV Media Rig",0
240135,"VAVZSTEALTH","VariZoom","VZ-STEALTH LANC Zoom Controller","VZ-STEALTH Zoom Controller",20
1603149,"VO5015AVMNS","Voigtlander","Nokton 50mm f/1.5 Aspherical II SC Lens (Nickel)","50mm f/1.5 Aspherical II SC Nokton M-Lens (Nickel)",345
1764640,"VO5010NZ","Voigtlander","Nokton 50mm f/1.0 Aspherical Lens (Nikon Z)","50mm f/1.0 Aspherical Nokton Lens (Nikon Z)",845
1731755,"VO652NZ","Voigtlander","MACRO APO-LANTHAR 65mm f/2 Aspherical for Nikon Z","65mm f/2 Aspherical MACRO APO-LANTHAR for Nikon Z",295
1766252,"VO5512N","Voigtlander","Nokton 55mm f/1.2 SL IIs Lens (Nikon AI-S)","55mm f/1.2 SL IIs Nokton Lens (Nikon AI-S)",345
1494427,"VO35142MC","Voigtlander","Nokton Classic 35mm f/1.4 II MC Lens"," 35mm f/1.4 II MC Nokton Classic M-Lens",250
1560417,"VO3512VM","Voigtlander","Nokton 35mm f/1.2 Aspherical III Lens","35mm f/1.2 Aspherical Nokton III M-Lens",375
1675607,"VO2135CSB","Voigtlander","Color-Skopar 21mm f/3.5 Aspherical Lens for Leica M (Black)","21mm f/3.5 Aspherical Color-Skopar Lens for Leica M (Black)",320
1661558,"VO5015VM","Voigtlander","Heliar Classic 50mm f/1.5 Lens","50mm f/1.5 Heliar Classic M-Lens",345
1764639,"VO7519LMMC","Voigtlander","Ultron 75mm f/1.9 Lens (Multicoated, Matte Black)","75mm f/1.9 Ultron Lens (Multicoated, Matte Black)",250
1653883,"VO3512FX","Voigtlander","Nokton 35mm f/1.2 X Lens for FUJIFILM X","35mm f/1.2 X Nokton Lens for FUJIFILM X",275
1000625,"VO425095","Voigtlander","Nokton 42.5mm f/0.95 Micro Four Thirds Lens","42.5mm f/0.95 Nokton Micro 4/3 Lens",225
1669471,"VO2828S","Voigtlander","28mm f/2.8 Color-Skopar SLIIs Lens for Nikon (Silver Rim)","28mm f/2.8 Color-Skopar SLIIs Lens for Nikon (Silver Rim)",230
1160237,"VO1095M43","Voigtlander","Nokton 10.5mm f/0.95 Lens for Micro Four Thirds","10.5mm f/0.95 Nokton Lens for Micro 4/3",350
472572,"ZE352ZFN","ZEISS","35mm f/2 ZF Distagon T* Manual Focus Lens for Nikon SLR","35mm f/2 ZF Distagon Lens for Nikon",250
666445,"ZE502ZEC","ZEISS","50mm f/2.0 Makro-Planar ZE Macro Lens for Canon EF Mount SLRs","50mm f/2.0 Makro-Planar ZE Lens f/ Canon Eos",190
655186,"ZE282ZEC","ZEISS","Distagon T* 28mm f/2 ZE Lens for Canon EF","28mm f/2.0 Distagon T* ZE Lens for Canon",250
662722,"ZE1002ZF2N","ZEISS","Makro-Planar T* 100mm f/2 ZF.2 Lens for Nikon F-Mount Cameras","100mm f/2 ""ZF.2"" Makro-Planar Lens for Nikon",300
1140832,"ZE2520BFE","ZEISS","Batis 25mm f/2 Lens for Sony E","25mm f/2 Lens Batis for Sony E Mount",285
964119,"BLPRODCAM4K","Blackmagic Design","Production Camera 4K (EF Mount)","Production Camera 4K (EF Mount)",0
1318041,"BLATSHD","Blackmagic Design","ATEM Television Studio HD","ATEM Television Studio HD",350
1625642,"BL6KPKCAMP","Blackmagic Design","Pocket Cinema Camera 6K Pro (Canon EF)","Pocket Cinema Camera 6K Pro (Canon EF)",975
1823584,"BLPYXIS6KBC","Blackmagic Design","PYXIS 6K Cinema Box Camera (Leica L)","PYXIS 6K Cinema Box Camera (Leica L)",1600
1823585,"BLPYXIS6KEF","Blackmagic Design","PYXIS 6K Cinema Box Camera (Canon EF)","PYXIS 6K Cinema Box Camera (Canon EF)",1700
857243,"GELEDM120","Genaray","LED-5300 120 LED Dimmable Compact On-Camera Light","LED-5300 120 LED Dimmable Compact On-Camera Light",15
400806,"RONTG2K","RODE","NTG2 Shotgun Microphone Kit with Shockmount and XLR Cable","NTG-2 Shotgun Microphone with Shock mt  & Cable",125
917425,"ROVMR","RODE","VideoMic Camera-Mount Shotgun Microphone","VideoMic with Rycote Lyre Suspension System",55
749399,"JVGZHD520BUS","JVC","GZ-HD520 HD Everio Camcorder","GZ-HD520 HD Everio Camcorder",0
475911,"GIGB0530","Gitzo","GB0530 - Three-Section Carbon Fiber Boompole","GB0530 - Three-Section Carbon Fiber Boompole",0
20894,"GIG7680","Gitzo","G7680 Studex Aluminum Boompole","G7680 Studex Aluminum Boompole",0
20829,"GIG556","Gitzo","G-556 Weekend Aluminum Boompole","G-556 Weekend Aluminum Boompole",30
282822,"GIG556C","Gitzo","G-556C 3 Section Carbon Fiber Boompole","G-556C 3 Section Carbon Fiber Boompole",35
68194,"AUAT822","Audio-Technica","AT822 - Stereo Microphone","AT822 - Stereo Microphone",0
255469,"AUAT4040","Audio-Technica","AT4040 Large-Diaphragm Cardioid Condenser Microphone","AT4040 - Studio Microphone",105
93680,"AUAT4050","Audio-Technica","AT4050 Large-Diaphragm Multipattern Condenser Microphone","AT4050 - Studio Mic with Shock Mount",200
488915,"AUAT800","Audiotrak","AT-800 - Stereo Power Amplifier (2 x 300W @ 4 Ohms)","AT-800 - Stereo Power Amplifier (2 x 300W @ 4 Ohms)",
136400,"BEDXA4P","Beachtek","DXA-4P Audio Adapter for GL2","DXA-4P Audio Adapter for GL2",0
304497,"BEMPL325B","Bescor","MPL-325B DC On Camera Light","MPL-325B DC On Camera Light",0
690055,"BELED35DAK2","Bescor","LED-35DA 35W LED Shoe Mount Adapter Kit","LED-35DA 35W LED Shoe Mount Adapter Kit",0
684812,"BELED25K1","Bescor","LED-25 25W LED On-Camera Light w/Universal Shoe Mount","LED-25 25W LED On-Camera Light w/Universal Shoe Mount",0
260106,"CA702104EF","Canon","Zoom Telephoto 70-210mm f/4 EF Autofocus Lens","70-210mm f/4  Autofocus Lens",45
261869,"CAERTI2890K","Canon","Rebel Ti Camera Kit with 28-90mm II Lens","Rebel Ti Camera Kit with 28-90mm II Lens",0
297501,"CAEDRK","Canon","EOS Digital Rebel Digital Camera Kit with 18-55mm EF-S Lens","EOS Digital Rebel Digital Camera Kit with 18-55 EF-S Lens",80
112542,"CA173528LEF","Canon","Zoom Super Wide Angle EF 17-35mm f/2.8L USM Autofocus Lens","17-35 f/2.8L USM Autofocus Lens",240
397662,"CA241054LIS","Canon","EF 24-105mm f/4L IS USM Lens","24-105mm f/4 L IS USM AF Lens",225
261867,"CAERTI","Canon","EOS Rebel Ti Camera Body","EOS Rebel Ti Camera Body",40
425431,"CAPSSD700","Canon","PowerShot SD700 IS Digital Elph Digital Camera","PowerShot SD700 IS Digital Elph Camera",60
571144,"CAEDRXSKB","Canon","EOS Rebel XS SLR Digital Camera (Black) with 18-55mm IS Lens Kit","Digital Rebel XS (1000D) Camera (Black) 18-55mm IS Lens",80
547884,"CABGE5","Canon","BG-E5 Battery Grip","BG-E5 Battery Grip for Rebel XSI",12
300601,"CAETEF12Q","Canon","Extension Tube EF 12 II","Extension Tube EF 12 II",10
425435,"CAPSSD600","Canon","PowerShot SD600 Digital Elph Digital Camera","PowerShot SD600 Digital Elph Camera",70
206435,"CA2820035EF","Canon","Zoom Wide Angle-Telephoto EF 28-200mm f/3.5-5.6 USM Autofocus Lens","28-200 f/3.5-5.6 USM Autofocus Lens",120
183202,"CA30028LISEF","Canon","Telephoto EF 300mm f/2.8L IS Image Stabilizer USM Autofocus Lens","300mm f/2.8L IS USM Autofocus Lens",1400
102853,"CA7530042EFQ","Canon","Zoom Telephoto 75-300mm f/4-5.6 II EF Autofocus Lens","75-300mm f/4-5.6 II EF Autofocus Lens",15
613611,"CAEDRT1I","Canon","EOS Rebel T1i Digital SLR Camera (Body Only)","EOS Rebel T1i Digital SLR Camera (Camera Body)",60
220456,"CA14XEF2","Canon","1.4x EF Extender II (Teleconverter)","1.4x EF Extender II",40
605275,"CAPSA480B","Canon","PowerShot A480 Digital Camera (Black)","PowerShot A480 Digital Camera",0
164264,"CASTE2","Canon","ST-E2 IR Speedlite Transmitter","ST-E2 Transmitter",15
348299,"CAE20D","Canon","EOS 20D Digital Camera (Camera Body)","EOS 20D Digital Camera (Camera Body)",0
457680,"CA5012LEF","Canon","EF 50mm f/1.2L USM Lens","50mm f/1.2L USM Autofocus Lens",425
248242,"CAED60K","Canon","EOS D60 Digital Camera","EOS D60 Digital Camera Kit",0
484784,"CAPSA560","Canon","PowerShot A560 Digital Camera","PowerShot A560 Digital Camera",0
484783,"CAPSA570IS","Canon","PowerShot A570 IS Digital Camera","PowerShot A570 IS Digital Camera",0
397426,"CAPSA620","Canon","PowerShot A620 Digital Camera","PowerShot A620 Digital Camera",0
397402,"CAPSS80","Canon","PowerShot S80 Digital Camera","PowerShot S80 Digital Camera",0
460255,"CAPSSD800","Canon","PowerShot SD800 IS Digital Camera","PowerShot SD800 IS Digital Elph Camera",60
186153,"CA6004LISEF","Canon","Telephoto EF 600mm f/4.0L IS Image Stabilizer USM Autofocus Lens","600mm f/4.0L IS Image Stabilizer USM Autofocus Lens",2000
12082,"CA2028EF","Canon","EF 20mm f/2.8 USM Lens","20mm f/2.8 USM Autofocus Lens",100
423708,"CAE30D","Canon","EOS 30D Digital Camera (Camera Body)","EOS 30D Digital Camera (Camera Body)",45
550718,"CAPSSD770B","Canon","PowerShot SD770 IS Digital Elph Digital Camera (Black)","PowerShot SD770 IS Digital Elph Camera ",40
550720,"CAPSSD790","Canon","PowerShot SD790 IS Digital Elph Digital Camera","PowerShot SD790 IS Digital Elph Camera",80
183199,"CA6528MP","Canon","MP-E 65mm f/2.8 1-5x Macro Photo Lens","65mm f/2.8 1-5x Macro Manual Focus Lens for EOS",440
256058,"CAWD58H","Canon","WD-58H 58mm 0.7x Wide Angle Converter Lens with Lens Hood","CANON WD-58H 58mm 0.7x Wide Angle Converter Lens with Lens Hood",0
580519,"CAPSSX110B","Canon","PowerShot SX110 IS Digital Camera (Black) ","PowerShot SX110 IS Digital Camera ",35
643822,"CAPSSD940S","Canon","PowerShot SD940 IS Digital Camera (Silver)","PowerShot SD940 Digital Camera ",30
539223,"CAFS10","Canon","FS-10 8GB Flash Memory Camcorder ","FS-10 8GB Flash Memory Camcorder ",0
643178,"CAPSS90","Canon","PowerShot S90 Digital Camera","PowerShot S90 Digital Camera",80
672197,"CAPSA3100S","Canon","PowerShot A3100 IS Digital Camera (Silver)","PowerShot A3100 IS Digital Camera (Silver)",0
732047,"CAE60D","Canon","EOS 60D DSLR Camera (Body Only)","EOS-60D DIGITAL CAMERA",110
577577,"CAWDH372","Canon","WD-H37 II 37mm Wide Angle Conversion Lens","WD-H37 II 37mm Wide Angle Conversion Lens",0
652388,"CABGE7","Canon","BG-E7 Battery Grip for EOS 7D","BG-E7 Battery Grip",8
754468,"CA320EX","Canon","Speedlite 320EX","320EX Flash",25
754467,"CA270EX2","Canon","Speedlite 270EX II","270EX II Flash",70
672192,"CAPSA490","Canon","PowerShot A490 Digital Camera","PowerShot A490 Digital Camera",0
753782,"CAPSSX230B","Canon","Powershot SX230 HS Digital Camera (Black)","PowerShot SX230 HS Digital Camera ",150
816729,"CAPSE510S","Canon","PowerShot ELPH 510 HS Digital Camera (Silver)","PowerShot ELPH 510 HS Digital Camera",100
754507,"CA5004LISEF2","Canon","EF 500mm f/4L IS II USM Lens","500mm f/4L EF IS ""II"" USM Lens",3600
753762,"CAEDRT3IK","Canon","EOS Rebel T3i DSLR Camera with EF-S 18-55mm IS II Lens Kit","Digital Rebel T3i SLR Camera w/18-55 IS lens Kit",150
842847,"CAPSSX260B","Canon","PowerShot SX260 HS Digital Camera (Black)","PowerShot SX260 HS Digital Camera ",100
838772,"CAHFM500","Canon","VIXIA HF M500 Full HD Camcorder","VIXIA HF M500 Full HD Camcorder",75
909792,"CAHFG20","Canon","32GB VIXIA HF G20 Full HD Camcorder","32GB VIXIA HF G20 Full HD Camcorder",320
898072,"CAEM1855","Canon","EOS-M Mirrorless Digital Camera with EF-M 18-55mm f/3.5-5.6 IS STM Lens (Black)","EOS-M Mirrorless Digital Camera with EF-M 18-55mm m lens ",165
945057,"CAEDRSL1B","Canon","EOS Rebel SL1 DSLR Camera (Body Only)","Digital Rebel SL1 DSLR Camera (Body Only)",85
894152,"CA18135STM","Canon","EF-S 18-135mm f/3.5-5.6 IS STM Lens","18-135mm f/3.5-5.6 EF-S IS ""STM"" Lens",80
883406,"CALA","Canon","EF-M Lens Adapter Kit for Canon EF / EF-S Lenses","EF-M Lens Adapter Kit for Canon EF / EF-S Lenses",30
589903,"CAXHA1S","Canon","XH-A1s 3CCD HDV Camcorder","XH-A1s 3CCD HDV Camcorder",0
447098,"CAXHA1","Canon","XH-A1 3CCD HDV Camcorder","XH-A1 3CCD HDV Camcorder",0
843011,"CA2828ISEF","Canon","EF 28mm f/2.8 IS USM Lens","28mm f/2.8 IS USM Lens",200
1081808,"CAE7D2","Canon","EOS 7D Mark II DSLR Camera (Body Only)","EOS 7D Mark-II DSLR Camera (Body Only)",275
1180779,"CA1122MB","Canon","EF-M 11-22mm f/4-5.6 IS STM Lens","11-22mm f/4-5.6 IS STM EF-M Lens",125
1188053,"CAPSG9XB","Canon","PowerShot G9 X Digital Camera (Black)","PowerShot G9X Digital Camera (Black)",300
883429,"CA90EX","Canon","Speedlite 90EX","90EX Speedlite",25
1051476,"CA101845EFS","Canon","EF-S 10-18mm f/4.5-5.6 IS STM Lens","10-18mm f/4.5-5.6 IS STM  EF-S Lens",85
664918,"CAWFTE42A","Canon","WFT-E4 IIA Wireless File Transmitter (WFT)","WFT-E4 IIA Wireless File Transmitter (WFT)",60
847547,"CAWFTE7A","Canon","WFT-E7A Wireless File Transmitter","WFT-E7A Wireless File Transmitter",40
317348,"CAPSS1","Canon","PowerShot S1 IS Digital Camera","PowerShot S1 IS Digital Camera",
1110377,"CAPSSX710HSB","Canon","PowerShot SX710 HS Digital Camera (Black)","PowerShot SX710 HS Digital Camera (Black)",160
112539,"CA1352LEF","Canon","EF 135mm f/2L USM Lens","135mm f/2L USM Lens",350
1354804,"CA5028LTSE","Canon","TS-E 50mm f/2.8L Macro Tilt-Shift Lens","50mm f/2.8L TS-E Macro Tilt-Shift Lens",1200
1393465,"CA470EXAI","Canon","Speedlite 470EX-AI","470EX-AI Speedlite",85
1116117,"CABGE18","Canon","BG-E18 Battery Grip for EOS Rebel T6i & T6s","BG-E18 Battery Grip for EOS Rebel T6i & T6s",20
1198036,"CAXA30","Canon","XA30 Professional Camcorder","XA30 Professional Camcorder",450
1220852,"CAE1DX2","Canon","EOS-1D X Mark II DSLR Camera","EOS-1DX Mark II DSLR Camera (Body Only)",850
1274709,"CA241054LIS2","Canon","EF 24-105mm f/4L IS II USM Lens","24-105mm f/4 L IS ""II"" USM Lens",500
1502493,"CAEM621545B","Canon","EOS M6 Mark II Mirrorless Camera with 15-45mm Lens and EVF (Black)","EOS M6 Mark II Mirrorless Digital with 15-45mm Lens and EVF-DC2 Viewfinder (Black)",500
1278096,"CAC700EF","Canon","EOS C700 Cinema Camera","EOS C700 Cinema Camera",0
1470022,"CAXA40","Canon","XA40 Professional UHD 4K Camcorder","XA40 Professional UHD 4K Camcorder",500
1030434,"CAEVFDC1","Canon","EVF-DC1 Electronic Viewfinder for PowerShot G1 X Mark II, PowerShot G3 X, EOS M3 & EOS M6","EVF-DC1 Electronic Viewfinder for  G1X Mark II, G3X, EOS M3 & EOS M5",55
1547009,"CAER5","Canon","EOS R5 Mirrorless Camera","EOS R5 Mirrorless Digital Camera (Body Only)",1400
1308393,"CAHFR80","Canon","VIXIA HF R80 Camcorder ","VIXIA HF R80 Camcorder ",105
1451712,"CAHFW10","Canon","Vixia HF W10 Waterproof Camcorder","Vixia HF W10 Waterproof Camcorder",70
1451711,"CAHFW11","Canon","Vixia HF W11 Waterproof Camcorder","Vixia HF W11 Waterproof Camcorder",100
1414598,"CA702004LIS2","Canon","EF 70-200mm f/4L IS II USM Lens","70-200mm f/4 L IS ""II"" USM Lens",725
1649221,"CA1435RF","Canon","RF 14-35mm f/4 L IS USM Lens","14-35mm f/4L IS USM RF Lens",750
847546,"CAE5D324105","Canon","EOS 5D Mark III DSLR Camera with 24-105mm Lens","EOS 5D Mark III DSLR Camera with 24-105mm Lens",
1251155,"CACPE4N","Canon","CP-E4N Compact Battery Pack","CP-E4N Compact Battery Pack",25
1433718,"CAMAEFRFCR","Canon","Control Ring Mount Adapter EF-EOS R","Control Ring Mount Adapter EF-EOS R",60
1546031,"CAEDRT8I1855","Canon","EOS Rebel T8i DSLR Camera with 18-55mm Lens","EOS Rebel T8i DSLR Camera with 18-55/4-5.6 Lens",415
1435399,"CAPSSX70HSB","Canon","PowerShot SX70 HS Digital Camera","PowerShot SX70 HS Digital Camera",370
1508686,"CAEM2001545W","Canon","EOS M200 Mirrorless Camera with 15-45mm Lens (White)","EOS M200 Mirrorless Digital Camera with 15-45mm Lens (White)",325
1433712,"CA241054LRF","Canon","RF 24-105mm f/4 L IS USM Lens","24-105mm f/4 L IS USM ""RF"" Lens",625
1433722,"CA6004L3","Canon","EF 600mm f/4L IS III USM Lens","EF 600mm f/4L IS III USM Lens",6800
1769100,"CA2828RF","Canon","RF 28mm f/2.8 STM Lens (Canon RF)","28mm f/2.8 STM Lens (Canon RF)",150
1769090,"CAER1001845","Canon","EOS R100 Mirrorless Camera with 18-45mm Lens","EOS R100 Mirrorless Camera with 18-45mm Lens",250
12116,"CA3528","Canon","Wide Angle 35mm f/2.8 FD Manual Focus Lens","Wide Angle 35mm f/2.8 FD Manual Focus Lens",130
425439,"CAPSA530","Canon","PowerShot A530 Digital Camera","PowerShot A530 Digital Camera",0
354719,"CAPSSD300","Canon","PowerShot SD300 Digital Elph Digital Camera","PowerShot SD300 Digital Elph Digital Camera",70
497366,"CALPE4","Canon","LP-E4 Rechargeable Lithium-Ion Battery","LP-E4 Rechargeable Lithium-Ion Battery",15
1748812,"CAER501845","Canon","EOS R50 Mirrorless Camera with 18-45mm Lens (Black)","EOS R50 Mirrorless Camera with 18-45mm Lens (Black)",450
1599736,"CAPSSX720HSR","Canon","PowerShot SX720 HS Digital Camera (Red)","PowerShot SX720 HS Digital Camera (Red)",220
1887733,"CA1430RFS","Canon","RF-S 14-30mm f/4-6.3 IS STM PZ Lens (Canon RF)","RF-S 14-30mm f/4-6.3 IS STM PZ Lens (Canon RF)",150
605262,"CAPSSD1200G","Canon","PowerShot SD1200 IS Digital Camera (Green)","PowerShot SD1200 IS Digital Camera (Green)",70
542285,"CAPSSD1100BR","Canon","PowerShot SD1100 IS Digital ELPH Digital Camera (Bohemian Brown)","PowerShot SD1100 IS Digital ELPH Digital Camera (Bohemian Brown)",50
1908122,"CAEL1V2","Canon","Speedlite EL-1 (Version 2)","Speedlite EL-1 (Version 2)",730
1919559,"CA8514VCM","Canon","RF 85mm f/1.4 L VCM Lens (Canon RF)","RF 85mm f/1.4 L VCM Lens (Canon RF)",850
1887734,"CA2014LRF","Canon","RF 20mm f/1.4 L VCM Lens (Canon RF)","RF 20mm f/1.4 L VCM Lens (Canon RF)",850
675616,"CAPSSD1400O","Canon","PowerShot SD1400 IS Digital ELPH (Orange)","PowerShot SD1400 IS Digital ELPH (Orange)",70
675615,"CAPSSD1400P","Canon","PowerShot SD1400 IS Digital ELPH (Pink)","PowerShot SD1400 IS Digital ELPH (Pink)",70
943497,"CAPSSX280R","Canon","PowerShot SX280 HS Digital Camera (Red)","PowerShot SX280 HS Digital Camera (Red)",150
518207,"CAE40D","Canon","EOS 40D SLR Digital Camera (Camera Body)","EOS 40D SLR Digital Camera (Camera Body)",45
816728,"CAPSE310PU","Canon","PowerShot ELPH 310 HS Digital Camera (Purple)","PowerShot ELPH 310 HS Digital Camera (Purple)",100
1751322,"CAEDRT7","Canon","EOS Rebel T7 (Body Only)","EOS Rebel T7 (Body Only)",140
842849,"CAPSSX260GR","Canon","PowerShot SX260 HS Digital Camera (Green)","PowerShot SX260 HS Digital Camera (Green)",90
1308388,"CAPSG9X2S","Canon","PowerShot G9 X Mark II Digital Camera (Silver)","PowerShot G9X Mark II Digital Camera (Silver)",400
298590,"DAVP314","Datavideo","VP-314 In-Line DV Repeater","VP-314 In-line DV Repeater",0
143076,"DASE200","Datavideo","SE-200 Integrated Editing Center","SE-200 Integrated Editing Center",0
772139,"DE7XLPROA","Delvcam","DELV-7XLPRO 7"" LCD Monitor with ATSC Tuner","DELV-7XLPRO 7"" LCD Monitor with ATSC Tuner",0
76686,"ELRE50","Electro-Voice","RE50 Shock-Mounted Dynamic Omni Mic for ENG","RE50 Shock-Mounted Dynamic Omni Mic for ENG",50
433858,"FUFPS3Q","FUJIFILM","FinePix S3 Pro Digital Camera (Camera Body)","FinePix S3 Pro Digital Camera (Camera Body)",
1112817,"FUXA2BR","FUJIFILM","X-A2 Mirrorless Digital Camera with 16-50mm Lens (Brown)","X-A2 Mirrorless Digital Camera with 16-50mm Lens (Brown)",180
1210897,"FU10040045","FUJIFILM","XF 100-400mm f/4.5-5.6 R LM OIS WR Lens","100-400mm f/4.5-5.6 R LM OIS WR Lens",700
1004655,"FU50230B","FUJIFILM","XC 50-230mm f/4.5-6.7 OIS Lens (Black)","50-230mm f/4.5-6.7 OIS XC Lens (Black)",150
1058622,"FU1813535WRL","FUJIFILM","XF 18-135mm f/3.5-5.6 R LM OIS WR Lens","18-135mm f/3.5-5.6 R XF LM OIS WR Lens",325
1210892,"FUXP2B","FUJIFILM","X-Pro2 Mirrorless Digital Camera (Body Only)","X-Pro2 Mirrorless Digital Camera (Body Only)",700
1191421,"FUXF14TC","FUJIFILM","XF 1.4x TC WR Teleconverter","1.4x TC WR XF Teleconverter",200
1311278,"FUXT201855B","FUJIFILM","X-T20 Mirrorless Digital Camera with 18-55mm Lens (Black)","X-T20 Mirrorless Digital Camera with 18-55mm Lens (Black)",500
1484067,"FUGFX100D","FUJIFILM","GFX 100 Medium Format Mirrorless Camera (Body Only, Demo)","GFX 100 Medium Format Mirrorless Camera (Body Only, Demo)",
1618885,"FUXE4BK","FUJIFILM","X-E4 Mirrorless Camera with 27mm Lens (Black)","X-E4 Mirrorless Digital Camera with XF 27mm f/2.8 R WR Lens (Black)",750
1311234,"FUWCLX100IIB","FUJIFILM","WCL-X100 II Wide Conversion Lens (Black)","WCL-X100 II Wide Conversion Lens (Black)",130
1281353,"FU5023045S","FUJIFILM","XC 50-230mm f/4.5-6.7 OIS II Lens (Silver)","XC 50-230mm f/4.5-6.7 OIS II Lens (Silver)",180
1618891,"FU7030045","FUJIFILM","XF 70-300mm f/4-5.6 R LM OIS WR Lens","XF 70-300mm f/4-5.6 R LM OIS WR Lens",525
1827209,"FUXT50B","FUJIFILM","X-T50 Mirrorless Camera (Black)","X-T50 Mirrorless Camera (Black)",900
1855423,"FUXM5B","FUJIFILM","X-M5 Mirrorless Camera (Black)","X-M5 Mirrorless Camera (Black)",450
1784860,"FUGFX1002","FUJIFILM","GFX100 II Medium Format Mirrorless Camera","GFX100 II Medium Format Mirrorless Camera",4700
1459274,"FUXT30B","FUJIFILM","X-T30 Mirrorless Camera (Black)","X-T30 Mirrorless Camera (Black)",500
1410643,"FUXT100S","FUJIFILM","X-T100 Mirrorless Digital Camera (Body Only, Dark Silver)","X-T100 Mirrorless Digital Camera (Body Only, Dark Silver)",300
1410642,"FUXT100B","FUJIFILM","X-T100 Mirrorless Digital Camera (Body Only, Black)","X-T100 Mirrorless Digital Camera (Body Only, Black)",300
1402069,"FUMCEX45G","FUJIFILM","MCEX-45G WR Macro Extension Tube","MCEX-45G WR Macro Extension Tube",150
1892080,"FUXHS","FUJIFILM","X half Digital Camera (Silver)","X half Digital Camera (Silver)",240
1210899,"FUX70B","FUJIFILM","X70 Digital Camera (Black)","X70 Digital Camera (Black)",600
1210898,"FUX70S","FUJIFILM","X70 Digital Camera (Silver)","X70 Digital Camera (Silver)",600
1466064,"GOV1P","Godox","V1 Flash for Pentax","V1 Flash for Pentax",95
1465916,"GOV1C","Godox","V1 Flash for Canon","V1 Flash for Canon",100
20967,"GOLPF","Gossen","Luna-Pro F Meter","Luna-Pro F Meter",
1725355,"HA3825XCD","Hasselblad","XCD 38mm f/2.5 V Lens","XCD 38mm f/2.5 V Lens",2000
1436793,"HA65XCD","Hasselblad","XCD 65mm f/2.8 Lens","XCD 65mm f/2.8 Lens",1000
1584094,"HA907XCG","Hasselblad","907X Control Grip","907X Control Grip",250
376550,"IDE10","IDX System Technology","E-10 Endura Lithium-Ion Stackable V-Mount Battery","E-10 Endura Lithium-Ion Stackable V-Mount Battery",
382101,"IDE10S","IDX System Technology","E-10S Endura Lithium-Ion V-Mount Battery","E-10S Endura Lithium-Ion V-Mount Battery",0
162748,"KACCC10","Kata","CCC-10 Pro-Camcorder Case (Medium)","CCC-10 Pro-Camcorder Case (Medium)",25
233126,"KACCC1111","Kata","CCC-1111 Compact Camera Case","CCC-1111 Compact Camera Case",0
162747,"KACCC2","Kata","CCC-2 Compact Camera Case (Large)","CCC-2 Compact Camera Case (Large)",40
367999,"KACC191","Kata","CC-191 GDC HDV Case","CC-191 Shoulder Case",15
1699923,"KOFZ55BL","Kodak","PIXPRO FZ55 Digital Camera (Blue)","PIXPRO FZ55 Digital Camera (Blue)",60
300783,"MI7020028DAF","Konica Minolta","70-200mm f/2.8 APO G SSM Autofocus Lens","70-200mm f/2.8 APO G SSM Autofocus Lens",0
376903,"MI8020028AF","Konica Minolta","Zoom Telephoto 80-200mm f/2.8 Maxxum AF Lens - Black","80-200mm f/2.8 Maxxum AF Lens - Black",0
261610,"MIAM5","Konica Minolta","Auto Meter V F","Auto Meter V F - Incident and Flash Light Meter",80
35147,"MI2028AFQ","Konica Minolta","(Minolta) Super Wide Angle 20mm f/2.8 N Maxxum AF Autofocus Lens","20mm f/2.8 N  Autofocus Lens",0
107751,"MI2428AFQ","Konica Minolta","Wide Angle AF 24mm f/2.8 Autofocus Lens","24mm f/2.8 N Autofocus Lens",0
35160,"MI2828AF","Konica Minolta","Wide Angle AF 28mm f/2.8 Autofocus Lens","28mm f/2.8 Autofocus Lens",0
150980,"MI203535AF","Konica Minolta","Zoom Super Wide Angle AF 20-35mm f/3.5-4.5 Autofocus Lens","20-35mm f/3.5-4.5 Autofocus Lens",0
353932,"MI287528AF","Konica Minolta","AF 28-75mm f/2.8 (D) Autofocus Lens","28-75mm f/2.8 (D) Autofocus Lens",0
81544,"MI2810535AF","Konica Minolta","28-105mm f/3.5-4.5 Maxxum AF Lens","28-105mm f/3.5-4.5 Maxxum AF Lens",0
462012,"LEM8S","Leica","M8 Rangefinder Digital Camera Body (Silver Chrome)","M8 Digital Camera Body (Silver Chrome)",1300
460759,"LEDL31450","Leica","Digilux 3 Digital Camera Kit with Leica D Vario-Elmarit 14-50mm Lens","Digilux 3 Digital Camera with 14-50mm Lens",250
307588,"LEDL2","Leica","Digilux 2 Digital Camera","Digilux 2 Digital Camera",0
740418,"LEM9","Leica","M9 Titanium Rangefinder Digital Camera Body W/35mm F/1.4 Lens","M9 Titanium Rangefinder Digital Camera Body W/35mm F/1.4 Lens",1000
1176743,"LE18423","Leica","X (Typ 113) ""Edition Moncler"" Digital Camera ","X (Typ 113) ""Edition Moncler"" Digital Camera",0
1144610,"LEMMCB","Leica","M Monochrom (Typ 246) Digital Rangefinder Camera","M Monochrom (Typ 246) Digital Rangefinder Camera",2245
1567586,"LEDL7B","Leica","D-Lux 7 Digital Camera (Black)","D-Lux 7 Digital Camera (Black)",700
1430188,"LEM10PBL","Leica","M10-P Digital Rangefinder Camera (Black Chrome)","M10-P Digital Rangefinder Camera (Black Chrome)",3800
1648619,"LEM10RBPF","Leica","M10-R Rangefinder Camera (Black Paint Finish)","M10-R Digital Rangefinder Camera (Black Paint Finish)",6500
1852094,"LEM11DBLK","Leica","M11-D Rangefinder Camera (Black)","M11-D Rangefinder Camera (Black)",5300
1932610,"LEQ3M","Leica","Q3 Monochrom Digital Camera","Q3 Monochrom Digital Camera",5000
1749921,"LE352SSL","Leica","Summicron-SL 35mm f/2 ASPH. Lens (L-Mount)","Summicron-SL 35mm f/2 ASPH. Lens (L-Mount)",940
167782,"MA1402VLZPRO","Mackie","1402VLZ PRO 14-Channel Mixer with 6 XLR Mic Inputs","1402VLZ Pro 14 Channel Mixer",0
241561,"MA645AFDVP","Mamiya","645-AFD Value Pack Kit","645-AFD Value Pack 80mm f2.8 AF 120/220 Back",0
182444,"MAETA2645AF","Mamiya","AF Auto Extension Tube #2","Auto Extension Tube #2 645-AF",0
182423,"MA8028645AF","Mamiya","80mm f/2.8 LENS for 645-AF","80mm f/2.8 LENS for 645-AF",0
5375,"MA30213063","Manfrotto","3021 Tripod (Chrome) with 3063 Fluid Head (Quick Release) Supports 11 Lbs","3021 Tripod (Chrome) with 3063 Fluid Head",0
224151,"MAVLCD56PRO","Marshall Electronics","V-LCD5.6PRO 5.6"" Camera Mountable LCD Monitor with Power Supply","V-LCD5.6PRO 5.6"" Camera Mountable LCD Monitor with Power Supply",0
35150,"MI2428AF","Minolta","(Minolta) Wide Angle 24mm f/2.8 Maxxum Autofocus Lens","24mm f/2.8 Autofocus Lens",0
35195,"MI5014AFZ","Minolta","Normal 50mm f/1.4 Maxxum AF Autofocus Lens (Original Model)","50mm f/1.4 Autofocus Lens (Original Model)",0
251444,"CA001008","Misc","1/4"" PLY HNGD LID GRAY ABS CASE f/SONY","1/4"" PLY HNGD LID GRAY ABS CASE f/SONY",
164859,"NI8020028AFS","Nikon","Zoom Telephoto AF-S Zoom Nikkor 80-200mm f/2.8D ED-IF Autofocus Lens","80-200mm f/2.8D ED ""AF-S"" D-IF Autofocus Lens w/Tripod clr",260
234175,"NI5004AFB","Nikon","Telephoto AF-S Nikkor 500mm f/4D ED-IF II Autofocus Lens - Black","500mm f/4 D AF-S ED-IF II Autofocus Lens - Black",800
300488,"NI2004004GAF","Nikon","AF-S VR Zoom-NIKKOR 200-400mm f/4G IF ED Lens","200-400mm f/4 G-AFS ED-IF VR Lens",550
438726,"NID2XS","Nikon","D2Xs SLR Digital Camera (Camera Body)","D2Xs SLR Digital Camera ",0
410481,"NIR1C1SS","Nikon","R1C1 Wireless Close-Up Speedlight System","R1C1 Wireless Close-Up Commander Speedlight System",200
279341,"NIN652880G","Nikon","N65 35mm SLR Autofocus Camera with 28-80mm ""G"" Lens","N65 35mm SLR Autofocus Camera with 28-80mm ""G"" Lens",0
183890,"NIN602880K","Nikon","N60 35mm SLR Autofocus Camera (Champagne) with 28-80mm f3.5-5.6 D-AF Lens","N60 35mm SLR Camera with 28-80mm f3.5-5.6 D-AF Lens",0
199520,"NIN802880K","Nikon","N80 35mm SLR Camera Kit with 28-80mm Lens","N80 SLR Camera with 28-80mm G Lens",25
247096,"NISB80DX","Nikon","SB-80DX Speedlight TTL Shoe Mount Flash","SB-80DX Speedlight Flash",25
376887,"NI5008CQ","Nikon","Super Telephoto 500mm f/8 ""C"" Mirror Manual Focus Lens","500mm f/8 ""C"" Mirror Manual Focus Lens",70
312914,"NI357035M","Nikon","35-70mm f/3.5 Macro AIS Manual Focus Lens","35-70mm f/3.5 Macro AIS Manual Focus Lens (62mm)",100
37022,"NI802004","Nikon","Zoom Telephoto 80-200mm f/4.0 AIS Manual Focus Lens","80-200mm f/4  AIS Manual Focus Lens",80
300490,"NI175528GAF","Nikon","AF-S DX Zoom-NIKKOR 17-55mm f/2.8G IF-ED Lens","17-55 f/2.8G ED-IF AF-S DX Lens",200
351675,"NICP8800","Nikon","Coolpix 8800 Digital Camera","Coolpix 8800 Digital Camera",50
248314,"NISB29S","Nikon","SB-29S Speedlight Ringflash","SB-29S Speedlight Ringflash",85
146171,"NISD8A","Nikon","SD-8A Battery Pack","SD-8A Battery Pack",25
449087,"NI18135GAFS","Nikon","18-135mm f/3.5-5.6 ED-IF AF-S DX Lens","18-135mm f/3.5-5.6 ED-IF AF-S DX Lens",50
82950,"NISB26","Nikon","SB-26 AF Speedlight TTL Shoe Mount Flash","SB-26 AF Speedlight  Flash",30
142321,"NISB28","Nikon","SB-28 AF Speedlight Dedicated TTL Shoe Mount Flash (Guide No. 138)","SB-28 Speedlight Flash ",35
333822,"NIN55","Nikon","N55 35mm SLR Autofocus Camera Body","N55 35mm AF SLR BODY",20
328109,"NI2004AI","Nikon","Telephoto 200mm f/4.0 AI Manual Focus Lens","200mm f/4 AI Manual Focus Lens",25
234174,"NI40028AFS2G","Nikon","Telephoto AF-S Nikkor 400mm f/2.8D ED-IF II AF Lens - Light Gray","400mm f/2.8D AF-S  ED-IF II AF Lens - Light Gray",1600
258035,"NI2428AI","Nikon","Wide Angle 24mm f/2.8 AI Manual Focus Lens","24mm f/2.8 AI Manual Focus Lens",100
260232,"NI2835AI","Nikon","Wide Angle 28mm f/3.5 AI Manual Focus Lens","28mm f/3.5 AI Manual Focus Lens",35
258045,"NI3528AI","Nikon","Wide Angle 35mm f/2.8 AI Manual Focus Lens","35mm f/2.8 AI Manual Focus Lens",100
258046,"NI3528N","Nikon","Wide Angle 35mm f/2.8 Manual Focus Lens (Non-AI)","35mm f/2.8 Manual Focus Lens (Non-AI)",25
36984,"NI5528M","Nikon","Micro-NIKKOR 55mm f/2.8 Lens","55mm f/2.8 Micro AIS Manual Focus Lens",130
36945,"NI3510535","Nikon","Zoom Wide Angle-Telephoto 35-105mm f/3.5-4.5 AIS Manual Focus Lens","35-105mm f/3.5-4.5 AIS Manual Focus Lens",45
258048,"NI438635AI","Nikon","Zoom Normal Telephoto 43-86mm f/3.5 AI Manual Focus Lens","43-86mm f/3.5 AI Manual Focus Lens",25
325088,"NI2828AI","Nikon","Wide Angle 28mm f/2.8 AI Manual Focus Lens","28mm f/2.8 AI Manual Focus Lens",85
255510,"NID100Q","Nikon","D100 Digital Camera (Camera Body)","D100 Digital Camera (Camera Body)",0
285703,"NICP5400","Nikon","Coolpix 5400 Digital Camera","Coolpix 5400 Digital Camera",20
555843,"NICPP80","Nikon","Coolpix P80 Digital Camera","Coolpix P80 Digital 18x Zoom Camera",60
37001,"NI702104DAF","Nikon","70-210mm f/4-5.6 D-AF Autofocus Lens","70-210 f/4-5.6 D-AF Autofocus Lens",45
207359,"NI7030045GAF","Nikon","AF Zoom-NIKKOR 70-300mm f/4-5.6G Lens","70-300mm f/4-5.6 G Autofocus Lens - Black",55
247091,"NI5018DAF","Nikon","AF NIKKOR 50mm f/1.8D Lens","50mm f/1.8 D Autofocus Lens",40
113487,"NI1352DAF","Nikon","AF DC-NIKKOR 135mm f/2D Lens","135mm f/2 ""D"" DC Nikkor Autofocus Lens",350
234440,"NI6004AFB","Nikon","Telephoto AF-S Nikkor 600mm f/4D ED-IF II Autofocus Lens - Black","600mm f/4D AF-S ED-IF ""II"" AF Lens - Black",1400
520637,"NI247028GAFS","Nikon","AF-S NIKKOR 24-70mm f/2.8G ED Lens","24-70mm f/2.8G ED AF-S Autofocus Lens ",430
601912,"NICPP90","Nikon","Coolpix P90 Digital Camera (Matte Black)","Coolpix P90 Digital Camera (Matte Black)",75
675829,"NI2414GAFS","Nikon","AF-S NIKKOR 24mm f/1.4G ED Lens","24mm f/1.4G ED AF-S Wide Angle Lens",250
766516,"NI5018GAF","Nikon","AF-S NIKKOR 50mm f/1.8G Lens","50mm f/1.8 G AF-S Lens",75
656971,"NI8535GAF","Nikon","AF-S DX Micro NIKKOR 85mm f/3.5G ED VR Lens","85mm f/3.5G ED VR Lens AF-S",200
426007,"NI12X56M","Nikon","12x56 Monarch ATB Binocular (Black)","12x56 Monarch ATB Binocular (Black)",
892427,"NID600","Nikon","D600 DSLR Camera (Body Only)","D600 Digital Camera (Body Only)",155
888177,"NICPS800CB","Nikon","COOLPIX S800c Digital Camera (Black)","Coolpix S800c Digital Camera (Black)",
520646,"NI6004GEDVR","Nikon","AF-S NIKKOR 600mm f/4G ED VR Lens","600mm f/4G ED ""VR"" AF-S Nikkor Autofocus Lens (Black)",1600
823579,"NI1J1B","Nikon","1 J1 Mirrorless Digital Camera with 10-30mm VR Zoom Lens (Black)","1 J1 Mirrorless Digital Camera with 10-30 mm VR Zoom Lens",0
735928,"NIMBD11","Nikon","MB-D11 Multi Power Battery Pack","MB-D11 Multi Power Battery Pack",25
37303,"NID0F3HP","Nikon","0 Diopter for D1-Series, F5, F4, F3HP & F3T","0 Diopter for D1-Series, F5, F4, F3HP & F3T",
918852,"NI183535GED","Nikon","AF-S NIKKOR 18-35mm f/3.5-4.5G ED Lens","18-35mm f/3.5-4.5 G ""AF-S"" ED Lens",135
929858,"NIMBD15","Nikon","MB-D15 Multi Battery Power Pack","MB-D15 Multi Power Battery Pack for D7100",30
936178,"NICPAB","Nikon","COOLPIX A Digital Camera (Black)","COOLPIX A Digital Camera (Black)",200
1062499,"NID810","Nikon","D810 DSLR Camera (Body Only)","D810 DSLR Camera (Body Only)",425
1013094,"NIDF50B","Nikon","Df DSLR Camera with 50mm f/1.8 Lens (Black)","Df DSLR Camera with 50mm f/1.8 Lens (Black)",800
1010026,"NI5814","Nikon","AF-S NIKKOR 58mm f/1.4G Lens","58mm f/1.4G AF-S Lens",450
1214170,"NISB5000","Nikon","SB-5000 AF Speedlight","SB-5000 AF Speedlight",135
1292140,"NI7020028E","Nikon","AF-S NIKKOR 70-200mm f/2.8E FL ED VR Lens","70-200mm f/2.8 ""E"" FL ED VR AF-S Lens",830
1431717,"NI50056E","Nikon","AF-S NIKKOR 500mm f/5.6E PF ED VR Lens","500mm f/5.6E PF ED VR AF-S Lens",1400
1578204,"NIZ5","Nikon","Z5 Mirrorless Camera","Z5 Mirrorless Digital Camera (Body Only)",400
1511295,"NIZ502LK","Nikon","Z50 Mirrorless Camera with 16-50mm and 50-250mm Lenses","Z 50 Mirrorless Digital Camera with 16-50mm and 50-250mm Lenses",475
1308818,"NID5600B","Nikon","D5600 DSLR Camera (Body Only)","D5600 DSLR Camera (Body Only)",210
1578222,"NIZTC14","Nikon","Z Teleconverter TC-1.4x","1.4x Z Teleconverter ",280
1594469,"NIZ5012","Nikon","NIKKOR Z 50mm f/1.2 S Lens","50mm f/1.2 S NIKKOR Z Lens",850
1598420,"NIMBN11","Nikon","MB-N11 Power Battery Pack with Vertical Grip","MB-N11 Power Battery Pack with Vertical Grip",60
1649280,"NIZFC1650","Nikon","Zfc Mirrorless Camera with 16-50mm Lens (Silver)","Zfc Mirrorless Camera with 16-50mm Lens",460
1598721,"NIZ622470","Nikon","Z6 II Mirrorless Camera with 24-70mm f/4 Lens","Z6 II Mirrorless Digital Camera with 24-70mm f/4 Lens",1000
1669886,"NIZ241204S","Nikon","NIKKOR Z 24-120mm f/4 S Lens (Nikon Z)","24-120mm f/4 S NIKKOR Z Lens",570
1341604,"NI2814ED","Nikon","AF-S NIKKOR 28mm f/1.4E ED Lens","28mm f/1.4E ED AF-S Lens",570
36857,"NI10528MAF","Nikon","Telephoto Macro 105mm f/2.8 AF Micro Autofocus Lens","105mm f/2.8 AF Micro Autofocus Lens",75
1649282,"NI1650S","Nikon","NIKKOR Z DX 16-50mm f/3.5-6.3 VR Lens (Silver)","16-50mm f/3.5-6.3 VR NIKKOR Z Lens (Silver)",90
1744705,"NIZ8512","Nikon","NIKKOR Z 85mm f/1.2 S Lens (Nikon Z)","85mm f/1.2 S Lens (Nikon Z) NIKKOR Z ",1395
36920,"NI2428AF","Nikon","Wide Angle 24mm f/2.8 AF Autofocus Lens","Wide Angle 24mm f/2.8 AF Autofocus Lens",70
1275037,"NI185535G","Nikon","AF-P DX NIKKOR 18-55mm f/3.5-5.6G Lens","AF-P DX NIKKOR 18-55mm f/3.5-5.6G Lens",35
1234133,"NICPB500B","Nikon","COOLPIX B500 Digital Camera (Black)","COOLPIX B500 Digital Camera (Black)",125
910075,"NICPS6500B","Nikon","COOLPIX S6500 Digital Camera (Black)","COOLPIX S6500 Digital Camera (Black)",110
333760,"NI30028EDASQ","Nikon","Telephoto 300mm f/2.8 EDIF AIS Manual Focus Lens","Telephoto 300mm f/2.8 EDIF AIS Manual Focus Lens",350
258041,"NI352O","Nikon","Wide Angle 35mm f/2 Nikkor-O Manual Focus Lens (Non-AI)","Wide Angle 35mm f/2 Nikkor-O Manual Focus Lens (Non-AI)",80
754901,"NICPP300B","Nikon","Coolpix P300 Digital Camera (Black)","Coolpix P300 Digital Camera (Black)",80
675104,"NICPS6000S","Nikon","CoolPix S6000 Digital Camera (Silver)","CoolPix S6000 Digital Camera (Silver)",50
601941,"NICPL20R","Nikon","Coolpix L20 Digital Camera (Deep Red)","Coolpix L20 Digital Camera (Deep Red)",30
754887,"NICPS6100R","Nikon","Coolpix S6100 Digital Camera (Red)","Coolpix S6100 Digital Camera (Red)",60
1734911,"NIZ402SE","Nikon","NIKKOR Z 40mm f/2 (SE) Lens (Nikon Z)","40mm f/2 (SE) Z Lens",150
1872126,"OM100400B","OM SYSTEM","M.Zuiko Digital ED 100-400mm f/5-6.3 IS Lens (Micro Four Thirds)","M.Zuiko Digital ED 100-400mm f/5-6.3 IS Lens (Micro Four Thirds)",400
1806609,"OM1M2CB","OM SYSTEM","OM-1 Mark II Mirrorless Camera (Body Only)","OM-1 Mark II Mirrorless Camera (Body Only)",1050
564518,"OL91845","Olympus","Zuiko Digital ED 9-18mm f/4-5.6 Lens","9-18mm f/4-5.6 ED Zuiko Zoom Lens",80
421430,"OLEE3301445","Olympus","Evolt E-330 Digital Cameral Kit with Olympus Zuiko 14-45mm Lens","Evolt E-330 Digital Cameral Kit with 14-45mm Lens",0
489405,"OL144235","Olympus","14-42mm f/3.5-5.6 Zuiko ED Zoom Lens for Olympus Digital Cameras (Four Thirds System)","14-42 f/3.5-5.6 Zuiko ED Zoom Lens",25
358157,"OL144535EZ","Olympus","14-45mm f/3.5-5.6 Zuiko EZ Zoom Lens","14-45 f/3.5-5.6 Zuiko EZ Zoom Lens",0
405345,"OLEE500K","Olympus","Evolt E-500 Digital Camera (Black) with Olympus 14-45mm Zoom Lens","Evolt E-500 Body with Olympus 14-45mm Zoom Lens",0
631778,"OL1728","Olympus","M.Zuiko Digital 17mm f/2.8 Lens for Micro Four Thirds Format Cameras","17mm f2.8 M.Zuiko Digital Lens for E-P1/2",60
734008,"OL7530048B","Olympus","75-300mm f/4.8-6.7 M.Zuiko Lens for Micro Four Thirds System (Black)","75-300 f/4.8-6.7 M.Zuiko Lens Micro 4/3 ",160
674721,"OLEPL11442B","Olympus","PEN E-PL1 Digital Camera (Black)","E-PL1 Digital Camera (Black) w/14-42 Llens ",0
675006,"OLMMF2","Olympus","MMF-2 Four Thirds to Micro Four Thirds Lens Adapter","MMF-2 Four Thirds to Micro 4/3 Lens Adapter",40
1078960,"OLEPL71442S","Olympus","PEN E-PL7 Mirrorless Micro Four Thirds Digital Camera with 14-42mm f/3.5-5.6 II R Lens (Silver)","E-PL7 Mirrorless M-4/3 Digital Camera with 14-42 f/3.5-5.6 II R Lens (Silver)",250
301983,"OLSRF11","Olympus","SRF-11 Ring Flash Set","SRF-11 Ring Flash Set",0
1169044,"OLEPL7EZB","Olympus","PEN E-PL7 Mirrorless Micro Four Thirds Digital Camera with 14-42mm f/3.5-5.6 EZ Lens (Black)","E-PL7 Mirrorless M-4/3 Digital Camera with 14-42mm f/3.5-5.6 EZ Lens (Black)",250
1179112,"OLEM10M2KB","Olympus","OM-D E-M10 Mark II Mirrorless Micro Four Thirds Digital Camera with 14-42mm EZ Lens (Black)","OM-D E-M10 Mark ""II"" M-4/3 Digital Camera with 14-42mm Lens (Black)",250
1026114,"OLEM101442S","Olympus","OM-D E-M10 Mirrorless Micro Four Thirds Digital Camera with 14-42mm Lens (Silver)","OM-D E-M10 Mirrorless M-4/3 Digital Camera with 14-42mm Lens (Silver)",230
1116758,"OL141504056","Olympus","M.Zuiko Digital ED 14-150mm f/4-5.6 II Lens","14-150mm f/4-5.6 II M.Zuiko ED Lens",200
1540746,"OL12454ED","Olympus","M.Zuiko Digital ED 12-45mm f/4 PRO Lens","12-45mm f/4 M.Zuiko Digital ED PRO Lens",210
39105,"OLOM4TB","Olympus","OM-4T (Titanium) 35mm SLR Manual Focus Camera Body - Black","OM-4T (Titanium) 35mm SLR Manual Focus Camera Body - Black",180
1395516,"OLEPL9B","Olympus","PEN E-PL9 Mirrorless Micro Four Thirds Digital Camera (Body Only, Black)","PEN E-PL9 Mirrorless Micro Four Thirds Digital Camera (Body Only, Black)",200
894660,"OLEPL5B","Olympus","E-PL5 Mirrorless Micro Four Thirds Digital Camera Body (Black)","E-PL5 Mirrorless Micro Four Thirds Digital Camera Body (Black)",130
280824,"PAAGDV2500","Panasonic","AG-DV2500 Professional DV Compact Editing VTR","AG-DV2500 Professional DV Compact Editing VTR",0
455632,"PAAJPCD20","Panasonic","AJPCD20 P2 Drive","AJPCD20 P2 Drive",0
483658,"PADMCTZ3A","Panasonic","Lumix DMC-TZ3 Digital Camera (Blue)","Lumix DMC-TZ3 Digital Camera ",0
204547,"PAAGDV1000","Panasonic","AG-DV1000 Mini DV VCR","AG-DV1000 Mini DV VCR",-1
597284,"PAHDCTM300","Panasonic","HDC-TM300 32GB Full HD Camcorder ","HDC-TM300 32GB Built-In Memory/SD Card HD Camcorder",40
574398,"PADMCLX3KK2","Panasonic","Lumix DMC-LX3 Digital Camera (Black) with Deluxe Accessory Kit","Lumix DMC-LX3 Digital Camera ",65
602303,"PADMCZS3K","Panasonic","Lumix DMC-ZS3 Digital Camera (Black)","Lumix DMC-ZS3 Digital Camera (Black)",40
673682,"PADMCZS7K","Panasonic","LUMIX DMC-ZS7 (Black) Digital Camera","LUMIX DMC-ZS7 Digital Camera",50
749839,"PAHDCTM900","Panasonic","HDC-TM900 High Definition Camcorder","HDC-TM900 High Definition Camcorder",100
731509,"PAAGAF100","Panasonic","AG-AF100 Professional Memory Card Camcorder","AG-AF100 Professional Memory Card Camcorder",0
838486,"PADMCZS15B","Panasonic","LUMIX DMC-ZS15 Digital Camera (Black)","LUMIX DMC-ZS15 Digital Camera (Black)",50
812572,"PADMCFZ47B","Panasonic","LUMIX DMC-FZ47 Digital Camera (Black)","LUMIX DMC-FZ47 Digital Camera",0
687183,"PADMWLA5","Panasonic","DMW-LA5 Conversion Lens Adapter for DMC-FZ100 Digital Camera","DMW-LA5 Conversion Lens Adapter",5
749832,"PAHDCHS900","Panasonic","HDC-HS900 High Definition Camcorder","HDC-HS900 High Definition Camcorder",125
749965,"PADMCFH5B","Panasonic","Lumix DMC-FH5 Digital Camera (Black)","Lumix DMC-FH5 Digital Camera",0
550045,"PA145038","Panasonic","14-50mm f/3.8-5.6 Vario-Elmar Aspherical MEGA O.I.S. Lens for Four Thirds System","14-50mm f/3.8-5.6 Vario-Elmar Aspherical MEGA O.I.S. Lens for 4/3 System",95
459678,"PADMWFL360","Panasonic","DMW-FL360 Shoe Mount Flash (Guide No. 118'/36 m at 85mm)","DMW-FL360 Shoe Mount Flash",35
459677,"PADMWFL500","Panasonic","DMW-FL500 Shoe Mount Flash (Guide No. 164'/50 m at 85mm)","DMW-FL500 Shoe Mount Flash ",110
119733,"PAAG1310","Panasonic","AG-1310 VHS VCR 4-Head System","AG-1310 VHS VCR 4-HEAD SYSTEM",
1226383,"PA126035","Panasonic","LUMIX G Vario 12-60mm f/3.5-5.6 ASPH. POWER O.I.S. Lens","12-60mm f/3.5-5.6 ASPH. POWER O.I.S. M-4/3 Lens",130
1112959,"PADMCGF7P","Panasonic","Lumix DMC-GF7 Mirrorless Micro Four Thirds Digital Camera with 12-32mm f/3.5-5.6 ASPH. Lens (Pink and Silver)","Lumix DMC-GF7 Mirrorless Micro Four Thirds Digital Camera with 12-32mm f/3.5-5.6 ASPH. Lens (Pink and Silver)",
1028548,"PADMCGH4BK","Panasonic","Lumix DMC-GH4 Mirrorless Micro Four Thirds Digital Camera with Interface Unit","Lumix DMC-GH4 Mirrorless Micro Four Thirds Digital Camera with Interface Unit",
1455076,"PA241054S","Panasonic","LUMIX S 24-105mm f/4 Macro O.I.S. Lens","24-105mm f/4 Lumix S Macro O.I.S. Lens",550
1211808,"PAHCV380K","Panasonic","HC-V380K HD Camcorder ","HC-V380K Full HD Camcorder ",115
1211806,"PAHCVX981K","Panasonic","HC-VX981K 4K Ultra HD Camcorder","HC-VX981K 4K Ultra HD Camcorder",300
1661532,"PA2418S","Panasonic","LUMIX S 24mm f/1.8 Lens","24mm f/1.8 ""S"" Lens",400
1597415,"PADCBGH1","Panasonic","Lumix BGH1 Box Cinema Camera","Lumix BGH1 Box Cinema Camera",745
1367104,"PADCG9","Panasonic","Lumix G9 Mirrorless Camera"," DC-G9 Mirrorless Micro Four Thirds Digital Camera (Body Only)",320
1601246,"PA8518S","Panasonic","LUMIX S 85mm f/1.8 Lens","85mm f/1.8 S Lens",200
910509,"PADMCTS5O","Panasonic","Lumix DMC-TS5 Digital Camera (Orange)","Lumix DMC-TS5 Digital Camera (Orange)",70
1892230,"PADCS1M2","Panasonic","LUMIX S1 II Mirrorless Camera","Lumix S1 II Mirrorless Camera",1600
1786235,"PADCG92","Panasonic","LUMIX G9 II Mirrorless Camera","Lumix DC-G9 II Mirrorless Camera",800
910521,"PADMCSZ3B","Panasonic","Lumix DMC-SZ3 Digital Camera (Black)","Lumix DMC-SZ3 Digital Camera (Black)",40
1460323,"PADCZS80B","Panasonic","Lumix DCZS80 Digital Camera (Black)","Lumix DCZS80 Digital Camera (Black)",220
1892234,"PA246028S","Panasonic","LUMIX S 24-60mm f/2.8 Lens (L-Mount)","Lumix S 24-60mm f/2.8 Lens (L-Mount)",500
1162645,"PADMCFZ300","Panasonic","Lumix DMC-FZ300 Digital Camera","Lumix DMC-FZ300 Digital Camera",270
1281436,"PADMCGX85B","Panasonic","Lumix DMC-GX85 Mirrorless Micro Four Thirds Digital Camera (Body Only, Black)","Lumix DMC-GX85 Mirrorless Micro Four Thirds Digital Camera (Body Only, Black)",240
438217,"PEK100D","Pentax","K100D Digital Camera (Camera Body)","K100D Digital Camera (Camera Body)",0
517783,"PEAF200FG","Pentax","AF200FG Flash","AF-200FG P-TTL Shoe Mount Flash",18
40761,"PE55467","Pentax","Wide Angle 55mm f/4 Lens for Pentax 67","55mm f/4 Lens for Pentax 67",145
350508,"PE5535T67","Pentax","Wide Angle 55mm f/3.5 SMC-Takumar Lens for 67","55mm f/3.5 SMC-Takumar Lens for 67 (BAY 100)",150
235347,"PE752867","Pentax","Wide Angle 75mm f/2.8 SMCP AL Lens for Pentax 67","75mm f/2.8 SMCP AL Lens for 67 Cameras",0
350518,"PE3004T67","Pentax","Telephoto 300mm f/4 SMC-Takumar Lens for 67","300mm f/4 SMC-Takumar Lens for 67",75
234445,"PE901805667","Pentax","SMCP-67 90-180mm f/5.6","90-180 f/5.6 Zoom Lens for 67",375
145114,"PE4528645N","Pentax","Wide Angle 45mm f/2.8 SMCP-FA Autofocus Lens for 645N","45mm f/2.8 SMCP-FA Autofocus Lens for 645N",140
366728,"PE4028DAZ","Pentax","SMCP-DA 40mm f/2.8 Limited Series Autofocus Lens","40mm f/2.8 Limited Autofocus Lens for Digital",80
222333,"PE30056645N","Pentax","SMCP-FA 645N 300mm f/5.6 ED (IF)","300mm f/5.6 ED (IF) auto focus lens For 645N",0
163890,"PEFAE672","Pentax","AE Prism Finder","AE Prism Finder For 67II",175
41164,"PEGH67","Pentax","Wood Hand Grip (Original Model) for 67 Cameras","Wood Hand Grip (Original Model) for 67 Cameras",25
651671,"PEKX1855B","Pentax","Pentax K-x Digital SLR with 18-55mm Zoom Lens (Black)","Pentax KX Digital SLR with 18-55mm Zoom Lens ",0
743117,"PE3524","Pentax","35mm DA L f/2.4 AL Lens","35mm DA L F2.4 AL Lens",35
608399,"PE154DA","Pentax","Ultra Wide Angle smc-DA 15mm f/4 ED AL Limited Series Autofocus Lens","15mm f/4 DA ED AL Limited Series Autofocus Lens",150
1257877,"PEK70S","Pentax","K-70 DSLR Camera (Body Only, Silver)","K-70 DSLR Camera (Body Only, Silver)",200
1391312,"PEK1M2K","Pentax","K-1 Mark II DSLR Camera with 28-105mm Lens","K-1 Mark II DSLR Camera with 28-105mm Lens",750
1492772,"PE101735","Pentax","HD DA Fisheye 10-17mm f/3.5-4.5 ED Lens","HD DA Fisheye 10-17mm f/3.5-4.5 ED Lens",140
337759,"PEMEC","Pentax","ME 35mm SLR Manual Focus Camera Body (Chrome)","ME 35mm SLR Manual Focus Camera Body (Chrome)",40
390870,"PEPCAB1","Petrol","PCAB-1 Camera Accessory Bag","PCAB-1 Camera Accessory Bag",
377301,"PEPWRHDV","Petrol","PWR-HDV Rolling Wingbag","PWR-HDV Rolling Wingbag",45
769555,"RO1428NC","Rokinon","14mm f/2.8 IF ED UMC Lens For Nikon with AE Chip","14mm f/2.8 IF ED UMC Lens For Nikon with AE Chip",85
1634057,"RO2418SE","Rokinon","24mm f/1.8 AF Compact Lens for Sony E","24mm f/1.8 AF Compact Lens for Sony E",175
541106,"SASCD382","Samsung","SC-D382 Mini DV Camcorder","SC-D382 Mini DV Camcorder",
277694,"SA04607VU","Savage","Film-Vue Print Page - Holds Six 4 x 6"" Prints - 25 Pack","Film-Vue Print Page - Holds Six 4 x 6"" Prints - 25 Pack",
221077,"SEL608","Sekonic","L-608 Super Zoom Master Meter","L-608 Super Zoom Master Meter",225
104655,"SEL408","Sekonic","L-408 Multimaster Meter","L-408 Multimaster Meter",75
1390250,"SEL308XU","Sekonic","L-308X-U Flashmate Light Meter","L-308X-U Flashmate Light Meter",90
73100,"SEME66K6","Sennheiser","ME 66/K6 Shotgun Microphone Kit","ME66/K6 - Super-Cardioid Mic Capsule with K6",
73101,"SEME67K6","Sennheiser","ME 67/K6 Long Shotgun Microphone Kit","ME67/K6 - Spot Shotgun Mic Capsule with K6",125
534023,"SEMKE400","Sennheiser","MKE 400 Camera-Mount Shotgun Microphone","MKE 400 Compact Video Camera Shotgun Microphone",43
68463,"SHSM58LC","Shure","SM58-LC Cardioid Dynamic Microphone","SM58-LC - Cardioid Dynamic Mic",40
381611,"SI102045DNAF","Sigma","10-20mm f/4-5.6D EX DC HSM Autofocus Zoom Lens for Nikon DSLRs","10-20mm f/4-5.6D EX DC HSM Lens for Nikon Digital",50
533559,"SI5015028EXN","Sigma","50-150mm f/2.8 II EX DC HSM Lens for Nikon Digital SLR","50-150 f/2.8 II EX DC HSM Lens for Nikon Digital ",150
341926,"SI5028MDGMAF","Sigma","50mm f/2.8 (D) EX DG Macro Autofocus Lens","50mm f/2.8 EX ""DG"" Macro AF Lens Sony/minolta",30
463420,"SI185028MSAQ","Sigma","18-50mm f/2.8 EX DC Macro Lens","18-50 f/2.8 EX DC Macro Lens For Sony digital",75
535756,"SI4528EXDCN","Sigma","4.5mm f/2.8 EX DC HSM Circular Fisheye Lens for Nikon F","4.5mm f/2.8 EX DC HSM Lens for Nikon Digital ",160
145092,"SI2XNAF","Sigma","2x EX APO Teleconverter for Nikon AF","2x EX APO Teleconverter for Nikon AF",30
163662,"SI703004SCAF","Sigma","70-300mm f/4-5.6 DG Macro Lens for Canon EOS","70-300 f/4-5.6 DG Macro Lens for Canon EOS",50
390169,"SI2XDGCAF","Sigma","APO Teleconverter 2x EX DG for Canon EF","2x EX DG APO Teleconverter for Canon EOS",65
324386,"SI1812535NAF","Sigma","18-125mm f/3.5-5.6 DC Lens","18-125 f/3.5-5.6 DC Lens for Nikon Digital",40
340173,"SI185028NAF","Sigma","18-50mm f/2.8 EX DC Lens for Nikon Digital AF-D","18-50 f/2.8 EX DC Lens for Nikon Digital AF-D",80
463423,"SI185028MNAF","Sigma","18-50mm f/2.8 EX DC Macro Lens for Nikon Digital SLR","18-50 f/2.8 EX DC Macro Lens for Nikon Digital",100
384938,"SI7020028DGN","Sigma","Zoom Telephoto 70-200mm f/2.8 EX DG APO HSM AF Lens for Nikon AF","70-200mm f/2.8 EX DG APO HSM Lens for Nikon AF",225
622389,"SI185028DOC","Sigma","18-50mm f/2.8-4.5 DC OS HSM Zoom For Canon D-SLRs","18-50mm f/2.8-4.5 DC OS  HSM Zoom For Canon D-SLRs",60
682764,"SI505004563C","Sigma","50-500mm f/4.5-6.3 APO DG OS HSM Lens for Canon EOS","50-500mm f/4.5-6.3 APO DG ""OS"" HSM Lens for Canon EOS",345
652369,"SI7030045C","Sigma","70-300mm f/4-5.6 DG OS Lens for Canon Digital Cameras","70-300 f/4-5.6 DG ""OS"" Zoom for Canon AF Digital ",55
592746,"SI5015028MAF","Sigma","50-150mm f/2.8 II EX DC HSM Lens","50-150 f/2.8 II EX DC HSM Lens for Sony Alpha",150
217773,"SI2418MMAF","Sigma","24mm f/1.8 (D) EX Aspherical DG DF Macro AF Lens","24mm f/1.8 EX Asph DG Macro Lens For sony/minolta",80
622383,"SI5020045DOC","Sigma","50-200mm f/4-5.6 DC OS HSM High Performance Telephoto Zoom For Canon Cameras","50-200 f/4-5.6 DC ""OS"" HSM ",60
689620,"SI175028CA","Sigma","17-50mm f/2.8 EX DC OS HSM Lens for Canon EF","17-50mm f2.8 EX DC ""OS"" HSM Zoom Lens F/Canon Eos",220
560581,"SI5014PE","Sigma","50mm f/1.4 EX DG HSM Lens for Pentax K","50mm f/1.4 EX DG HSM AF Lens for Pentax",125
263422,"SI12030028CA","Sigma","Zoom Telephoto 120-300mm f/2.8 EX APO IF HSM AF Lens","120-300mm f/2.8 EX APO IF HSM Lens For Canon AF",0
909806,"SI1770284DCC","Sigma","17-70mm f/2.8-4 DC Macro OS HSM Contemporary Lens for Canon EF","17-70mm f/2.8-4 DC Macro OS HSM Lens for Canon (new)",145
846208,"SISD1M","Sigma","SD1 Merrill DSLR Camera (Body Only)","SD1 Merrill Digital SLR Camera",0
381615,"SI3014DCCAF","Sigma","30mm f/1.4 EX DC HSM Autofocus Lens for Canon Digital","30mm f/1.4 EX DC HSM  Lens for Canon Digital",105
844953,"SI3028OPM43","Sigma","30mm f/2.8 EX DN Lens for Panasonic/Olympus Micro 4/3 Cameras","30mm f/2.8 EX DN Lens for Panasonic/Olym Micro 4/3 Cameras",60
755344,"SI15028AMOC","Sigma","APO Macro 150mm f/2.8 EX DG OS HSM Lens for Canon EF","150mm f/2.8 EX DG ""OS"" HSM APO Macro Lens For Canon",290
1082355,"SITC2001N","Sigma","TC-2001 2x Teleconverter for Nikon F","TC-2001 2x Teleconverter for Nikon F",150
263424,"SI12030028NA","Sigma","Zoom Telephoto 120-300mm f/2.8 EX APO IF HSM AF Lens","120-300mm f/2.8 EX APO IF HSM AF Lens For Nikon AF",695
352444,"SIEM140DGM","Sigma","EM-140 DG Macro Ringlight Flash for Sony Alpha & Minolta Maxxum","EM-140 DG Macro Ringlight Flash for Sony Alpha",0
755358,"SI122445N","Sigma","12-24mm f/4.5-5.6 DG HSM II Lens (For Nikon)","12-24mm f/4.5-5.6 DG HSM ""II"" Lens (For Nikon)",185
1023563,"SI1820035DNI","Sigma","18-200mm f/3.5-6.3 DC Macro OS HSM Contemporary Lens for Nikon F","18-200mm f/3.5-6.3 DC Macro OS HSM For Nikon ""NEW""",75
1082148,"SI1830035P","Sigma","18-300mm f/3.5-6.3 DC Macro HSM Contemporary Lens for Pentax K","18-300mm f/3.5-6.3 DC MACRO HSM Lens for Pentax ",145
1120084,"SI2414DGS","Sigma","24mm f/1.4 DG HSM Art Lens for Sigma SA","24mm f/1.4 DG HSM Art Lens for Sigma SA",245
1162800,"SI24352DGS","Sigma","24-35mm f/2 DG HSM Art Lens for Sigma SA","24-35mm f/2 DG HSM Art Lens for Sigma SA",250
1045459,"SI5014AN","Sigma","50mm f/1.4 DG HSM Art Lens for Nikon F","50mm f/1.4 DG HSM Art Lens for Nikon AF",260
837870,"SI18028AMEOS","Sigma","APO Macro 180mm f/2.8 EX DG OS HSM Lens for Sony A","180mm f/2.8 APO Macro EX DG OS HSM Lens (for Sony)",250
1436282,"SI2814DGS","Sigma","28mm f/1.4 DG HSM Art Lens for Sigma SA","28mm f/1.4 DG HSM Art Lens for Sigma SA",345
192440,"SI18035ACAF","Sigma","Telephoto 180mm f/3.5 EX APO Macro IF HSM Autofocus Lens for Canon EOS","180mm f/3.5 EX APO Macro IF HSM AF Lens for Canon EOS",175
1234030,"SI5010018DCN","Sigma","50-100mm f/1.8 DC HSM Art Lens for Nikon F","50-100mm f/1.8 DC HSM Art Lens for Nikon F",300
1436263,"SI606004563N","Sigma","60-600mm f/4.5-6.3 DG OS HSM Sports Lens (Nikon F)","60-600mm f/4.5-6.3 DG OS HSM Sports Lens for Nikon F",800
1369132,"SI1614S","Sigma","16mm f/1.4 DC DN Contemporary Lens (Sony E)","16mm f/1.4 DC DN Contemporary Lens for Sony E",210
1321304,"SI13518N","Sigma","135mm f/1.8 DG HSM Art Lens for Nikon F","135mm f/1.8 DG HSM Art Lens for Nikon F",460
1492972,"SI142428E","Sigma","14-24mm f/2.8 DG DN Art Lens for Sony E","14-24mm f/2.8 DG DN Art Lens for Sony E",650
1436291,"SI4014DGN","Sigma","40mm f/1.4 DG HSM Art Lens for Nikon F","40mm f/1.4 DG HSM Art Lens for Nikon F",325
1581240,"SI8514SE","Sigma","85mm f/1.4 DG DN Art Lens for Sony E","85mm f/1.4 DG ""DN"" Art Lens for Sony E (New)",475
1605138,"SI2435E","Sigma","24mm f/3.5 DG DN Contemporary Lens (Sony E)","24mm f/3.5 DG DN Contemporary Lens for Sony E",250
1393483,"SI7028SO","Sigma","70mm f/2.8 DG Macro Art Lens for Sony E","70mm f/2.8 DG Macro Art Lens for Sony E",245
1463164,"SI2014L","Sigma","20mm f/1.4 DG HSM Art Lens for Leica L","20mm f/1.4 DG HSM Art Lens for Leica L",310
1463170,"SI7028L","Sigma","70mm f/2.8 DG Macro Art Lens for Leica L","70mm f/2.8 DG Macro Art Lens for Leica L",210
1463206,"SI13518L","Sigma","135mm f/1.8 DG HSM Art Lens for Leica L","135mm f/1.8 DG HSM Art Lens for Leica L",595
1234034,"SIMC11C","Sigma","MC-11 Mount Converter/Lens Adapter (Sigma EF-Mount Lenses to Sony E)","MC-11 Mount Converter/Lens Adapter (Sigma EF-Mount Lenses to Sony E)",120
1849261,"SI28105E","Sigma","28-105mm f/2.8 DG DN Art Lens (Sony E)","28-105mm f/2.8 DG DN Art Lens (Sony E)",860
1789119,"SI101828XM","Sigma","10-18mm f/2.8 DC DN Contemporary Lens (FUJIFILM X)","10-18mm f/2.8 DC DN Contemporary Lens (FUJIFILM X)",330
1463167,"SI3514L","Sigma","35mm f/1.4 DG HSM Art Lens for Leica L","35mm f/1.4 DG HSM Art Lens for Leica L",245
1881808,"SIBFB","Sigma","BF Mirrorless Camera (Black)","BF Mirrorless Camera (Black)",900
174982,"SOECMMS908C","Sony","ECM-MS908C Stereo Mic for Video","ECM-MS908C Stereo Mic for Video",15
520930,"SO1825035","Sony","DT 18-250mm f/3.5-6.3 Lens","18-250mm f/3.5-6.3 DT Autofocus Lens",50
463909,"SOSAL14TC","Sony","1.4x Teleconverter","1.4x APO (D) Teleconverter SAL-14TC",100
49327,"SOECM66B","Sony","ECM-66B Unidirectional Lavalier Condenser Microphone","ECM-66B - Uni-Directional Lavalier Mic",80
597660,"SOHDRXR520V","Sony","HDR-XR520V 240GB High Definition Handycam Camcorder ","HDR-XR520V 240GB High Definition Handycam Camcorder ",65
439161,"SO5028M","Sony","50mm f/2.8 Macro Lens","50mm f/2.8 D Macro Autofocus Lens",95
439157,"SO1628F","Sony","16mm f/2.8 Fisheye Lens","16mm f/2.8 Fisheye Autofocus Lens",140
671552,"SODCRSX83","Sony","DCR-SX83 16GB Handycam Camcorder","DCR-SX83 16GB Handycam Camcorder",0
704831,"SODSLRA390","Sony","Alpha A390 Digital SLR with 18-55mm Lens","Alpha A390 Digital SLR with 18-55mm Lens",0
748415,"SOHDRXR160","Sony","HDR-XR160 Camcorder","HDR-XR160 Camcorder",70
791294,"SOSLTA35","Sony","SLT-A35 Alpha 35 DSLR Digital Camera (Body Only)","SLT-A35 Alpha 35 Digital Camera (Body Only)",0
731596,"SOSLTA55","Sony","Alpha DSLR-SLT-A55 Digital Camera (Body Only)","Alpha DSLR-SLT-A55 Digital Camera",0
671670,"SONPFV70","Sony","NP-FV70 V-Series Rechargeable Battery Pack (1960mAh, 6.8-8.4V)","NP-FV70 Rechargeable Camcorder Battery Pack (2060mAh, 8.4V)",0
649357,"SOFAMA1AM","Sony","FA-MA1AM Macro Light Adapter","FA-MA1AM Macro Light Adapter",10
913245,"SOECMXYST1M","Sony","ECM-XYST1M Stereo Microphone","ECM-XYST1M Stereo Microphone",40
1019239,"SOHXRNX3","Sony","HXR-NX3 NXCAM Professional Handheld Camcorder","HXR-NX3 NXCAM Professional Handheld Camcorder",0
838301,"SOHDRTD20VS","Sony","HDR-TD20V Full HD 3D Handycam Camcorder","HDR-TD20V Full HD 3D Handycam Camcorder",150
888560,"SONEX5RKB","Sony","Alpha NEX-5R Mirrorless Digital Camera with 18-55mm f/3.5-5.6 E-mount Zoom Lens (Black)","Alpha NEX-5R Mirrorless Camera with 18-55mm f/3.5-5.6 E-mount",0
909743,"SOHDRPJ230B","Sony","8GB HDR-PJ230 60p HD Handycam with Built-in Projector (Black)","HDR-PJ230 60p 8GB HD Handycam with Built-in Projector (Black)",40
1001011,"SO181054","Sony","E PZ 18-105mm f/4 G OSS Lens","18-105mm f/4 G PZ OSS E-Lens",275
824031,"KITSOHXRFMU1","Sony","HXR-FMU128 Flash Memory Unit","HXR-FMU128 FLASH RECORDING UNIT",120
909736,"SOHDRPJ790VB","Sony","96GB HDR-PJ790 HD Handycam with Projector (Black)","96GB HDR-PJ790 HD Handycam with Projector (Black)",210
1029860,"SOA6000BK","Sony","a6000 Mirrorless Camera with 16-50mm Lens","Alpha a6000 Mirrorless Digital Camera with 16-50mm Lens (Black)",340
1008123,"SO3528","Sony","Sonnar T* FE 35mm f/2.8 ZA Lens","35mm f/2.8 ZA Sonnar T* FE Lens",260
1029862,"SO702004","Sony","FE 70-200mm f/4 G OSS Lens","70-200mm f/4.0 G OSS FE Lens",650
1126138,"SO2424035","Sony","FE 24-240mm f/3.5-6.3 OSS Lens","24-240mm f/3.5-6.3 FE OSS Lens",360
1008119,"SO7020028Q","Sony","70-200mm f/2.8 G SSM II Lens","70-200mm f/2.8 G SSM ""Mark II"" Autofocus Lens",875
984405,"SODSCRX1RB","Sony","Cyber-shot DSC-RX1R Digital Camera","DSC-RX1R Cyber-shot Digital Camera",600
1186034,"SOA7S2","Sony","Alpha a7S II Mirrorless Digital Camera (Body Only)","Alpha a7S II Mirrorless Digital Camera (Body Only)",450
1108680,"SOF65RS","Sony","","F65 DIGITAL MOTION PICTURE CAMERA",0
1222777,"SOTC14","Sony","FE 1.4x Teleconverter","1.4x FE Teleconverter",240
1222775,"SO8514GM","Sony","FE 85mm f/1.4 GM Lens","85mm f/1.4 GM FE Lens",520
1472910,"SOHXRMC88","Sony","HXR-MC88 Full HD Camcorder","HXR-MC88 Full HD Camcorder",495
1159879,"SODSCRX1004","Sony","Cyber-shot DSC-RX100 IV Digital Camera","DSC-RX100 IV Digital Camera",375
1362801,"SOHXRNX80","Sony","HXR-NX80 4K NXCAM with HDR & Fast Hybrid AF ","HXR-NX80 Full HD XDCAM with HDR & Fast Hybrid AF",745
1317563,"SOHVLF45RM","Sony","HVL-F45RM Wireless Radio Flash","HVL-F45RM Wireless Radio Flash",100
1666363,"SO70200282GM","Sony","FE 70-200mm f/2.8 GM OSS II Lens","70-200mm f/2.8 GM OSS II FE Lens",1750
1277527,"SO5028FF","Sony","FE 50mm f/2.8 Macro Lens","50mm f/2.8 Macro FE Lens",275
1502813,"SOA6600","Sony","a6600 Mirrorless Camera","Alpha a6600 Mirrorless Digital Camera (Body Only)",530
1630081,"SO4025G","Sony","FE 40mm f/2.5 G Lens","40mm f/2.5 G FE Lens",360
1321807,"SOA7R22870LK","Sony","Alpha a7R II Mirrorless Digital Camera with 28-70mm Lens Kit","Alpha a7R II Mirrorless Digital Camera with 28-70mm Lens Kit",540
1649504,"SOZVE10B","Sony","ZV-E10 Mirrorless Camera (Black)","ZV-E10 MIRRORLESS CAMERA BODY (BLACK) ",380
1752166,"SO5014GM","Sony","FE 50mm f/1.4 GM Lens (Sony E)","50mm f/1.4 GM FE Lens (Sony E)",700
1776284,"SO702004G2","Sony","FE 70-200mm f/4 Macro G OSS II Lens (Sony E)","70-200mm f/4 Macro G OSS ""II"" FE Lens (Sony E)",1000
1702384,"SO247028GM2","Sony","FE 24-70mm f/2.8 GM II Lens (Sony E)","24-70mm f/2.8 GM ""II"" FE Lens",1375
1383463,"SO18135E","Sony","E 18-135mm f/3.5-5.6 OSS Lens","18-135mm f/3.5-5.6 OSS E Lens",220
1759473,"SOZVE1W","Sony","ZV-E1 Mirrorless Camera (White)","ZV-E1 Mirrorless Camera (White)",1100
1668145,"SOHVLF60RM2","Sony","HVL-F60RM2 Wireless Radio Flash","HVL-F60RM2 Wireless Radio Flash",225
1295217,"SOPXWFS7II","Sony","PXW-FS7M2 XDCAM Super 35 Camera System","PXW-FS7M2 XDCAM Super 35 Camera System",900
1881961,"SO400800G","Sony","FE 400-800mm f/6.3-8 G OSS Lens (Sony E)","FE 400-800mm f/6.3-8 G OSS Lens (Sony E)",1400
1776281,"SOA6700","Sony","a6700 Mirrorless Camera","a6700 Mirrorless Camera",900
1849952,"SO8514GM2","Sony","FE 85mm f/1.4 GM II Lens","85mm f/1.4 GM II FE Lens",1000
423714,"TA175028CAF","Tamron","17-50mm f/2.8 XR Di II LD Lens for Canon Digital","17-50 f/2.8 XR Di II LD Lens for Canon Digital",100
231635,"TA753004MCAF","Tamron","Zoom Telephoto AF 75-300mm f/4.0-5.6 LD Macro AF Lens","75-300 f/4.0-5.6 LD Macro AF Lens for Canon Eos",0
231637,"TA753004MNAF","Tamron","75-300mm f/4.0-5.6 LD Macro AF Zoom Lens for Nikon","75-300 f/4.0-5.6 LD Macro Lens For Nikon AF",25
258518,"TA2830035XN","Tamron","28-300mm f/3.5-6.3 Ultra Zoom XR LD Aspherical IF Macro AF-D Lens for Nikon","28-300 f/3.5-6.3 XR Lens For Nikon AF (62mm)",65
303166,"TA173528CAF","Tamron","Wide Angle 17-35mm f/2.8 DI ED -IF Aspherical Auto Focus Lens for Canon","17-35 f/2.8-4 Di Autofocus Lens For Canon AF",85
121426,"TA9028MCAFQ","Tamron","Telephoto SP AF 90mm f/2.8 Macro Autofocus Lens for Canon EOS","90mm f/2.8 Macro Lens for Canon EOS",85
652137,"TA175028NQ","Tamron","SP AF 17-50mm f/2.8 XR Di-II VC LD Aspherical (IF) Lens for Nikon F","17-50mm f/2.8 ""VC"" DI-II LD ASP Nikon AF",70
583992,"TA102435N","Tamron","SP AF 10-24mm f / 3.5-4.5 DI II Zoom Lens For Nikon DSLR Cameras","10-24mm f3.5-4.5 DI II Zoom Lens For Nikon D-SLR ",45
131357,"TA2810528NAF","Tamron","Zoom W/A-Telephoto SP AF 28-105mm f/2.8 LD Aspherical IF AF Lens","Zoom W/A-Telephoto SP AF 28-105mm f/2.8 LD Aspherical IF AF Lens",175
1029405,"TA1630035DIN","Tamron","16-300mm f/3.5-6.3 Di II VC PZD MACRO Lens for Nikon","16-300mm f/3.5-6.3 Di II VC PZD MACRO Lens for Nikon",110
1029393,"TA2830035DIC","Tamron","28-300mm f/3.5-6.3 Di VC PZD Lens for Canon","28-300mm f/3.5-6.3 Di VC ""PZD"" Lens for Canon",225
1013956,"TA1506005C","Tamron","SP 150-600mm f/5-6.3 Di VC USD Lens for Canon","150-600mm f/5-6.3 Di VC USD SP Lens for Canon",675
892882,"TA9028VCC","Tamron","90mm f/2.8 SP Di MACRO 1:1 VC USD Lens for Canon","90mm f/2.8 SP Di MACRO ""VC"" USD Lens for Canon",185
1317271,"TA7020028SPC","Tamron","SP 70-200mm f/2.8 Di VC USD G2 Lens for Canon EF","70-200mm f/2.8 Di VC USD ""G2"" Lens for Canon EF",550
1512041,"TA2028E","Tamron","20mm f/2.8 Di III OSD M 1:2 Lens for Sony E","20mm f/2.8 Di III OSD M 1:2 Lens for Sony E",85
550954,"TA175028N","Tamron","SP 17-50mm f/2.8 Di II LD Aspherical [IF] Lens for Nikon F","17-50mm f/2.8 XR Di-II LD Aspherical [IF] Autofocus Lens for Nikon F",
1277357,"TA1506005G2N","Tamron","SP 150-600mm f/5-6.3 Di VC USD G2 for Nikon F","150-600mm f/5-6.3 Di VC USD ""G2"" for Nikon AF",800
1277358,"TA1506005G2C","Tamron","SP 150-600mm f/5-6.3 Di VC USD G2 for Canon EF","150-600mm f/5-6.3 Di VC USD ""G2"" for Canon EF",710
1317274,"TA102435DIN","Tamron","10-24mm f/3.5-4.5 Di II VC HLD Lens for Nikon F","10-24mm f/3.5-4.5 Di II ""VC HLD"" Lens for Nikon F",110
1317273,"TA102435DIC","Tamron","10-24mm f/3.5-4.5 Di II VC HLD Lens for Canon EF","10-24mm f/3.5-4.5 Di II ""VC HLD"" Lens for Canon EF",85
1658158,"TA351502SE","Tamron","35-150mm f/2-2.8 Di III VXD Lens (Sony E)","35-150mm f/2-2.8 Di III VXD Lens for Sony E",780
1083963,"TA153028N","Tamron","SP 15-30mm f/2.8 Di VC USD Lens for Nikon F","15-30mm f/2.8 Di VC USD Lens for Nikon F",210
1233542,"TA9028SPN","Tamron","SP 90mm f/2.8 Di Macro 1:1 VC USD Lens for Nikon F","90mm f/2.8 Di Macro 1:1 VC USD SP Lens for Nikon F",200
1568708,"TA2820028S","Tamron","28-200mm f/2.8-5.6 Di III RXD Lens (Sony E)","28-200mm f/2.8-5.6 Di III RXD Lens for Sony E",300
1719896,"TA5040045S","Tamron","50-400mm f/4.5-6.3 Di III VC VXD Lens (Sony E)","50-400mm f/4.5-6.3 Di III VC VXD Lens for Sony E",500
1854122,"TA9028NZ","Tamron","90mm f/2.8 Di III VXD Macro Lens (Nikon Z)","90mm f/2.8 Di III VXD Macro Lens (Nikon Z)",295
1920172,"TA25200SE","Tamron","25-200mm f/2.8-5.6 Di III VXD G2 Lens (Sony E)","25-200mm f/2.8-5.6 Di III VXD G2 Lens (Sony E)",400
1461526,"TA35150284C","Tamron","35-150mm f/2.8-4 Di VC OSD Lens for Canon EF","35-150mm f/2.8-4 Di VC OSD Lens for Canon EF",550
1818564,"TA287528N","Tamron","28-75mm f/2.8 Di III VXD G2 Lens (Nikon Z)","28-75mm f/2.8 Di III VXD G2 Lens (Nikon Z)",360
498661,"TO165028DXCA","Tokina","16-50mm f/2.8 AT-X 165 PRO DX Autofocus Lens for Canon EOS Digital","16-50 f/2.8 AT-X PRO DX Lens for Canon EOS Digital",125
1213515,"TO14202N","Tokina","AT-X 14-20mm f/2 PRO DX Lens for Nikon F","14-20mm f/2 PRO DX Lens for Nikon F",135
1723066,"TOSZMF33X","Tokina","SZ 33mm f/1.2 Lens for FUJIFILM X","33mm f/1.2 SZ Lens for FUJIFILM X",120
1960087,"VIAF3518IIFE","Viltrox","35mm f/1.8 II EVO Lens (Sony E)","35mm f/1.8 II EVO Lens (Sony E)",170
1295105,"VO5035MLS","Voigtlander","Heliar 50mm f/3.5 Lens","50mm f/3.5 Heliar M-Lens",190
658893,"VOMA43K","Voigtlander","Pentax K Lens to Micro Four Thirds Camera Adapter","Pentax K Lens to Micro 4/3 Camera Adapter",45
1680316,"VO5010VM","Voigtlander","Nokton 50mm f/1.0 Aspherical MC Lens","50mm f/1.0 Aspherical MC Nokton M-Lens",850
1626710,"VO3520A2VMB","Voigtlander","Ultron Vintage Line 35mm f/2 Aspherical Type II VM Lens (Black)","35mm f/2 Aspherical Type II VM Lens (Black) Ultron Vintage Line ",345
1494428,"VO35142SC","Voigtlander","Nokton Classic 35mm f/1.4 II SC Lens","35mm f/1.4 II SC M-Lens Nokton Classic ",250
1700686,"VOBA324C","Voigtlander","Heliar 40mm f/2.8 Aspherical Lens (Silver)","40mm f/2.8 Aspherical Heliar M-Lens (Silver)",200
1132488,"VO1545V3","Voigtlander","Super Wide-Heliar 15mm f/4.5 Aspherical III Lens","15mm f/4.5 Aspherical III M-Lens Super Wide-Heliar ",325
1274719,"VO1056M","Voigtlander","Heliar-Hyper Wide 10mm f/5.6 Aspherical Lens","10mm f/5.6 Aspherical Heliar-Hyper Wide M-Lens",400
1733763,"VOBA373A","Voigtlander","Nokton Vintage Line 35mm f/1.5 Aspherical Type II VM Lens (Silver)","35mm f/1.5 Aspherical Type II VM Lens (Silver) Nokton Vintage Line ",395
1044065,"VO25095M43","Voigtlander","Nokton 25mm f/0.95 Type II Lens for Micro Four Thirds","25mm f/0.95 Type II Nokton Lens for Micro 4/3",220
1667787,"VO9028AISMS","Voigtlander","90mm f/2.8 SLIIs Apo-Skopar for Nikon AIS F-Mount (Silver Rim)","90mm f/2.8 SLIIs Apo-Skopar for Nikon AIS F-Mount (Silver Rim)",245
1739325,"VOD352NZ","Voigtlander","D35mm f/2 Macro Apo-Ultron Lens for Nikon Z Mount","35mm f/2 Macro Apo-Ultron Lens for Nikon Z Mount",335
754622,"VOEARMB","Voigtlander","Adapter for Sony E Mount Cameras--VM Mount Lens (Black)","Adapter for Sony E Mount Cameras--VM Mount Lens (Black)",55
638122,"VOMA43M","Voigtlander","Micro Four Thirds to M Lens Mount Adapter","Micro 4/3 to M-Lens Mount Adapter",65
1456129,"VO352AVM","Voigtlander","Ultron 35mm f/2 Aspherical Lens","35mm f/2 Aspherical Ultron M-Lens",340
821395,"WE10545GSB","Weaver","10.5x45 Grand Slam Binocular","10.5x45 Grand Slam Binocular",
662716,"ZE352ZF2N","ZEISS","Distagon T* 35mm f/2 ZF.2 Lens for Nikon F Mount","35mm F/2.0 ""ZF.2"" Distagon Lens for Nikon Mount",375
441695,"ZE5014ZFN","ZEISS","50mm f/1.4 ZF Manual Focus Lens","50mm f/1.4 ZF Manual Focus Lens",220
583975,"ZE5014ZEC","ZEISS","Planar T* 50mm f/1.4 ZE Lens for Canon EF","50mm f/1.4 ZE Planar T* Lens for Canon EOS Cameras",160
472573,"ZE502ZFN","ZEISS","Makro-Planar T* 50mm f/2 ZFManual Focus Lens","50mm f/2 ZF Makro-Planar Lens For Nikon",250
1007599,"ZE5514ZEC","ZEISS","Otus 55mm f/1.4 ZE Lens for Canon EF","Otus 55mm f/1.4 ZE Lens for Canon EF",800
760513,"IKVL7CDK","ikan","VL7-C-DK VL7 Deluxe Kit (Canon)","VL7-C-DK VL7 Deluxe Kit (Canon)",35
835802,"IKVH7EE6","ikan","VH7e 7"" Monitor With Canon 5D Battery Plate","VH7e 7"" Monitor With Canon 5D Battery Plate",0
407385,"MIDS10SDVAT","Miller","DS-10 DV Fluid Head and Solo Aluminum Tripod with Pan Handle and Bag","DS-10 DV Fluid Head with Solo Aluminum Tripod",0
855879,"BLCINECAM","Blackmagic Design","Cinema Camera (EF Mount)","Cinema Camera (EF Mount)",0
1137314,"BLURSAM4KEF","Blackmagic Design","URSA Mini 4K Digital Cinema Camera (EF-Mount)","URSA Mini 4K Digital Cinema Camera (EF-Mount)",0
1464917,"BLURSAMPG2","Blackmagic Design","URSA Mini Pro 4.6K G2 Digital Cinema Camera","URSA Mini Pro 4.6K G2 Digital Cinema Camera",1200
1137292,"BLMCRCNCAM","Blackmagic Design","Micro Cinema Camera","Micro Cinema Camera",0
197280,"JVKAA50U","JVC","KA-A50U Microphone Holder","KA-A50U Microphone Holder",0
518322,"JVGZHD3","JVC","GZ-HD3 HD Camcorder","GZ-HD3 High Definition Camcorder",0
250896,"JVSRVS30U","JVC","SR-VS30U Mini-DV/S-VHS VCR","SR-VS30U Mini-DV/S-VHS VCR",0
606881,"JVGYHM700U","JVC","GY-HM700U ProHD Solid-State Camcorder","GY-HM700U ProHD Solid-State Camcorder",0
749395,"JVGZHM860BUS","JVC","GZ-HM860 HD Everio Camcorder","GZ-HM860 HD Everio Camcorder",0
749389,"JVGZHM450BUS","JVC","GZ-HM450 HD Everio Camcorder (Black)","GZ-HM450 HD Everio Camcorder (Black)",0
1400279,"JVGYHM250","JVC","GY-HM250 UHD 4K Streaming Camcorder with Built-in Lower-Thirds Graphics","GY-HM250 UHD 4K Streaming Camcorder ",700
1380316,"DJRONIN2K","DJI","Ronin 2 & Easyrig Vario 5 Kit","Ronin 2 & Easyrig Vario 5 Kit",
1858480,"DJMM2TX1RXCC","DJI","Mic Mini 2-Person Compact Wireless Microphone System for Camera & Smartphone (2.4 GHz)","Mic Mini 2-Person Compact Wireless Microphone System for Camera & Smartphone (2.4 GHz)",
25380,"JOB1000W","Jobo","1000ml Bottle (White)","1000ml Bottle (White)",
445217,"IMDVPWA5058","Impact","DVP-WA50-58 58mm .5x Hi-Grade Wide Lens","DVP-WA50-58 58mm .5x Hi-Grade Wide Lens",0
206505,"GIG1380","Gitzo","G1380 Video Fluid Head (75mm Ball Base)","G1380 Video Fluid Head (75mm Ball Base)",150
1939238,"RIGR4HDF","Ricoh","GR IV HDF Digital Camera","GR IV HDF Digital Camera",960
1834337,"RIWG8GRN","Ricoh","PENTAX WG-8 Digital Camera (Green)","PENTAX WG-8 Digital Camera (Green)",200
221808,"ANQRDVC10","Anton/Bauer","QR-DVC10 Gold Mount Battery Plate","QR-DVC10 Gold Mount Battery Plate",0
69223,"ANULBD","Anton/Bauer","UL-BD Barndoor Kit","UL-BD Barndoor Kit",0
69220,"ANULWA","Anton/Bauer","UL-WA Wide-Angle Adapter","UL-WA Wide-Angle Adapter",0
69178,"ANPP14","Anton/Bauer","ProPac14 Nickel Cadmium Battery","ProPac14 Nickel Cadmium Battery",0
122583,"ANQ2702","Anton/Bauer","Q-2702 4-Position PowerCharger","Q-2702 4-Position PowerCharger",0
488776,"ANQRXLH","Anton/Bauer","QR-XLH Gold Mount Adapter for Canon XL-H1 ","QR-XLH Gold Mount for XL-H1, XL-1S and XL-2",0
1883629,"APMD4G4LLA","Apple","11"" iPad A16 Chip (256GB, Wi-Fi Only, Silver)","11"" iPad A16 Chip (256GB, Wi-Fi Only, Silver)",
228074,"AUAT3035","Audio-Technica","AT3035 - Cardoid Studio Mic","AT3035 - Cardoid Studio Mic",
228074,"AUAT3035","Audio-Technica","AT3035 - Cardoid Studio Mic","AT3035 - Cardoid Studio Mic",0
300615,"AUAT897","Audio-Technica","AT897 Shotgun Microphone","AT897 - Short Condenser Shotgun Microphone",89
444022,"AZSMX10","Azden","SMX-10 Stereo Microphone for DSLR and Mirrorless Cameras","SMX-10 Stereo Microphone",
444022,"AZSMX10","Azden","SMX-10 Stereo Microphone for DSLR and Mirrorless Cameras","SMX-10 Stereo Microphone",20
535737,"BEMPL12VX","Bescor","MPL-12VX 12 VDC On Camera Light with Barndoors","MPL-12VX 12 VDC On Camera Light with Barndoors",0
389742,"BEMPL313C","Bescor","MPL-313C DC On Camera Light","MPL-313C DC On Camera Light",0
535738,"BEMPL12V","Bescor","MPL-12V 12 VDC On Camera Light with Barndoors","MPL-12V 12 VDC On Camera Light with Barndoors",0
304499,"BEMPL325AC1","Bescor","MPL-325AC1 Compact On Camera AC Light","MPL-325AC1 Compact On Camera AC Light",0
754806,"BELED95DK","Bescor","LED-95DK Dual 95W Kit","LED-95DK Dual 95W Kit",0
1726725,"CAC3003","CAMVATE","Full Camera Cage for Sony ZV-E10","Full Camera Cage for Sony ZV-E10",
225473,"CADC210","CARL","Heavy Duty DC-210N 12"" Rotary Disc Cutter","Heavy Duty DC-210 12"" Rotary Disc Cutter",
371189,"CAEDRXTB","Canon","EOS Digital Rebel XT (a.k.a. 350D) Digital Camera Body (Black)","EOS Digital Rebel XT (a.k.a. 350D) Body (Black)",60
183198,"CA702004LEF","Canon","EF 70-200mm f/4L USM Lens","70-200mm f/4 L USM Lens",360
425442,"CAPSA700","Canon","Powershot A700 Digital Camera","PowerShot A700 Digital Camera",0
518212,"CAPSSD870S","Canon","PowerShot SD870 IS Digital Elph Digital Camera (Silver)","PowerShot SD870 IS Digital Elph Camera ",30
208567,"CABGED3","Canon","BG-ED3 Battery Grip","BG-ED3 Battery Grip For Eos 10D/D60/D30",6
164259,"CAPBE2","Canon","Power Drive Booster PB-E2","Power Drive Booster PB-E2",0
371176,"CA6028MEF","Canon","EF-S 60mm f/2.8 Macro USM Lens ","60mm f/2.8 USM EF-S Macro Lens",200
300603,"CAETEF25Q","Canon","Extension Tube EF 25 II","Extension Tube EF 25 II",28
82951,"CAE1N","Canon","EOS-1N 35mm SLR Autofocus Camera Body","EOS 1N 35mm SLR Autofocus Camera Body",325
484775,"CAPSTX1","Canon","PowerShot TX1 Digital Camera","PowerShot TX1 Digital Camera",0
162616,"CA100400LIS","Canon","EF 100-400mm f/4.5-5.6L IS USM Lens","100-400mm f/4.5-5.6L IS USM Lens",525
206434,"CA28105352EF","Canon","Zoom Wide Angle-Telephoto EF 28-105mm f/3.5-4.5 II USM Autofocus Lens","28-105 f/3.5-4.5 ""II"" USM Autofocus Lens",80
280772,"CA2870352EF","Canon","Zoom Wide Angle-Telephoto 28-70mm f/3.5-4.5 II EF Autofocus Lens","28-70 f/3.5-4.5 II EF Autofocus Lens",35
12104,"CA30028LEF","Canon","Telephoto 300mm f/2.8 L EF (USM) Autofocus Lens","300mm f/2.8 L EF (USM) Autofocus Lens",900
613613,"CAEDRT1IK","Canon","EOS Rebel T1i (500D) Digital SLR Kit w/EF-S 18-55mm f/3.5-5.6 IS Lens","EOS Rebel T1i Digital SLR Camera Kit w/18-55mm f/3.5-5.6 IS Lens",0
121603,"CA288035EF","Canon","Zoom Wide Angle-Tele 28-80mm f/3.5-5.6 EF Auto Focus Lens","28-80 f/3.5-5.6 EF Auto Focus Lens",20
590457,"CABGE6","Canon","BG-E6 Battery Grip","BG-E6 Battery Grip for 5D Mark II",20
121598,"CA220EX","Canon","220EX TTL Flash","220EX Flash",25
457553,"CAPSA640","Canon","PowerShot A640 Digital Camera","PowerShot A640 Digital Camera",0
495623,"CAPSS5IS","Canon","Powershot S5 IS Digital Camera","PowerShot S5 IS Digital Camera",30
484782,"CAPSSD1000S","Canon","PowerShot SD1000 Digital Elph Digital Camera (Silver)","PowerShot SD1000 Digital Elph Camera ",75
12192,"CA9028TSE","Canon","TS-E 90mm f/2.8 Tilt-Shift Lens","90mm f/2.8 Tilt Shift TS-E Manual Focus Lens for EOS",260
201376,"CAVL3","Canon","VL-3 On-Camera 3 Watt Video Light","VL-3 On-Camera 3 Watt Video Light",0
371188,"CAEDRXTS","Canon","EOS Digital Rebel XTS (a.k.a. 350D) Digital Camera Body (Silver)","EOS Digital Rebel XT (a.k.a. 350D) Body (Silver)",25
12181,"CA8512LEF","Canon","Telephoto EF 85mm f/1.2L USM Autofocus Lens","85mm f/1.2L USM Autofocus Lens",375
144312,"CAVL10LI","Canon","VL-10LI On Camcorder Battery Video Light","VL-10LI On Camcorder Battery Video Light",0
194451,"CA10028MEFQ","Canon","EF 100mm f/2.8 Macro USM Lens","100mm f/2.8 USM Macro Autofocus Lens",200
92094,"CA80200452EF","Canon","Zoom Telephoto EF 80-200 f/4.5-5.6 II Autofocus Lens","80-200 f/4.5-5.6 EF II Autofocus Lens",40
397664,"CA430EX","Canon","430EX Speedlite TTL Shoe-Mount Flash (Guide No. 141'/43 m at 105mm)","430EX Flash",22
102852,"CA380EX","Canon","380EX Speedlite TTL Shoe Mount Flash for EOS","380EX Flash ",20
164263,"CA550EX","Canon","550EX Speedlite TTL Shoe Mount Flash","550EX Flash",35
206436,"CA420EX","Canon","420EX Speedlite TTL Shoe-Mount Flash for EOS","420EX Flash",25
646908,"CAE7D","Canon","EOS 7D DSLR Camera (Body Only)","EOS 7D SLR Digital Camera (Body Only)",100
597424,"CAHV40","Canon","VIXIA HV40 High Definition Camcorder ","VIXIA HV40 High Definition Camcorder ",0
645110,"CAHFS11","Canon","VIXIA HF S11 Dual Flash Memory Camcorder ","VIXIA HF S11 Dual Flash Memory Camcorder ",120
671537,"CAFS31","Canon","FS31 Dual Flash Memory Camcorder","FS31 Dual Flash Memory Camcorder",30
671649,"CAHFR10B","Canon","VIXIA HF R10 Dual Flash Memory Camcorder (Black)","VIXIA HF R10 Dual Flash Memory Camcorder (Black)",0
671653,"CAHFR11B","Canon","VIXIA HF R11 Dual Flash Memory Camcorder (Black)","VIXIA HF R11 Dual Flash Memory Camcorder (Black)",40
381968,"CAWCDC58A","Canon","WC-DC58A 0.75x Wide Angle Converter Lens","WC-DC58A 0.75x Wide Angle Converter Lens for S2",0
675605,"CAPSSD3500S","Canon","PowerShot SD3500 IS Digital ELPH Camera (Silver)","PowerShot SD3500 IS Digital ELPH Camera",100
672196,"CAPSA3000","Canon","PowerShot A3000 IS Digital Camera","PowerShot A3000 IS Digital Camera",0
675617,"CAEDRT2I","Canon","EOS Rebel T2i Digital SLR Camera (Body Only)","EOS Rebel T2i Digital SLR Camera (Body Only)",75
732109,"CA40028LIS2","Canon","EF 400mm f/2.8L IS II USM Lens","400mm f/2.8L ""IS"" II USM EF Telephoto Lens",3900
729875,"CAPSSX130B","Canon","PowerShot SX130 IS Digital Camera (Black)","PowerShot SX130 IS Digital Camera (Black)",50
751266,"CATLH342","Canon","TL-34 II 34mm 1.5x Telephoto Converter Lens","TL-34 II 34mm 1.5x Telephoto Converter Lens",0
732106,"CA70300LIS","Canon","EF 70-300mm f/4-5.6L IS USM Lens","70-300mm f/4-5.6 ""L"" IS USM Telephoto Lens",480
733533,"CAXF100","Canon","XF100 HD Professional Camcorder","XF100 HD Professional Camcorder",325
684199,"CAXF300","Canon","XF300 Professional Camcorder","XF300 Professional Camcorder",600
542293,"CA80056LISEF","Canon","EF 800mm f/5.6L IS USM Lens","800mm f/5.6L IS USM Autofocus Lens",3000
749467,"CAXA10","Canon","XA10 HD Professional Camcorder","XA10 HD Professional Camcorder",300
751265,"CAWDH58W","Canon","WD-H58W Wide Converter Lens for Select Canon HD Camcorders","WD-H58W Wide Converter Lens",15
883411,"CA22F2M","Canon","EF-M 22mm f/2 STM Lens","22mm f/2 STM EF-M Lens",100
732113,"CA14XEF3","Canon","Extender EF 1.4X III","1.4x EF Extender III (Teleconverter)",150
963141,"CAXA25","Canon","XA25 Professional HD Camcorder","XA25 Professional HD Camcorder",425
963139,"CAXA20","Canon","XA20 Professional HD Camcorder","XA20 Professional HD Camcorder",400
754508,"CA6004LIFEF2","Canon","EF 600mm f/4L IS II USM Lens","600mm f/4L IS II USM EF Telephoto Lens",4700
1188037,"CAEM101545W","Canon","EOS M10 Mirrorless Digital Camera with 15-45mm Lens (White)","EOS M10 Mirrorless Digital Camera with 15-45mm Lens (White)",175
1116104,"CAEDRT6SK1","Canon","EOS Rebel T6s DSLR Camera with 18-135mm Lens","Digital Rebel T6S DSLR Camera with 18-135mm f/3.5-5.6 IS STM Lens",275
816704,"CAHFDC2","Canon","HF-DC2 High-Power Flash","HF-DC2 High-Power Flash",30
945056,"CAEDRT5IKZ","Canon","EOS Rebel T5i DSLR Camera with 18-135mm Lens","EOS Rebel T5i DSLR Camera with 18-135mm STM Lens",215
1028802,"CAPSSX700B","Canon","PowerShot SX700 HS Digital Camera (Black)","PowerShot SX700 HS Digital Camera (Black)",160
986390,"CAE70D1855","Canon","EOS 70D DSLR Camera with 18-55mm f/3.5-5.6 STM Lens","EOS 70D DSLR Camera with 18-55mm f/3.5-5.6 STM Lens",225
1361551,"CAXF405","Canon","XF405 UHD 4K60 Camcorder with Dual-Pixel Autofocus with 3G-SDI Output ","XF405 UHD 4K60 Camcorder with Dual-Pixel Autofocus ",1100
1470016,"CAXA55","Canon","XA55 UHD 4K30 Camcorder with Dual-Pixel Autofocus","XA55 UHD 4K30 Camcorder with Dual-Pixel Autofocus",550
1318765,"CAE77D1855","Canon","EOS 77D DSLR Camera with 18-55mm Lens","EOS 77D DSLR Camera with 18-55mm Lens",270
1365763,"CAPSG1X3","Canon","PowerShot G1 X Mark III Digital Camera","PowerShot G1X Mark III Digital Camera",480
1364307,"CAXA15","Canon","XA15 Compact Full HD Camcorder with SDI, HDMI, and Composite Output","XA15 Compact Full HD Camcorder with SDI, HDMI, and Composite Output",550
1490984,"CAPSG5X2","Canon","PowerShot G5 X Mark II Digital Camera","PowerShot G5X Mark II Digital Camera",500
1223211,"CAPSG7X2B","Canon","PowerShot G7 X Mark II Digital Camera","PowerShot G7X Mark II Digital Camera",525
1502488,"CAE90D","Canon","EOS 90D DSLR Camera (Body Only)","EOS 90D DSLR Camera (Body Only)",550
1348564,"CAE5D4CL","Canon","EOS 5D Mark IV DSLR Camera with Canon Log","EOS 5D Mark IV DSLR Camera with Canon Log",650
1459282,"CAERPB","Canon","EOS RP Mirrorless Camera","EOS RP Mirrorless Digital Camera (Body Only)",340
1274706,"CAE5D424105","Canon","EOS 5D Mark IV DSLR Camera with 24-105mm f/4L II Lens ","EOS 5D Mark IV DSLR Camera with 24-105mm f/4L II Lens",1100
1490987,"CA24240RF","Canon","RF 24-240mm f/4-6.3 IS USM Lens","24-240mm f/4-6.3 IS USM ""RF"" Lens",400
1566876,"CAER2410547","Canon","EOS R Mirrorless Camera with 24-105mm f/4-7.1 Lens","EOS R Mirrorless Digital Camera with 24-105mm f/4-7.1 Lens",720
1502499,"CA1535RF","Canon","RF 15-35mm f/2.8 L IS USM Lens (Canon RF)","15-35mm f/2.8 L IS USM ""RF"" Lens",1150
1502202,"CAERB24240K","Canon","EOS R Mirrorless Camera with 24-240mm Lens Kit","EOS R Mirrorless Digital Camera with 24-240mm Lens Kit",
1748816,"CA2450RF","Canon","RF 24-50mm f/4.5-6.3 IS STM Lens (Canon RF)","RF 24-50mm f/4.5-6.3 IS STM Lens (Canon RF)",85
1716510,"CA15304563RF","Canon","RF 15-30mm f/4.5-6.3 IS STM Lens","15-30mm f/4.5-6.3 IS ""RF"" STM Lens",210
1707912,"CAER10","Canon","EOS R10 Mirrorless Camera","EOS R10 Mirrorless Camera",550
1210601,"CAPSE360HSS","Canon","PowerShot ELPH 360 HS Digital Camera (Silver)","PowerShot ELPH 360 HS Digital Camera (Silver)",200
1859146,"CA5014LRF","Canon","RF 50mm f/1.4 L VCM Lens (Canon RF)","50mm f/1.4 L VCM Lens (Canon RF)",700
842886,"CAPSE320B","Canon","PowerShot ELPH 320 HS Digital Camera (Black)","PowerShot ELPH 320 HS Digital Camera (Black)",175
842888,"CAPSE320BL","Canon","PowerShot ELPH 320 HS Digital Camera (Blue)","PowerShot ELPH 320 HS Digital Camera (Blue)",175
237473,"CAT70","Canon","T70 35mm SLR Manual Focus Camera Body","T70 35mm SLR Manual Focus Camera Body",12
1793385,"CA2410528IS","Canon","RF 24-105mm f/2.8 L IS USM Z Lens (Canon RF)","24-105mm f/2.8 L IS USM Z Lens (Canon RF)",1750
278538,"CA2428","Canon","Wide Angle 24mm f/2.8 FD Manual Focus Lens","Wide Angle 24mm f/2.8 FD Manual Focus Lens",120
1233412,"CAPSE360B","Canon","PowerShot ELPH 360 HS Digital Camera (Black)","PowerShot ELPH 360 HS Digital Camera (Black)",200
729876,"CAPSS95B","Canon","PowerShot S95 Digital Camera","PowerShot S95 Digital Camera",100
838760,"CAPSE520BL","Canon","PowerShot ELPH 520 HS Digital Camera (Blue)","PowerShot ELPH 520 HS Digital Camera (Blue)",110
542281,"CAPSSD1100S","Canon","PowerShot SD1100 IS Digital ELPH Digital Camera (Swing Silver)","PowerShot SD1100 IS Digital ELPH Digital Camera (Swing Silver)",50
278663,"CA3510535Q","Canon","Zoom Wide Angle-Telephoto 35-105mm f/3.5 FD Manual Focus Lens","Zoom Wide Angle-Telephoto 35-105mm f/3.5 FD Manual Focus Lens",75
1022480,"CAPSSX600W","Canon","PowerShot SX600 HS Digital Camera (White)","PowerShot SX600 HS Digital Camera (White)",100
917887,"CAPSE115B","Canon","PowerShot ELPH 115 IS Digital Camera (Black)","PowerShot ELPH 115 IS Digital Camera (Black)",80
1116098,"CAPSSX410ISB","Canon","PowerShot SX410 IS Digital Camera (Black)","PowerShot SX410 IS Digital Camera (Black)",70
734782,"CAPSSX30","Canon","PowerShot SX30 IS Digital Camera","PowerShot SX30 IS Digital Camera",75
328065,"CA5012","Canon","Normal 50mm f/1.2 FD Manual Focus Lens","Normal 50mm f/1.2 FD Manual Focus Lens",85
1086125,"CAC100AF2","Canon","EOS C100 Mark II Cinema EOS Camera with Dual Pixel CMOS AF (Body Only)","EOS C100 Mark II Cinema EOS Camera with Dual Pixel CMOS AF (Body Only)",440
325138,"CAAE15018","Canon","AE-1 35mm SLR  Camera (Chrome) with 50mm f/1.8 FD Lens","AE-1 35mm SLR  Camera (Chrome) with 50mm f/1.8 FD Lens",165
1833699,"CA3514LRF","Canon","RF 35mm f/1.4 L VCM Lens (Canon RF)","35mm f/1.4 L VCM Lens (Canon RF)",1000
121726,"CA7520045","Canon","Zoom Telephoto 75-200mm f/4.5 FD Manual Focus Lens","Zoom Telephoto 75-200mm f/4.5 FD Manual Focus Lens",45
1947745,"CA7142835LRF","Canon","RF 7-14mm f/2.8-3.5 L Fisheye STM Lens (Canon RF)","RF 7-14mm f/2.8-3.5 L Fisheye STM Lens (Canon RF)",1000
590459,"CALPE6","Canon","LP-E6 Rechargeable Lithium-Ion Battery Pack (7.2V, 1800mAh)","LP-E6 Rechargeable Lithium-Ion Battery Pack (7.2V, 1800mAh)",6
822303,"CAPSS100S","Canon","PowerShot S100 Digital Camera (Silver)","PowerShot S100 Digital Camera (Silver)",100
816727,"CAPSE310BL","Canon","PowerShot ELPH 310 HS Digital Camera (Blue)","PowerShot ELPH 310 HS Digital Camera (Blue)",100
584412,"CAPSSD880G","Canon","PowerShot SD880 IS Digital ELPH Digital Camera (Gold)","PowerShot SD880 IS Digital ELPH Digital Camera (Gold)",70
753783,"CAPSSX230R","Canon","Powershot SX230 HS Digital Camera (Red)","Powershot SX230 HS Digital Camera (Red)",80
842848,"CAPSSX260R","Canon","PowerShot SX260 HS Digital Camera (Red)","PowerShot SX260 HS Digital Camera (Red)",90
349250,"DAPVALFM18","Davis & Sanford","ProVista Airlift Tripod with FM18 Fluid Head","ProVista Airlift Tripod with FM18 Fluid Head",25
102900,"ELRE50NDB","Electro-Voice","RE50N/D-B Omnidirectional Dynamic Shockmounted ENG Microphone with Neodymium Capsule (Black)","RE50N/D-B - N/DYM Dynamic Omni Mic (Black)",55
475792,"FUFPS5","FUJIFILM","FinePix S5 Pro Digital Camera (Camera Body)","FinePix S5 Pro Digital Camera (Camera Body)",
317351,"FUFPS3K","FUJIFILM","FinePix S3 Pro Digital Camera Kit","FinePix S3 Pro Digital Camera Kit",
434936,"FUFPS2R","FUJIFILM","FinePix S2 Pro Digital Camera Body","FinePix S2 Pro Digital Camera Body",
796292,"FUEF42","FUJIFILM","EF-42 Flash","EF42 Shoe Mount Flash for FUJIFILM Cameras",25
839138,"FU182","FUJIFILM","XF 18mm f/2 R Lens","18mm f/2.0 XF R Lens",270
883530,"FU1855284","FUJIFILM","XF 18-55mm f/2.8-4 R LM OIS Lens","18-55mm f/2.8-4 ""XF"" OIS Zoom Lens",270
910403,"FUX100S","FUJIFILM","X100S Digital Camera (Silver)","X100S Digital Camera (Silver) ",450
1138987,"FU1614","FUJIFILM","XF 16mm f/1.4 R WR Lens","16mm f/1.4 R WR XF Lens",360
1112820,"FUXA2W","FUJIFILM","X-A2 Mirrorless Digital Camera with 16-50mm Lens (White)","X-A2 Mirrorless Digital Camera with 16-50mm Lens (White)",180
995171,"FU1650S","FUJIFILM","XC 16-50mm f/3.5-5.6 OIS Lens (Silver)","16-50mm f/3.5-5.6 XC OIS Lens (Silver)",80
984431,"FU2728S","FUJIFILM","XF 27mm f/2.8 Lens (Silver)","27mm f/2.8 XF Lens (Silver)",220
1008069,"FUXE21855B","FUJIFILM","X-E2 Mirrorless Digital Camera with 18-55mm Lens (Black)","X-E2 Digital Camera with 18-55mm Lens (Black)",400
1254242,"FUXF2XTC","FUJIFILM","XF 2x TC WR Teleconverter for Select Lenses","XF 2x TC WR Teleconverter",200
1433839,"FUXT3B","FUJIFILM","X-T3 Mirrorless Camera (Black)","X-T3 Mirrorless Digital Camera (Body Only, Black)",525
1311229,"FUX100FS","FUJIFILM","X100F Digital Camera (Silver)","X100F Digital Camera (Silver)",800
1542674,"FUX100VB","FUJIFILM","X100V Digital Camera (Black)","X100V Digital Camera (Black)",1100
1263381,"FUXT2B","FUJIFILM","X-T2 Mirrorless Digital Camera (Body Only)","X-T2 Mirrorless Digital Camera (Body Only)",460
1548388,"FUXT4B","FUJIFILM","X-T4 Mirrorless Camera (Black)","X-T4 Mirrorless Digital Camera (Body Only, Black)",750
1511705,"FUXP3B","FUJIFILM","X-Pro3 Mirrorless Camera (Black)","X-Pro3 Mirrorless Digital Camera (Body Only, Black)",980
1548397,"FUXT4VBG","FUJIFILM","VG-XT4 Vertical Battery Grip","VG-XT4 Vertical Battery Grip",30
1311239,"FU502RWRB","FUJIFILM","XF 50mm f/2 R WR Lens (Black)","50mm f/2 R WR Lens (Black)",200
1548395,"FUXT41680B","FUJIFILM","X-T4 Mirrorless Camera with 16-80mm Lens (Black)","X-T4 Mirrorless Digital Camera with 16-80mm Lens (Black)",875
1511707,"FUXP3DS","FUJIFILM","X-Pro3 Mirrorless Camera (Dura Silver)","X-Pro3 Mirrorless Digital Camera (Body Only, Dura Silver)",900
1662377,"FUXT3021855B","FUJIFILM","X-T30 II Mirrorless Camera with 18-55mm Lens (Black)","X-T30 II Mirrorless Camera with 18-55mm Lens (Black)",800
1731282,"FUXT5BS","FUJIFILM","X-T5 Mirrorless Camera (Silver)","X-T5 Mirrorless Camera (Silver) (made in China)",1000
1283433,"FU1204LMWR","FUJIFILM","GF 120mm f/4 Macro R LM OIS WR Lens (FUJIFILM G)","GF 120mm f/4 Macro R LM OIS WR Lens",1025
1811352,"FUX100VIS","FUJIFILM","X100VI Digital Camera (Silver)","X100VI Digital Camera (Silver) (made in China)",1200
1774544,"FUIMEBEXDC","FUJIFILM","instax mini EVO Hybrid Instant Camera (Black)","INSTAX MINI EVO Hybrid Instant Camera (Black)",100
1827211,"FUXT50CS","FUJIFILM","X-T50 Mirrorless Camera (Charcoal Silver)","X-T50 Mirrorless Camera (Charcoal Silver)",900
1387600,"FU154535B","FUJIFILM","XC 15-45mm f/3.5-5.6 OIS PZ Lens (Black)","XC 15-45mm f/3.5-5.6 OIS PZ Lens (Black)",120
1926407,"FUXT303CCS","FUJIFILM","X-T30 III Mirrorless Camera (Charcoal Silver)","X-T30 III Mirrorless Camera (Charcoal Silver)",570
910169,"FUX20S","FUJIFILM","X20 Digital Camera (Silver)","X20 Digital Camera (Silver)",420
1333203,"FU1102RWR","FUJIFILM","GF 110mm f/2 R LM WR Lens","GF 110mm f/2 R LM WR Lens",1100
1386433,"FUFPXP130S","FUJIFILM","FinePix XP130 Digital Camera (Silver)","FinePix XP130 Digital Camera (Silver)",70
1386434,"FUFPXP130BL","FUJIFILM","FinePix XP130 Digital Camera (Blue)","FinePix XP130 Digital Camera (Blue)",70
1386354,"FUFPXP130L","FUJIFILM","FinePix XP130 Digital Camera (Lime)","FinePix XP130 Digital Camera (Lime)",70
1402065,"FU14TCWR","FUJIFILM","GF 1.4X TC WR Teleconverter for Select G-Mount Lenses","GF 1.4X TC WR Teleconverter for Select G-Mount Lenses",400
749739,"FUFPHS20","FUJIFILM","FinePix HS20EXR Digital Camera (Black)","FinePix HS20EXR Digital Camera (Black)",60
18624,"FUGSW6903","FUJIFILM","GSW690III Professional Medium Format Rangefinder Manual Focus Camera (with 65mm Lens)","GSW690III Professional Medium Format Rangefinder Manual Focus Camera (with 65mm Lens)",800
1899784,"FUXT50SJP","FUJIFILM","X-T50 Mirrorless Camera (Silver)","X-T50 Mirrorless Camera (Silver) Made in Japan",900
1899785,"FUXT50CSJP","FUJIFILM","X-T50 Mirrorless Camera (Charcoal Silver)","X-T50 Mirrorless Camera (Charcoal Silver) Made in Japan",900
1424714,"FUXF10G","FUJIFILM","XF 10 Digital Camera (Gold)","XF 10 Digital Camera (Gold)",400
91763,"FRMFIC4X","Frezzi","Dimmer Mini-Fill On-Camera Light with 4-pin XLR Connector","MFIC-4X 75-watt Dimmer Mini-Fill On-Camera Light",0
262854,"FRMRFIC4X","Frezzi","MRFIC-4X 35 Watt Dimmer Micro-Fill On-Camera Light","MRFIC-4X 35-watt Dimmer Micro-Fill On-Camera Light",0
134039,"FRMFBD","Frezzi","MFBD 2-Leaf Barndoors with Flip-Up Diffuser","MFBD 2-Leaf Barndoors with Flip-Up Diffuser",0
193812,"GLGL2000","Glidecam","2000 PRO Camcorder Stabilizing System","Glidecam 2000 PRO Camcorder Stabilizing System",
1627233,"GOV860IIIO","Godox","V860IIIO TTL Li-Ion Flash Kit for Olympus and Panasonic Cameras","V860IIIO TTL Li-Ion Flash Kit for Olympus and Panasonic Cameras",90
1613340,"GOV860IIIC","Godox","Ving V860III TTL Li-Ion Flash Kit for Canon Cameras","Ving V860III TTL Li-Ion Flash Kit for Canon Cameras",110
1803861,"GOV1PROF","Godox","V1Pro F Flash for FUJIFILM","V1Pro F Flash for FUJIFILM",165
20950,"GOCP3F","Gossen","Color-Pro 3F Meter","Color-Pro 3F Meter",220
1436792,"HA80XCD","Hasselblad","XCD 80mm f/1.9 Lens","XCD 80mm f/1.9 Lens",1700
1260274,"HA90XCD","Hasselblad","XCD 90mm f/3.2 Lens","XCD 90mm f/3.2 Lens",1000
1847675,"HA2035XCD","Hasselblad","XCD 20-35mm f/3.2-4.5 E Lens (Hasselblad X)","XCD 20-35mm f/3.2-4.5 E Lens (Hasselblad X)",3200
475158,"KACCC1A","Kata","CCC-1A Camcorder Case","CCC-1A Camcorder Case",40
233154,"KALCM1","Kata","LCM-1 LCD Monitor Case","LCM-1 Portable LCD Monitor Case",0
422742,"KAHB205","Kata","HB-205 GDC Hiker Backpack","HB-205 GDC Hiker Backpack",40
475202,"KADVG54","Kata","DVG-54 Camcorder Guard","DVG-54 Camcorder Guard",0
475167,"KAMCC2A","Kata","MCC-2A Camcorder Case","MCC-2A Camcorder Case",20
319672,"KACCC103","Kata","CCC-103 DV Camcorder Case","CCC-103 DV Camcorder Case",10
426302,"KACG13","Kata","CG-13 Camera Glove","CG-13 Camera Glove",0
162771,"KATB1S","Kata","Triposoft-1 Soft Tripod Bag","Triposoft-1 Soft Tripod Bag",0
1699924,"KOFZ55RD","Kodak","PIXPRO FZ55 Digital Camera (Red)","PIXPRO FZ55 Digital Camera (Red)",60
234066,"MI7530045DAF","Konica Minolta","Zoom Telephoto AF D 75-300mm f/4.5-5.6 Autofocus Lens - Silver","75-300mm f/4.5-5.6 D Autofocus Lens - Silver",30
119418,"MITC1","Konica Minolta","(Minolta) TC-1 35mm Autofocus Point & Shoot Camera","TC-1 35mm Autofocus Point & Shoot Camera",0
35146,"MI2028AF","Konica Minolta","(Minolta) Super Wide Angle 20mm f/2.8 Maxxum AF Autofocus Lens","20mm f/2.8  Autofocus Lens",0
300784,"MI5028MAFL","Konica Minolta","50mm f/2.8 D Macro Autofocus Lens","50mm f/2.8 D Macro Autofocus Lens",0
91184,"MI10028AF","Konica Minolta","Telephoto AF 100mm f/2.8 Soft Focus Autofocus Lens","100mm f/2.8 Soft Focus Autofocus Lens",0
584889,"LEM8.2S","Leica","M8.2 Rangefinder Digital Camera Body (Silver Chrome)","M8.2 Rangefinder Digital Camera Body (Silver Chrome)",1600
348748,"LECMZ","Leica","CM Zoom Camera","CM Zoom Camera",325
460656,"LEDL3B","Leica","D-LUX 3 Digital Camera (Black)","D-LUX 3 Digital Camera ",250
735630,"LEVL2","Leica","V-LUX 2 Digital Camera","V-LUX 2 Digital Camera",0
891919,"LEVL4","Leica","V-LUX 4 Digital Camera","V-LUX 4 Digital Camera",220
1082918,"LEXT113B","Leica","X (Typ 113) Digital Camera (Black)","X (Typ 113) Digital Camera with Summilux 23mm f/1.7 ASPH Lens (Black)",650
736237,"LEDX1B","Leica","X1 Digital Compact Camera With Elmarit 24mm f/2.8 ASPH. Lens (Black)","X1 Digital Compact Camera With Elmarit 24mm f/2.8 ASPH. Lens (Black)",400
1077772,"LEMPDS","Leica","M-P (Typ 240) Digital Rangefinder Camera (Silver Chrome)","M-P (Typ 240) Digital Rangefinder Camera (Silver Chrome)",2000
403583,"LEDL2Q","Leica","D-LUX 2 Digital Camera","D-LUX 2 Digital Camera",150
1435941,"LECLSAF","Leica","CL Mirrorless Camera (Silver Anodized)","CL Mirrorless Camera (Silver Anodized)",900
472013,"MA1402VLZ3","Mackie","1402-VLZ3 Fourteen Channel Mixer","1402-VLZ3 Fourteen Channel Mixer",0
241560,"MA645AFD","Mamiya","645-AFD Auto Focus Camera Body","645-AFD Auto Focus Camera Body",0
182441,"MAM645AF","Mamiya","Magnifier FD402 for 645AF","Magnifier FD402 for 645AF",0
504846,"MA055XB","Manfrotto","055XB Aluminum Tripod","055XB Tripod Legs (Black) - Supports 15.4 lbs (7kg)",
233327,"MAVR44P","Marshall Electronics","V-R44P Quad 4"" LCD Monitor Unit Rack Mountable","V-R44P Quad 4"" LCD Monitor Unit Rack Mountable",0
1158848,"MESPEFEBT2","Metabones","T Speed Booster Ultra 0.71x Adapter for Canon Full-Frame EF-Mount Lens to Sony E-Mount APS-C Camera","T Speed Booster Ultra 0.71x Adapter for Canon Full-Frame EF-Mount Lens to Sony E-Mount APS-C Camera",70
35121,"MI10030045AF","Minolta","Zoom Tele 100-300mm f/4.5-5.6 Maxxum Autofocus Lens","100-300mm f/4.5-5.6 Maxxum Autofocus Lens",25
188961,"NI5018AFD","Misc","Demo/ 50mm f/1.8 AF lens","DEMO/ 50mm f/1.8 AF LENS",
185946,"NI2828AFD","Misc","Demo/ 28mm f/2.8 AF lens","DEMO/ 28mm f/2.8 AF LENS",
585991,"NENP500","NEC","NP500 LCD XGA 3000 Lumens Projector","NP500 LCD XGA 3000 Lumens Projector",
439524,"NID300G2MS","Night Optics","D-300G-2MS 1x 2nd Generation Plus Night Vision Goggle","D-300G-2MS 1x 2nd Generation Plus Night Vision Goggle",
124208,"NI2412035DAF","Nikon","Zoom Wide Angle-Telephoto AF Zoom Nikkor 24-120mm f/3.5-5.6D IF Autofocus Lens","24-120mm f/3.5-5.6D IF Autofocus Lens",40
37020,"NI8020028DAF","Nikon","Zoom Telephoto 80-200mm f/2.8 D-AF ED-IF Autofocus Lens","80-200mm f/2.8 D-AF ED-IF Autofocus Lens",200
247092,"NI2810035GAF","Nikon","Zoom W/A-Telephoto AF Zoom Nikkor 28-100mm f/3.5-5.6 G AF Lens - Black","28-100 f/3.5-5.6 G AF Lens - Black",30
365646,"NID2X","Nikon","D2X Digital Camera","D2X SLR Digital Camera",100
279344,"NIN802880","Nikon","N80 Camera with 28-80mm D Lens","N80 SLR Camera with 28-80mm D Lens",50
585343,"NI5014GAF","Nikon","AF-S NIKKOR 50mm f/1.4G Lens","50mm f/1.4 G ""AF-S"" LENS",120
38011,"NITC14E","Nikon","TC-14E 1.4x Teleconverter","TC-14E 1.4x Teleconverter D-AF",23
220431,"NI4528P","Nikon","Standard 45mm f/2.8 P AIS Manual Focus Lens - Silver","45mm f/2.8 P AIS Manual Focus Lens - Silver",235
258057,"NI5535MN","Nikon","Normal Macro 55mm f/3.5 Micro-Nikkor-P Auto NON-AI Manual Focus Lens","55mm f/3.5 Micro Nikkor Manual Lens (Non-AI)",30
36856,"NI10528M","Nikon","Micro-NIKKOR 105mm f/2.8 Lens","105mm f/2.8 Micro AIS Macro Manual Focus Lens",175
138360,"NI7021045","Nikon","Zoom Telephoto 70-210mm f/4.5-5.6 AIS Manual Focus Lens","70-210mm f/4.5-5.6 AIS Manual Focus Lens",25
300483,"NISC27Q","Nikon","SC-27 TTL Multi Flash Sync Cord","SC-27 TTL Multi Flash Sync Cord",10
300481,"NISC26","Nikon","SC-26 TTL Multi Flash Sync Cord","SC-26 TTL Multi Flash Sync Cord",5
545664,"NI2435DED","Nikon","PC-E NIKKOR 24mm f/3.5D ED Tilt-Shift Lens","24mm f/3.5D ED PC-EManual Focus Lens",550
305136,"NISB18","Nikon","SB-18 Speedlight Flash","SB-18 Speedlight Flash",8
258021,"NI13528AISE","Nikon","Telephoto 135mm f/2.8 AIS Lens - E Series","135mm f/2.8 AIS Lens - E Series",60
519905,"NIMBD10","Nikon","MB-D10 Multi-Power Battery Grip","MB-D10 Battery Grip for Nikon D300/D700",20
325100,"NI2035UD","Nikon","Super Wide Angle 20mm f/3.5 UD Manual Focus Lens - 72mm (Non-AI)","20mm f/3.5 UD NON-AI 72mm",100
36979,"NI5018","Nikon","Normal 50mm f/1.8 AIS Manual Focus Lens","50mm f/1.8 AIS Manual Focus Lens",75
66989,"NI2004DMAF","Nikon","AF Micro-NIKKOR 200mm f/4D IF-ED Lens","200mm f/4 D Micro ED-IF Autofocus Lens",480
36919,"NI2428","Nikon","NIKKOR 24mm f/2.8 Lens","24mm f/2.8 AIS Manual Focus Lens",120
37918,"NISC19","Nikon","SC-19 TTL Multi Flash Cord","SC-19 TTL Multi Flash Cord",10
97413,"NI5014DAF","Nikon","AF NIKKOR 50mm f/1.4D Lens","50mm f/1.4 D Autofocus Lens",80
36892,"NI1628","Nikon","Fisheye 16mm f/2.8 AIS Manual Focus Lens","16mm f/2.8 AIS Fisheye Manual Focus Lens",250
37731,"NIMD12","Nikon","MD-12 Motor Drive for FM, FM2, FM3A, FE & FE2 Cameras","MD-12 Motor Drive for FM, FM2, FM3A, FE & FE2 Cameras",0
381586,"NID50","Nikon","D50 Digital Camera (Camera Body)","D50 Digital Camera (Camera Body)",25
237506,"NIFG20C","Nikon","FG-20 35mm SLR Manual Focus Camera Body (Chrome)","FG-20 Manual Focus Camera Body ",35
337510,"NI2002AF","Nikon","AF-S VR NIKKOR 200mm f/2.0 G AF-S IF-ED Lens","200mm f/2.0 G AF-S ED-IF VR Lens",1400
119516,"NI30028DAFS","Nikon","Telephoto AF-S Nikkor 300mm f/2.8D ED-IF Autofocus Lens","300mm f/2.8D AF-S Nikkor ED-IF Autofocus Lens",600
410465,"NISC30","Nikon","SC-30 TTL Cord (2-Pack)","SC-30 TTL Shoe Cord",10
582443,"NI1810535G","Nikon","AF-S DX NIKKOR 18-105mm f/3.5-5.6G ED VR Lens","18-105mm f/3.5-5.6G ED ""VR"" AF-S DX Lens",65
635660,"NID30001855","Nikon","D3000 SLR Digital Camera with 18-55mm VR Lens","D3000 SLR Digital with 18-55mm VR Lens",90
735002,"NID7000","Nikon","D7000 SLR Digital Camera (Body Only)","D7000 DSLR Camera (Body Only)",115
168422,"NI7X50OPC","Nikon","7x50 OceanPro Binocular with Compass","7x50 OceanPro Binocular with Compass",90
842500,"NI10X42M5","Nikon","Monarch 5 10x42 Binocular (Green)","Monarch 5 10x42 Binocular (Green with Black)",115
426003,"NI8.5X56M","Nikon","8.5x56 Monarch ATB Binocular (Black)","8.5x56 Monarch ATB Binocular (Black)",125
823590,"NI1V1B","Nikon","Nikon 1 V1 Mirrorless Digital Camera with 10-30mm Lens (Black)","Nikon 1 V w 10-30",0
764102,"NID51001855","Nikon","D5100 Digital SLR Camera With 18-55mm f/3.5-5.6G VR Lens","D5100 Digital SLR Camera With 18-55mm Lens",140
735000,"NI3514GAFS","Nikon","AF-S NIKKOR 35mm f/1.4G Lens","35mm f/1.4G AF-S Wide-Angle Lens",425
897230,"NI702004","Nikon","AF-S NIKKOR 70-200mm f/4G ED VR Lens","70-200mm f/4 G ED ""VR"" AF-S Zoom Lens",310
274780,"NI7020028AFS","Nikon","AF-S VR Zoom-NIKKOR 70-200mm f/2.8G IF-ED","70-200mm f/2.8 AF-S G ""VR"" Lens ",325
1023360,"NI18553556G","Nikon","AF-S DX NIKKOR 18-55mm f/3.5-5.6G VR II Lens","18-55mm f/3.5-5.6G ""VR II"" DX AF-S Lens",40
1214161,"NID500","Nikon","D500 DSLR Camera (Body Only)","D500 DSLR Camera (Body Only)",600
1024153,"NID53001855B","Nikon","D5300 DSLR Camera with 18-55mm Lens (Black)","D5300 DSLR Camera with 18-55mm Lens (Black)",210
1127272,"NID720018140","Nikon","D7200 DSLR Camera with 18-140mm Lens","D7200 DSLR Camera with 18-140mm Lens",325
911033,"NIGRN2100B","Nikon","GR-N2100B Camera Grip for Select Nikon 1 Cameras (Black)","GR-N2100B Camera Grip for Select Nikon 1 Cameras (Black)",20
1111431,"NID55001855B","Nikon","D5500 DSLR Camera with 18-55mm Lens (Black)","D5500 DSLR Camera with 18-55mm VRII Lens (Black)",240
36976,"NI5012","Nikon","NIKKOR 50mm f/1.2 Lens","50mm f/1.2 AIS Lens",300
635648,"NID300S18200","Nikon","D300s SLR Digital Camera with 18-200mm VR II Lens","D300s SLR Digital Camera with 18-200mm VR II Lens",250
1538572,"NID780","Nikon","D780 DSLR Camera (Body Only)","D780 DSLR Camera (Body Only)",725
1431705,"NIZ72470","Nikon","Z7 Mirrorless Camera with 24-70mm Lens","Z7 Mirrorless Digital Camera with 24-70mm Lens",850
1275035,"NI7030045ED","Nikon","AF-P DX NIKKOR 70-300mm f/4.5-6.3G ED Lens","70-300mm f/4.5-6.3G ED DX AF-P Lens",80
1275032,"NID34001855B","Nikon","D3400 DSLR Camera with 18-55mm Lens (Black)","D3400 DSLR Camera with 18-55mm Lens (Black)",175
1275038,"NI185535VR","Nikon","AF-P DX NIKKOR 18-55mm f/3.5-5.6G VR Lens","18-55mm f/3.5-5.6G AF-P VR DX Lens",35
1351688,"NID850","Nikon","D850 DSLR Camera","D850 DSLR Camera (Body Only)",775
1431706,"NIZ6","Nikon","Z6 Mirrorless Camera","Z6 Mirrorless Digital Camera (Body Only)",375
1644172,"NIZ5028","Nikon","NIKKOR Z MC 50mm f/2.8 Macro Lens","50mm f/2.8 Macro NIKKOR Z MC Lens",290
1504350,"NIZ2418","Nikon","NIKKOR Z 24mm f/1.8 S Lens","24mm f/1.8 S NIKKOR Z Lens",400
1669887,"NIFTZ2","Nikon","FTZ II Mount Adapter","FTZ II Mount Adapter",115
1649283,"NIZ2828Z","Nikon","NIKKOR Z 28mm f/2.8 (SE) Lens","28mm f/2.8 (SE) NIKKOR Z Lens",130
1744706,"NIZ2628","Nikon","NIKKOR Z 26mm f/2.8 Lens (Nikon Z)","26mm f/2.8 Lens (Nikon Z)",250
260314,"NITC200","Nikon","TC-200 Manual Focus 2x Teleconverter","TC-200 Manual Focus 2x Teleconverter",10
36993,"NI6028MAF","Nikon","Macro 60mm f/2.8 AF Micro Autofocus Lens","Macro 60mm f/2.8 AF Micro Autofocus Lens",90
37028,"NI8518AF","Nikon","Telephoto 85mm f/1.8 AF Autofocus Lens","Telephoto 85mm f/1.8 AF Autofocus Lens",88
254684,"NIFEB","Nikon","FE 35mm SLR Manual Focus Camera Body (Black)","FE 35mm SLR Manual Focus Camera Body (Black)",100
1029611,"NICPP600B","Nikon","COOLPIX P600 Digital Camera (Black)","COOLPIX P600 Digital Camera (Black)",160
1918830,"NIZFS","Nikon","Zf Mirrorless Camera (Silver)","Zf Mirrorless Camera (Silver)",1100
255112,"NIF2PB","Nikon","F2 Photomic 35mm SLR Manual Focus Camera Body - Black","F2 Photomic 35mm SLR Manual Focus Camera Body - Black",160
936344,"NICPS3500DP","Nikon","COOLPIX S3500 Digital Camera (Decorative Pink)","COOLPIX S3500 Digital Camera (Decorative Pink)",75
936161,"NICPP330B","Nikon","COOLPIX P330 Digital Camera (Black)","COOLPIX P330 Digital Camera (Black)",100
818670,"NICPS6200R","Nikon","Coolpix S6200 Digital Camera (Red)","Coolpix S6200 Digital Camera (Red)",70
918826,"NICPP520B","Nikon","COOLPIX P520 Digital Camera (Black)","COOLPIX P520 Digital Camera (Black)",90
1732756,"NIZ6004","Nikon","NIKKOR Z 600mm f/4 TC VR S Lens (Nikon Z)","NIKKOR Z 600mm f/4 TC VR S Lens (Nikon Z)",7200
630533,"NI3528PCV1","Nikon","35mm f/2.8 PC Lens 1","35mm f/2.8 PC Lens 1",90
1788915,"NIZ13518P","Nikon","NIKKOR Z 135mm f/1.8 S Plena Lens","135mm f/1.8 S Plena Lens NIKKOR Z",1300
36978,"NI5014AF","Nikon","Normal 50mm f/1.4 AF Autofocus Lens","Normal 50mm f/1.4 AF Autofocus Lens",70
601922,"NICPS230B","Nikon","Coolpix S230 Digital Camera (Jet Black)","Coolpix S230 Digital Camera (Jet Black)",30
237505,"NIFE2B","Nikon","FE2 35mm SLR Manual Focus Camera Body - Black","FE2 35mm SLR Manual Focus Camera Body - Black",150
280742,"NNN100J","Nikon","D-100 SLR Digital Camera","D-100 SLR Digital Camera",
315793,"NID70","Nikon","D70 Digital Camera Body","D70 Digital Camera Body",25
376890,"NI502SBN","Nikon","50mm f/2 NON-AI MF Lens - Silver/Black (NOT for Digital)","50mm f/2 NON-AI MF Lens - Silver/Black (NOT for Digital)",25
1427060,"NI1020","Nimar","Zoom Gear for Sigma 10-20mm lenses in NI203A or NI203G Lens Port","Zoom Gear for Sigma 10-20mm lenses in NI203A or NI203G Lens Port",0
1688419,"OM1240PII","OM SYSTEM","M.Zuiko Digital ED 12-40mm f/2.8 PRO II Lens","12-40mm f/2.8 PRO ""II"" M.Zuiko Digital ED Lens",365
1730590,"OMOM5B","OM SYSTEM","OM-5 Mirrorless Camera (Black)","OM-5 Mirrorless Camera (Black)",350
1784757,"OMTG7B","OM SYSTEM","Tough TG-7 Digital Camera (Black)","Tough TG-7 Digital Camera (Black)",250
1688416,"OMOM11240","OM SYSTEM","OM-1 Mirrorless Camera with 12-40mm f/2.8 Lens","OM-1 Mirrorless Camera with 12-40mm f/2.8 Lens",945
1876447,"OM2518MZ2","OM SYSTEM","M.Zuiko Digital 25mm f/1.8 II Lens (Micro Four Thirds)","M.Zuiko Digital 25mm f/1.8 II Lens (Micro Four Thirds)",250
358189,"OLFL36","Olympus","FL-36 Flash","FL-36 Flash",0
358169,"OL4015035EZ","Olympus","40-150mm f/3.5-4.5 Zuiko EZ Zoom Lens","40-150 f/3.5-4.5 Zuiko EZ Zoom Lens",25
549015,"OL2528EZ","Olympus","Zuiko Digital 25mm f/2.8 Lens","25mm f/2.8 ED Zuiko Lens for Olympus Digital ",80
549009,"OLEE4201442","Olympus","E-420 SLR Digital Camera Kit with 14-42mm Lens","Evolt E-420 SLR Digital Camera 14-42mm AF Lens",0
113702,"OLEC1","Olympus","Eyecup 1 for OM-Series Cameras","Eyecup 1 for OM-Series Cameras",
734002,"OL4015040B","Olympus","M.Zuiko Digital ED 40-150mm f/4.0-5.6 Lens (Black)","40-150mm f/4.0-5.6 ED micro 4/3 Lens (Black)",50
749936,"OLEPL21442B","Olympus","PEN E-PL2 Digital Camera (Black) W/14-42mm II Lens (Black)","E-PL2 Digital Camera (Black) W/14-42mm Lens (Black)",90
1003633,"OLEM1B","Olympus","OM-D E-M1 Mirrorless Micro Four Thirds Digital Camera (Black, Body Only)","OM-D E-M1 M-4/3 Digital Camera (Body Only,Black)",220
418085,"OLEP5","Olympus","EP-5 Eyecup","EP-5 Eyecup",
971403,"OL7518B","Olympus","M.Zuiko Digital ED 75mm f/1.8 Lens (Black)","75mm f/1.8 micro 4/3 Lens (Black)",225
927163,"OLXZ10B","Olympus","XZ-10 Digital Camera","XZ-10 Digital Camera",120
1082044,"OLEM1S","Olympus","OM-D E-M1 Mirrorless Micro Four Thirds Digital Camera (Silver, Body Only)","OM-D E-M1 M-4/3 Digital Camera (Silver, Body Only)",230
842930,"OLEM5S","Olympus","OM-D E-M5 Mirrorless Micro Four Thirds Digital Camera (Body, Silver)","OM-D E-M5 Mirrorless Micro Four Thirds Digital Camera (Body, Silver)",160
1078959,"OLEPL7S","Olympus","PEN E-PL7 Mirrorless Micro Four Thirds Digital Camera (Silver)","E-PL7 Mirrorless M-4/3 Digital Camera (Silver)",180
867365,"OL7518","Olympus","M.Zuiko Digital ED 75mm f/1.8 Lens (Silver)","75mm f/1.8 Lens (Silver)",260
1031586,"OL71428PRO","Olympus","M.Zuiko Digital ED 7-14mm f/2.8 PRO Lens","7-14mm f/2.8 ED PRO Micro 4/3 Lens ",390
1078958,"OLEPL7B","Olympus","PEN E-PL7 Mirrorless Micro Four Thirds Digital Camera (Black)","E-PL7 Mirrorless M-4/3  Digital Camera (Black)",200
1116756,"OLHLD6P","Olympus","HLD-6P Battery Grip for OM-D E-M5 Mark II","HLD-6P Battery Grip for OM-D E-M5 Mark II",12
1281433,"OL2512ED","Olympus","M.Zuiko Digital ED 25mm f/1.2 PRO Lens","25mm f/1.2 ED PRO Lens M-4/3",375
1552761,"OLEM5M31245B","Olympus","OM-D E-M5 Mark III Mirrorless Camera with 12-45mm Lens (Black)","OM-D E-M5 Mark III Mirrorless Digital Camera with 12-45mm Lens (Black)",500
1644555,"OL82540","Olympus","M.Zuiko Digital ED 8-25mm f/4 PRO Lens","8-25mm f/4 M.Zuiko Digital ED PRO Lens",380
39107,"OLOM4TC","Olympus","OM-4T (Titanium) 35mm SLR Manual Focus Camera Body (Titanium Finish)","OM-4T (Titanium) 35mm SLR Manual Focus Camera Body (Titanium Finish)",125
277580,"OLOM2B","Olympus","OM-2 35mm SLR Manual Focus Camera Body (Black)","OM-2 35mm SLR Manual Focus Camera Body (Black)",80
1450953,"OLFL700WR","Olympus","FL-700WR Electronic Flash","FL-700WR Electronic Flash",100
1335060,"OLTG5R","Olympus","Tough TG-5 Digital Camera (Red)","Tough TG-5 Digital Camera (Red)",125
575444,"PASDRS7A","Panasonic","SDR-S7 SD Camcorder (Blue)","SDR-S7 SD Camcorder (Blue)",0
546053,"PADMCTZ5AK1","Panasonic","Lumix DMC-TZ5 Digital Camera (Blue) with Basic Accessory Kit","Lumix DMC-TZ5 Digital Camera",0
637811,"PAHDCTM10K","Panasonic","HDC-TM10K HD 8GB Full-HD Camcorder (Black) ","HDC-TM10K HD 8GB Full-HD Camcorder (Black) ",0
838504,"PADMCSZ7B","Panasonic","LUMIX DMC-SZ7 Digital Camera (Black)","LUMIX DMC-SZ7 Digital Camera (Black)",30
550046,"PA1415035","Panasonic","14-150mm f/3.5-5.6 Vario-Elmar MEGA O.I.S. Lens for Four Thirds","14-150 f/3.5-5.6 Vario-Elmarit Asph MEGA O.I.S. Lens for 4 Thirds ",175
752064,"PADMCZS8B","Panasonic","Lumix DMC-ZS8 Digital Camera (Black)","Lumix DMC-ZS8 Digital Camera (Black)",75
736369,"PA100300","Panasonic","Lumix G Vario 100-300mm F/4.0-5.6 OIS Lens","100-300mm F/4.0-5.6 OIS G Vario Lens",180
736390,"PA12512","Panasonic","3D LUMIX G 12.5mm/F12 Lens for DMC-GH2","12.5mm/F12 Lens for DMC-GH2",25
484209,"PA2514","Panasonic","25mm f/1.4 Leica D Lens for Four Thirds System","25mm f/1.4 Leica D Lens for 4/3 System",140
740316,"PADMCGF2CK","Panasonic","Lumix DMC-GF2 Digital Micro Four Thirds Camera W/14mm Lens (Black)","DMC-GF2 Digital Micro 4 1/3 Camera W/14mm Lens (Black)",0
1023345,"PAHCV250B","Panasonic","HC-V250 Full HD Camcorder (Black)","HC-V250 Full HD Camcorder",0
684286,"PAAGHPX370","Panasonic","AG-HPX370 Series P2 HD Camcorder","AG-HPX370 Series P2 HD Camcorder",0
842231,"PAHCV100MK","Panasonic","16GB HC-V100M HD Camcorder"," HC-V100M 16GB HD Camcorder",50
910268,"PAHCV720K","Panasonic","HC-V720 Live Streaming HD Camcorder","HC-V720 Live Streaming HD Camcorder",70
768930,"PAAGAC130","Panasonic","AG-AC130 AVCCAM HD Handheld Camcorder","AG-AC130 AVCCAM HD Handheld Camcorder",0
857500,"PAAGAC160A","Panasonic","AG-AC160A AVCCAM HD Handheld Camcorder","AG-AC160A AVCCAM HD Handheld Camcorder",0
1083788,"PA1425II","Panasonic","Lumix G 14mm f/2.5 ASPH II Lens","14mm f/2.5 ASPH ""II"" Lens m-4/3",130
1041519,"PA1517B","Panasonic","Leica DG Summilux 15mm f/1.7 ASPH. Lens","15mm f/1.7 LUMIX G Leica DG Summilux ASPH. Lens (Black)",260
986098,"PA2017IIS","Panasonic","LUMIX G 20mm f/1.7 II ASPH. Lens (Silver)","20mm f/1.7 II ASPH. Lens (Silver)",140
1162643,"PADMCGX8B","Panasonic","Lumix DMC-GX8 Mirrorless Micro Four Thirds Digital Camera (Body Only, Black)","DMC-GX8 Mirrorless Micro 4/3 Digital Camera (Body Only, Black)",375
1277528,"PAHCX1","Panasonic","HC-X1 Ultra HD 4K Professional Camcorder","HC-X1 4K Ultra HD Professional Camcorder",850
1304868,"PA123528A","Panasonic","Lumix G X Vario 12-35mm f/2.8 II ASPH. POWER O.I.S. Lens","12-35mm f/2.8 ""II"" GX ASPH. POWER O.I.S. Lens",250
1501347,"PA25142","Panasonic","Leica DG Summilux 25mm f/1.4 II ASPH. Lens","25mm f/1.4 ""II"" ASPH Leica DG Summilux Lens",275
1581612,"PADCS5","Panasonic","LUMIX S5 Mirrorless Camera","Lumix DC-S5 Mirrorless Digital Camera (Body Only)",525
1389450,"PADCZS200B","Panasonic","Lumix DC-ZS200 Digital Camera (Black)","Lumix DC-ZS200 Digital Camera (Black)",350
1563858,"PA20603556S","Panasonic","LUMIX S 20-60mm f/3.5-5.6 Lens","20-60mm f/3.5-5.6 Lumix S Lens",160
1469486,"PADCG95MK","Panasonic","Lumix G95 Mirrorless Camera with 12-60mm Lens","DC-G95 Mirrorless Digital Camera with 12-60mm Lens",250
1879621,"PADCS1R2","Panasonic","LUMIX S1R II Mirrorless Camera","Lumix S1R II Mirrorless Camera",1700
1809664,"PA28200471","Panasonic","LUMIX S 28-200mm f/4-7.1 MACRO O.I.S. Lens (L-Mount)","Lumix S 28-200mm f/4-7.1 MACRO O.I.S. Lens (L-Mount)",420
750307,"PADMCFH27R","Panasonic","Lumix DMC-FH27 Digital Camera (Red)","Lumix DMC-FH27 Digital Camera (Red)",40
1211983,"PADMCZS100B","Panasonic","Lumix DMC-ZS100 Digital Camera (Black)","Lumix DMC-ZS100 Digital Camera (Black)",325
1717919,"PADCG95DMK","Panasonic","LUMIX G95 Hybrid Mirrorless Camera with 12-60mm Lens","Lumix G95 Hybrid Mirrorless Camera with 12-60mm Lens",380
1545631,"PAAGCX350Q","Panasonic","AG-CX350 4K Camcorder","AG-CX350 4K Camcorder",1150
1936322,"PADCS5M2Q","Panasonic","LUMIX S5 II Mirrorless Camera","LUMIX S5 II Mirrorless Camera",840
150977,"PE4319FAS","Pentax","smc PENTAX-FA 43mm f/1.9 Limited Lens (Silver)","43mm f/1.9 FA Limited Autofocus Lens - Silver",155
460850,"PE7024DAZ","Pentax","SMCP-DA 70mm f/2.4 Limited Series Autofocus Lens","70mm f/2.4 SMCP-DA Autofocus Lens",900
40750,"PE45467","Pentax","Wide Angle 45mm f/4 SMC-P Lens for Pentax 67","45mm f/4 SMC-P Lens for Pentax 67",155
169115,"PEFH672","Pentax","Folding Focusing Hood 67II","Folding Focusing Hood 67II (Waist Level)",35
41075,"PEETAS67","Pentax","Auto Extension Tube Set","Auto Extension Tube Set (INNER) 14/28/56 ",25
40679,"PE1654S67","Pentax","Telephoto 165mm f/4 Leaf Shutter Lens for Pentax 67","165mm f/4 Leaf shutter Lens For 67",125
247255,"PE645N2K","Pentax","645N II Medium Format SLR Autofocus Camera Kit","645NII Autofocus Camera 75mm f2.8 FA and 120 Film Insert",575
40786,"PE8016045645","Pentax","SMCP-A 645 80-160mm f/4.5 Zoom","80-160 f/4.5 A Manual Focus lens For 645",90
40812,"PE902867","Pentax","SMCP-67 90mm f/2.8","90mm f/2.8 SMCP Lens For 67",150
350521,"PE4004T67","Pentax","Telephoto 400mm f/4 SMC-Takumar Lens for 67","400mm f/4 TAKUMAR PRESET Lens For 67",200
297466,"PEISTDC","Pentax","*ist D Digital Camera (Camera Body)","*ist D Digital Camera (Camera Body)",0
277623,"PE288035JFAA","Pentax","SMCP-FA J 28-80mm f/3.5-5.6 AL Autofocus Lens","28-80 f/3.5-5.6 AL SMCP-FA J Autofocus Lens",17
330095,"PE1428DA","Pentax","Super Wide Angle SMCP-DA 14mm f/2.8 Autofocus Lens","14mm f/2.8 SMCP-DA Autofocus Lens",150
441869,"PE2132DA","Pentax","Wide Angle SMCP-DA 21mm f/3.2 AL Limited Series Autofocus Lens","21mm f/3.2 AL Limited AF Lens (Green line)",90
41109,"PEFH67","Pentax","Folding Focusing Hood for All 67 Cameras","Folding Focusing Hood for 67 (waist Level)",25
194123,"PE3004ED67","Pentax","Telephoto 300mm f/4 SMCP-M* ED(IF) Lens for Pentax 67","300mm f/4 SMCP-M* ED(IF) Lens for Pentax 67",400
740381,"PE18135","Pentax","SMC DA 18-135mm f/3.5-5.6 ED AL (IF) DC WR Lens","18-135mm F/3.5-5.6 DA ED AL (IF) DC WR Lens",100
734880,"PEKRBB","Pentax","K-r Digital SLR Camera (Body Only) (Black)","K-r Digital SLR Camera",0
891517,"PEK5IIB","Pentax","K-5 II Digital SLR Camera","K-5 II Digital SLR Camera",180
891526,"PE1827035DA","Pentax","smc Pentax-DA 18-270mm f/3.5-6.3 ED SDM Lens","18-270mm f/3.5-6.3 DA ED SDM Lens",125
982523,"PEK50B","Pentax","K-50 DSLR Camera (Body Only, Black)","K-50 Digital SLR Camera (Body Only, Black)",110
891519,"PEK5IIS","Pentax","K-5 IIs Digital SLR Camera","K-5 IIs Digital SLR Camera",185
1002134,"PE3528DAMLB","Pentax","HD Pentax DA 35mm f/2.8 Macro Limited Lens (Black)","35mm f/2.8 Macro DA ""HD"" Limited Lens (Black)",140
1338221,"PEK701855B","Pentax","K-70 DSLR Camera with 18-55mm Lens (Black)","K-70 DSLR Camera with 18-55mm Lens (Black)",245
1668155,"PE2124HDAFS","Pentax","HD PENTAX-D FA 21mm f/2.4ED Limited DC WR Lens (Silver)","HD PENTAX-D FA 21mm f/2.4ED Limited DC WR Lens (Silver)",475
1731459,"PE10028EDB","Pentax","HD Pentax-D FA Macro 100mm f/2.8 ED AW (Black)","HD Pentax-D FA Macro 100mm f/2.8 ED AW (Black)",240
1626695,"PE4319B","Pentax","HD Pentax-FA 43mm f/1.9 Limited (Black)","HD Pentax-FA 43mm f/1.9 Limited (Black)",200
1259031,"PE5530045","Pentax","HD PENTAX-DA 55-300mm f/4.5-6.3 ED PLM WR RE Lens","HD PENTAX-DA 55-300mm f/4.5-6.3 ED PLM WR RE Lens",150
185027,"POCSDV2","PortaBrace","CS-DV2 Mini-DV Camcorder Case","CS-DV2 Mini-DV Camcorder Case",
1470418,"RO8514FFS","Rokinon","AF 85mm f/1.4 Lens for Sony E","AF 85mm f/1.4 Lens for Sony E",200
1585072,"RODSX24C","Rokinon","24mm T1.5 DSX High-Speed Cine Lens (EF Mount)","24mm T1.5 DSX High-Speed Cine Lens (EF Mount)",175
1158452,"RO1428WA","Rokinon","14mm f/2.8 IF ED UMC Lens For Canon EF with AE Chip","14mm f/2.8 IF ED UMC Lens For Canon EF with AE Chip",90
1470025,"RO1428RF","Rokinon","14mm f/2.8 Lens (Canon RF)","14mm f/2.8 Lens for Canon RF",150
1373698,"SASYIO3514E","Samyang","AF 35mm f/1.4 FE Lens for Sony E","35mm f/1.4 FE AF Lens for Sony E",160
377424,"SCCMC641S","Schoeps","CMC641 Set Colette Series Supercardioid Microphone Set (Gray)","Colette Series Microphone Set",
46891,"SEL778","Sekonic","L-778 Dual Spot F Meter","L-778 Dual Spot F Meter",
359423,"SEL558R","Sekonic","L-558R Dualmaster Meter with Digital Radio Transmitter Module","L-558R Dualmaster Meter with Digital Radio Transmitter ",280
73100,"SEME66K6","Sennheiser","ME 66/K6 Shotgun Microphone Kit","ME66/K6 - Super-Cardioid Mic Capsule with K6",120
68577,"SHFP32","Shure","FP32 Stereo Compact Portable Mixer","FP32 STEREO COMPACT PORTABLE MIXER",
68470,"SHSM63LB","Shure","SM63LB Omnidirectional Dynamic Microphone with Extended Handle (Black)","SM63LB - Omni Dynamic Mic with Long Handle (Black)",50
280081,"SHBETA56A","Shure","BETA 56A Dynamic Instrument Microphone","BETA 56A - Super Cardioid Instrument Microphone",60
332390,"SI246028NAF","Sigma","24-60mm f/2.8 EX DG Autofocus Lens","24-60 f/2.8 EX DG Lens For Nikon AF",120
509950,"SI55200456DN","Sigma","Zoom Normal-Telephoto 55-200mm f/4-5.6 DC HSM Lens for Nikon Digital AF","55-200 f/4-5.6 DC HSM Lens for Nikon Digital ",30
560580,"SI5014SOM","Sigma","50mm f/1.4 EX DG HSM Lens for Sony Alpha","50mm f/1.4 EX DG HSM AF Lens sony minolta ",75
335746,"SI185035MAF","Sigma","18-50mm f/3.5-5.6 (D) DC Lens for Digital Camera","18-50 f/3.5-5.6 DC Lens for Sony Digital ",0
533555,"SI7020028C","Sigma","70-200mm f/2.8 II EX DG APO Macro HSM AF Lens for Canon EOS","70-200 f/2.8 EX DG APO Macro HSM-II Lens for Canon EOS",245
350972,"SI247028DGNA","Sigma","24-70mm f/2.8 EX DG Macro DF Autofocus Lens for Nikon AF-D","24-70mm f/2.8 EX DG Macro DF Lens for Nikon AF",125
518483,"SI185028DCHN","Sigma","18-50mm f/2.8 EX DC HSM Macro Lens for Nikon Digital SLR","18-50 f/2.8 EX DC HSM Macro Lens for Canon Digital ",105
390165,"SI1.4XDGNAF","Sigma","APO Teleconverter 1.4x EX DG for Nikon F","1.4x DG EX APO Teleconverter for Nikon AF",35
341925,"SI5028MDGCAF","Sigma","50mm f/2.8 EX DG Macro Autofocus Lens for Canon EOS","50mm f/2.8 EX ""DG"" Macro Autofocus Lens for Canon EOS",85
192441,"SI18035ANAF","Sigma","Telephoto 180mm f/3.5 EX APO Macro IF HSM AF Lens","180mm f/3.5 EX APO Macro IF HSM Lens for NIKON AF",185
145090,"SI2XCAF","Sigma","2x EX APO Teleconverter for Canon EOS","2x EX APO Teleconverter for Canon EOS",50
217722,"SI1003004CAF","Sigma","Zoom Telephoto 100-300mm F/4.0 EX IF HSM Autofocus Lens for Canon EOS","100-300 F/4 EX IF HSM Lens for Canon EOS",225
352422,"SI15028AMDGC","Sigma","150mm f/2.8 EX APO Macro EX DG HSM Autofocus Lens for Canon EOS","150mm f/2.8 EX APO Macro EX DG HSM Lens for Canon EOS",160
444463,"SI7028MDGCA","Sigma","70mm f/2.8 EX DG Macro AF Lens for Canon EOS","70mm f/2.8 EX DG Macro AF Lens for Canon EOS",175
401636,"SI13540045NQ","Sigma","Zoom Telephoto 135-400mm f/4.5-5.6 APO DG Aspherical AF Lens for Nikon","135-400 f/4.5-5.6 APO DG Lens for Nikon AF",200
373747,"SI1820035CAF","Sigma","18-200mm f/3.5-6.3 DC Lens for Canon Digital EOS","18-200 f/3.5-6.3 DC Lens for Canon Digital ",75
401711,"SI84DNAF","Sigma","Fisheye 8mm f/4 EX DG Circular Fisheye Autofocus Lens for Nikon AF","8mm f/4 EX ""DG Fisheye Autofocus Lens for Nikon AF",175
302765,"SI122445MAF","Sigma","12-24mm f/4.5-5.6 (D) AF Lens","12-24 f/4.5-5.6 (D) AF Lens For Sony Aplha",95
413424,"SI102045DMAF","Sigma","10-20mm f/4-5.6D EX DC Lens for Sony A","10-20mm f/4-5.6 EX DC AF Lens For sony/minolta",65
689635,"SI8164556CA","Sigma","8-16mm f/4.5-5.6 DC HSM Lens for Canon EF","8-16mm F4.5-5.6 DC HSM Ultra-Wide Zoom Lens Canon AF",90
633609,"SI102035C","Sigma","10-20mm f/3.5 EX DC HSM Lens for Canon EF","10-20mm f/3.5 EX DC HSM Autofocus Zoom Lens For Canon Eos",100
217772,"SI2418MCAF","Sigma","W/A 24mm f/1.8 EX Aspherical DG DF Macro AF Lens","24mm f/1.8 EX Aspherical DG DF Macro AF canon ",125
549255,"SI150500C","Sigma","150-500mm f/5-6.3 APO DG OS HSM Lens for Canon EF Mount","150-500 f/5-6.3 DG OS HSM APO Autofocus Canon",450
853533,"SI5015028CA","Sigma","50-150mm f/2.8 EX DC OS HSM APO Lens for Canon Cameras","50-150mm f/2.8 EX DC ""OS"" HSM APO Lens for Canon",325
837868,"SI18028AMEOC","Sigma","APO Macro 180mm f/2.8 EX DG OS HSM Lens for Canon EF","180mm f/2.8 APO Macro EX DG OS HSM Lens For Canon",250
633612,"SI102035P","Sigma","10-20mm f/3.5 EX DC HSM Lens for Pentax K","10-20mm f/3.5 EX DC HSM Autofocus Zoom Lens for Pentax ",75
352442,"SIEM140DGC","Sigma","EM-140 DG Macro Ringlight Flash for Canon EOS","EM-140 DG Macro Ringlight Flash for Canon EOS",75
1037584,"SI3014DCHSSM","Sigma","30mm f/1.4 DC HSM Art Lens for Sony A","30mm f/1.4 DC HSM Lens for Sony (NEW) A",125
837871,"SI18028AMEON","Sigma","APO Macro 180mm f/2.8 EX DG OS HSM Lens for Nikon F","180mm f/2.8 APO Macro EX DG OS HSM Lens (for Nikon)",350
352443,"SIEM140DGN","Sigma","EM-140 DG Macro Ring Flash for Nikon AF","EM-140 DG Macro Ring Flash for Nikon AF",75
1009622,"SI241054N","Sigma","24-105mm f/4 DG OS HSM Art Lens (Nikon F)","24-105mm F/4 DG OS HSM Lens for Nikon",380
1082356,"SITC2001C","Sigma","TC-2001 2x Teleconverter for Canon EF","TC-2001 2x Teleconverter for Canon EF",125
1082151,"SI1506005SN","Sigma","150-600mm f/5-6.3 DG OS HSM Sports Lens for Nikon F","150-600mm f/5-6.3 DG OS HSM ""Sport"" Lens for Nikon AF",435
727174,"SI8514S","Sigma","85mm f/1.4 EX DG HSM Lens For Sony/Minolta Digital SLR Cameras","85mm f/1.4 EX DG HSM Lens For Sony Digital",139
1082142,"SITC1401S","Sigma","TC-1401 1.4x Teleconverter for Sigma SA","TC-1401 1.4x Teleconverter for Sigma SA",95
1023565,"SI1820035DCA","Sigma","18-200mm f/3.5-6.3 DC Macro OS HSM Contemporary Lens for Canon EF","18-200mm f/3.5-6.3 DC Macro OS HSM Lens Canon ""NEW""",105
1082156,"SI1506005CSO","Sigma","150-600mm f/5-6.3 DG OS HSM Contemporary Lens for Sony A","150-600mm f/5-6.3 DG OS HSM Contemporary Lens for Sony A",295
382168,"SI30028DGNAF","Sigma","APO 300mm f/2.8 EX DG HSM Lens for Nikon F","300mm f/2.8 EX ""DG"" HSM Autofocus Lens for Nikon AF-D",945
1191176,"SI2014S","Sigma","20mm f/1.4 DG HSM Art Lens for Sigma SA","20mm f/1.4 DG HSM Art Lens for Sigma SA",275
1045458,"SI5014AC","Sigma","50mm f/1.4 DG HSM Art Lens for Canon EF","50mm f/1.4 DG HSM Art Lens for Canon EF",260
741718,"SIEF610N","Sigma","EF-610 DG Super Flash for Nikon Cameras","EF-610 DG Super Flash for Nikon Cameras",0
967343,"SI183518DCS","Sigma","18-35mm f/1.8 DC HSM Art Lens for Sigma SA","18-35mm f/1.8 DC HSM Lens for Sigma Cameras ",175
1321314,"SI100400S","Sigma","100-400mm f/5-6.3 DG OS HSM Contemporary Lens for Sigma SA","100-400mm f/5-6.3 DG OS HSM Contemporary Lens for Sigma SA",220
1321310,"SI247028N","Sigma","24-70mm f/2.8 DG OS HSM Art Lens (Nikon F)","24-70mm f/2.8 DG OS HSM Art Lens for Nikon F",550
389299,"SI18035DGCAF","Sigma","Telephoto 180mm f/3.5 EX DG APO Macro IF HSM Autofocus Lens for Canon EOS","180mm f/3.5 EX DG APO Macro IF HSM AF Lens for Canon EOS",180
1516303,"SI247028E","Sigma","24-70mm f/2.8 DG DN Art Lens for Sony E","24-70mm f/2.8 DG DN Art Lens for Sony E",600
263428,"SI3008005ACA","Sigma","Zoom Super Telephoto 300-800mm f/5.6 EX APO IF HSM AF Lens","300-800mm f/5.6 EX APO IF HSM AF Lens (NON-DG)",0
263429,"SI30080056NA","Sigma","Zoom Super Telephoto 300-800mm f/5.6 EX APO IF HSM AF Lens","300-800mm f/5.6 EX APO IF HSM AF Lens (NON-DG)",0
1436264,"SI606004563S","Sigma","60-600mm f/4.5-6.3 DG OS HSM Sports Lens (Sigma SA)","60-600mm f/4.5-6.3 DG OS HSM Sports Lens for Sigma SA",595
1234027,"SI3014DCDNS","Sigma","30mm f/1.4 DC DN Contemporary Lens (Sony E)","30mm f/1.4 DC DN Contemporary Lens for Sony E",180
1492965,"SI4528L","Sigma","45mm f/2.8 DG DN Contemporary Lens for Leica L","45mm f/2.8 DG DN Contemporary Lens for Leica L",200
1492968,"SI3512E","Sigma","35mm f/1.2 DG DN Art Lens for Sony E","35mm f/1.2 DG DN Art Lens for Sony E",450
1463161,"SIMC21S","Sigma","MC-21 Mount Converter/Lens Adapter (Sigma SA-Mount Lenses to L-Mount Camera)","MC-21 Mount Converter/Lens Adapter (Sigma SA-Mount Lenses to L-Mount Camera)",60
1492971,"SI142428L","Sigma","14-24mm f/2.8 DG DN Art Lens for Leica L","14-24mm f/2.8 DG DN Art Lens for Leica L",640
1779411,"SI2314F","Sigma","23mm f/1.4 DC DN Contemporary Lens (FUJIFILM X)","23mm f/1.4 DC DN Contemporary Lens (FUJIFILM X)",250
1817655,"SI5012E","Sigma","50mm f/1.2 DG DN Art Lens (Sony E)","50mm f/1.2 DG DN Art Lens (Sony E)",650
1881830,"SI352BE","Sigma","35mm f/2 DG Contemporary Lens (Sony E, Black)","35mm f/2 DG Contemporary Lens (Sony E, Black)",300
305994,"SODSCF828","Sony","Cybershot DSC-F828 Digital Camera","DSC-F828 Cybershot Digital Camera",0
401645,"SODSCR1","Sony","Cybershot DSC-R1 Digital Camera","DSC-R1 Cybershot Digital Camera",65
155717,"SOGVD900","Sony","GVD-900 Mini DV Walkman VCR","GVD-900 Mini DV Walkman VCR",0
475086,"SOVCT1BP","Sony","VCT-1BP Tripod Adapter","VCT-1BP Tripod Adapter",0
545853,"SODSLRA700H","Sony","Alpha DSLR-A700 Digital Camera Kit with Sony 18-200mm AF Lens","Alpha DSLR-A700 Digital Camera with 18-200mm Lens",0
385790,"SODSCH1","Sony","Cybershot DSC-H1 Digital Camera","DSC-H1 Cybershot  Digital Camera",0
439156,"SO7530045","Sony","75-300mm f/4.5-5.6 Alpha A-Mount Telephoto Zoom Lens","75-300mm f/4.5-5.6 AF Autofocus Lens",45
622218,"SODSLRA380L","Sony","Alpha A380 Digital SLR with 18-55mm Lens","Alpha A380 Digital SLR with 18-55mm Lens",0
646526,"SODSLRA550","Sony","DSLR-A550 14.2 MP Digital SLR Camera ","DSLR-A550 14.2 MP Digital SLR Camera ",0
598432,"SOVCLHG0872K","Sony","VCLHG0872K Wide Conversion Lens Kit","VCLHG0872K Wide Conversion Lens Kit",0
632734,"SOHDRCX500V","Sony","HDR-CX500V 32GB High Definition Flash Memory Handycam Camcorder ","HDR-CX500V 32GB High Definition Flash Memory Handycam Camcorder ",65
597655,"SOHDRXR500V","Sony","HDR-XR500V 120GB High Definition Handycam Camcorder ","HDR-XR500V 120GB High Definition Handycam Camcorder ",100
526430,"SOSBACUS10","Sony","SBAC-US10 SxS Memory Card USB Reader/Writer for ExpressCard/34","SBAC-US10 SxS Memory Card USB Reader/Writer for ExpressCard/34",50
671543,"SOHDRCX150B","Sony","HDR-CX150 16GB HD Handycam Camcorder (Black)","HDR-CX150 16GB HD Handycam Camcorder (Black)",0
526424,"SOBPU60","Sony","BP-U60 Lithium-Ion Battery","BP-U60 Lithium-Ion Battery",30
608517,"SODSCHX1","Sony","Cyber-shot DSC-HX1 Digital Camera","DSC-HX1 Cyber-shotDigital Camera",30
791322,"SO3035","Sony","E 30mm f/3.5 Macro Lens","30mm f/3.5 Macro Lens for Alpha NEX Cameras",140
748410,"SOHDRCX130","Sony","HDR-CX130 Camcorder (Silver)","HDR-CX130 Camcorder (Silver)",40
748427,"SOHDRCX360V","Sony","HDR-CX360V Camcorder","HDR-CX360V Camcorder",0
748433,"SOHDRCX700V","Sony","HDR-CX700V Camcorder","HDR-CX700V Camcorder",85
791298,"SOSLTA35L","Sony","SLT-A35 Alpha 35 DSLR Digital Camera With 18-55mm Zoom Lens","SLT-A35 Alpha 35 Digital Camera + 18-55mm Zoom Lens",0
692498,"SONEX3AB","Sony","Alpha NEX-3 Interchangeable Lens Digital Camera w/16mm Lens (Black)","NEX-3 Digital Camera w/16mm Lens ",0
692506,"SONEX5AS","Sony","Alpha NEX-5 Interchangeable Lens Digital Camera w/16mm f/2.8 Lens (Silver)","NEX-5 Digital Camera w/16mm f/2.8 Lens ",0
791302,"SOHVLF20S","Sony","HVL-F20S External Flash","HVL-F20S External Flash for a NEX Cameras",10
733895,"SOECMCG50","Sony","ECM-CG50 Shotgun Microphone","ECM-CG50 Shotgun Microphone",35
909741,"SOHDRCX290B","Sony","8GB HDR-CX290 HD Handycam Camcorder (Black)","8GB HDR-CX290 HD Handycam Camcorder (Black)",40
913563,"SO18200PZ","Sony","E PZ 18-200mm f/3.5-6.3 OSS Lens","18-200mm f/3.5-6.3 ""PZ"" OSS Lens for NEX ",315
863264,"SO18200LE","Sony","E 18-200mm f/3.5-6.3 OSS LE Lens","18-200mm f/3.5-6.3 oos Zoom Lens for NEX (Black)",220
838311,"SOHDRCX580V","Sony","HDR-CX580V High Definition Handycam Camcorder (Black)","HDR-CX580V High Definition Handycam Camcorder (Black)",0
846280,"SODSCHX200VB","Sony","Cyber-shot DSC-HX200V Digital Camera","Cyber-shot DSC-HX200V Digital Camera",90
892387,"SO3518Q","Sony","E 35mm f/1.8 OSS Lens","35mm f/1.8 OSS Alpha E-mount  Lens",200
898312,"SOHVLF60M","Sony","HVL-F60M External Flash","HVL-F60M External Flash",50
1047080,"SOA772","Sony","Alpha a77 II DSLR Camera (Body Only)","Alpha a77II DSLR Camera (Body Only)",320
925703,"SOHVLF20M","Sony","HVL-F20M External Flash","HVL-F20M External Flash",45
1001009,"SO16704","Sony","Vario-Tessar T* E 16-70mm f/4 ZA OSS Lens","16-70mm f/4 ZA OSS Vario-Tessar T* E Lens",185
1059820,"SOKDL32W700C","Sony","KDL-32W700C 32"" Class Full HD Smart Multi-System LED TV","KDL-32W700C 32""-Class Full HD Smart Multi-System LED TV",
1126140,"SO9028","Sony","FE 90mm f/2.8 Macro G OSS Lens","90mm f/2.8 Macro FE G OSS Lens",340
845555,"SO5004","Sony","500mm f/4 G SSM Lens","500mm f/4.0 G Telephoto Prime Lens",1500
1044728,"SOA7SB","Sony","Alpha a7S Mirrorless Digital Camera","Alpha a7S Mirrorless Digital Camera",350
1242612,"SODSCRX10M3","Sony","Cyber-shot DSC-RX10 III Digital Camera","DSC-RX10 III Digital Camera",560
1222976,"SOPXWZ150","Sony","PXW-Z150 4K XDCAM Camcorder ","PXW-Z150 4K XDCAM Camcorder",1000
1502821,"SO7035045G","Sony","E 70-350mm f/4.5-6.3 G OSS Lens","70-350mm f/4.5-6.3 G OSS E Lens",500
1577838,"SOA7S3","Sony","a7S III Mirrorless Camera","Alpha a7S III Mirrorless Digital Camera (Body Only)",1800
1109389,"SOHDRCX440","Sony","HDR-CX440 HD Handycam with 8GB Internal Memory","HDR-CX440 HD Handycam with 8GB Internal Memory",125
1592776,"SOA7CB","Sony","a7C Mirrorless Camera (Black)","Alpha a7C Mirrorless Digital Camera (Body Only, Black)",710
1369634,"SO40028GM","Sony","FE 400mm f/2.8 GM OSS Lens","400mm f/2.8 GM OSS FE Lens",6200
1619641,"SOA1","Sony","Alpha a1 Mirrorless Digital Camera (Body Only)","Alpha a1 Mirrorless Digital Camera (Body Only)",
1635847,"SO1418GM","Sony","FE 14mm f/1.8 GM Lens","14mm f/1.8 GM FE Lens",800
1506006,"SOPXWFX9K","Sony","PXW-FX9K XDCAM 6K Full-Frame Camera System with 28-135mm f/4 G OSS Lens","PXW-FX9K XDCAM 6K Full-Frame Camera System with 28-135mm f/4 G OSS Lens",4200
1317561,"SO10028GM","Sony","FE 100mm f/2.8 STF GM OSS Lens","100mm f/2.8 STF GM OSS FE Lens",450
1784821,"SOA7C22860S","Sony","a7C II Mirrorless Camera with 28-60mm Lens (Silver)","a7C II Mirrorless Camera with 28-60mm Lens (Silver)",1225
1838825,"SOZVE102B","Sony","ZV-E10 II Mirrorless Camera (Black)","ZV-E10 ""II"" Mirrorless Camera (Black)",610
966681,"SODSCHX50VB","Sony","Cyber-shot HX50V Digital Camera","Cyber-shot HX50V Digital Camera",150
1861705,"SOA12","Sony","a1 II Mirrorless Camera","a1 II Mirrorless Camera",3050
1891016,"SO501502GM","Sony","FE 50-150mm f/2 GM Lens (Sony E)","FE 50-150mm f/2 GM Lens (Sony E)",2200
1393453,"SOHVLF60RM","Sony","HVL-F60RM Wireless Radio Flash","HVL-F60RM Wireless Radio Flash",135
1746375,"SO30028GM","Sony","FE 300mm f/2.8 GM OSS Lens (Sony E)","300mm f/2.8 GM OSS FE Lens (Sony E)",3600
1437901,"SOSFG128TT1","Sony","128GB SF-G TOUGH Series UHS-II SDXC Memory Card","128GB SF-G TOUGH Series UHS-II SDXC Memory Card",51
1437904,"SOSFG64TT1","Sony","64GB SF-G TOUGH Series UHS-II SDXC Memory Card","64GB SF-G TOUGH Series UHS-II SDXC Memory Card",35
750020,"SODSCHX9VB","Sony","Cyber-shot DSC-HX9V Digital Camera (Black)","Cyber-shot DSC-HX9V Digital Camera (Black)",150
1970580,"SOA7R6","Sony","a7R VI Mirrorless Camera","a7R VI Mirrorless Camera",2800
1029528,"SODSCW800S","Sony","Cyber-shot DSC-W800 Digital Camera (Silver)","Cyber-shot DSC-W800 Digital Camera (Silver)",70
622192,"SO3028","Sony","DT 30mm f/2.8 Macro SAM Lens","DT 30mm f/2.8 Macro SAM Lens",45
130287,"SOHDR1P","Soundscape","Rca 2in, 4out w/spdif+tdif 8 i/o","RCA 2in, 4out w/SPDIF+TDIF 8 I/O",
839957,"STM2S","Steadicam","Merlin 2 Camera Stabilizing System","Merlin 2 Camera Stabilizing System",0
404262,"TAHDP2","TASCAM","HD-P2 Portable Stereo CF Recorder","HD-P2 - Portable Stereo CF Recorder",
53308,"TA602B","Tamrac","602 Expo 2 Shoulder Bag","602 Expo 2 Shoulder Bag",0
225813,"TA2820038CAF","Tamron","28-200mm f/3.8-5.6 Super Aspherical XR IF Macro AF Lens for Canon EOS","28-200 f/3.8-5.6 XR Lens for Canon EOS ",50
303168,"TA173528NAF","Tamron","17-35mm f/2.8-4 Di Autofocus Lens","17-35 f/2.8-4 Di Autofocus Lens For Nikon ",100
330643,"TA9028MNAF","Tamron","90mm f/2.8 SP AF Di Macro Lens for Nikon AF","90mm f/2.8 ""Di"" Macro Lens for Nikon AF",105
162054,"TA1428ANAF","Tamron","14mm f/2.8 Aspherical IF Autofocus Lens","14mm f/2.8 Aspherical IF Lens for Nikon AF",100
423725,"TA70300MCA","Tamron","70-300mm f/4-5.6 Di LD Macro Lens for Canon EOS","70-300 f/4-5.6 Di LD Macro Lens for Canon EOS",45
347531,"TA2830035XDC","Tamron","Zoom Wide Angle-Telephoto AF 28-300mm f/3.5-6.3 XR Di LD Aspherical IF Macro Autofocus Lens for Canon EOS","28-300 f/3.5-6.3 XR ""Di"" Lens for Canon EOS (62mm)",90
423714,"TA175028CAF","Tamron","17-50mm f/2.8 XR Di II LD Lens for Canon Digital","17-50mm f/2.8 XR Di II LD Lens for Canon Digital",
363807,"TA111845CAF","Tamron","11-18mm f/4.5-5.6 Di-II Lens for Canon Digital EOS","11-18mm f/4.5-5.6 Di-II Lens for Canon Digital EOS",
347533,"TA2830035XDN","Tamron","AF 28-300mm f/3.5-6.3 XR Di LD Aspherical IF Macro Lens for Nikon AF-D","28-300 f/3.5-6.3 XR ""Di"" Lens For Nikon AF (62mm)",80
539396,"TA7020028MC","Tamron","70-200mm f/2.8 Di LD (IF) Macro AF Lens for Canon EOS DSLR Cameras","70-200 f/2.8 Di LD (IF) Macro AF Lens for Canon EOS",300
583994,"TA102435S","Tamron","SP AF 10-24mm f / 3.5-4.5 DI II Zoom Lens For Sony DSLR Cameras","10-24mm f3.5-4.5 DI II Zoom Lens For Sony D-SLR ",50
728341,"TA70300C","Tamron","SP 70-300mm f/4-5.6 Di VC USD Telephoto Zoom Lens for Canon Digital SLRs & 35mm Film Cameras","70-300mm f/4-5.6 Di ""VC"" USD Telephoto Zoom Lens for Canon",95
652136,"TA175028CQ","Tamron","SP AF 17-50mm f/2.8 XR Di-II VC LD Aspherical (IF) Lens for Canon EF","17-50mm f/2.8 ""VC"" DI-II LD ASP Canon AF",140
652142,"TA602DIN","Tamron","SP 60mm f/2 Di II 1:1 Macro Lens for Nikon F","60mm f/2 Di II LD (IF) SP AF 1:1 Macro Lens For Nikon AF Digital SLR Cameras",90
1183049,"TA4518SPN","Tamron","SP 45mm f/1.8 Di VC USD Lens for Nikon F","45mm f/1.8 Di VC USD Lens for Nikon AF",160
1176276,"TA182003556C","Tamron","18-200mm f/3.5-6.3 Di II VC Lens for Canon EF","18-200mm f/3.5-6.3 Di II ""VC"" Lens for Canon EF",70
1432500,"TA153028DIN","Tamron","SP 15-30mm f/2.8 Di VC USD G2 Lens for Nikon F","15-30mm f/2.8 Di VC USD ""G2"" Lens for Nikon F",375
1654621,"TA18300SE","Tamron","18-300mm f/3.5-6.3 Di III-A VC VXD Lens (Sony E)","18-300mm f/3.5-6.3 Di III-A VC VXD Lens for Sony E",250
1609642,"TA177028SA","Tamron","17-70mm f/2.8 Di III-A VC RXD Lens for Sony E","17-70mm f/2.8 Di III-A VC RXD Lens for Sony E",400
1362804,"TA100400C","Tamron","100-400mm f/4.5-6.3 Di VC USD Lens for Canon EF","100-400mm f/4.5-6.3 Di VC USD Lens for Canon EF",350
1844008,"TA28300471S","Tamron","28-300mm f/4-7.1 Di III VC VXD Lens (Sony E)","28-300mm f/4-7.1 Di III VC VXD Lens (Sony E)",360
118748,"TO8040045ACA","Tokina","Zoom Telephoto 80-400mm f/4.5-5.6 AT-X Autofocus Lens for Canon EOS","80-400 f/4.5-5.6 ATX Lens for Canon EOS",105
360350,"TO122440NAF","Tokina","12-24mm f/4 AT-X 124 AF Pro DX Auto Focus Lens for Nikon","12-24 f/4 AT-X Pro DX Lens for Nikon Digital",35
652835,"TO165135355C","Tokina","16.5-135mm f/3.5-5.6 AT-X DX AF Lens for Canon Digital Cameras","16.5-135mm f/3.5-5.6 AT-X DX AF Lens for Canon Digital Cameras",85
823892,"TO1735F4FXN","Tokina","17-35mm f/4 Pro FX Lens for Nikon Cameras","17-35mm f/4 Pro FX Lens for Nikon Cameras",90
1018528,"TO111628PSII","Tokina","AT-X 116 PRO DX-II 11-16mm f/2.8 Lens for Sony A","11-16mm f/2.8 AT-X PRO ""DX-II"" Lens for Sony Alpha DSLRs",115
1054592,"TO702004VCN","Tokina","AT-X 70-200mm f/4 PRO FX VCM-S Lens for Nikon","70-200mm f/4 PRO FX VCM-S AT-X Lens for Nikon",200
1571174,"TO112028C","Tokina","atx-i 11-20mm f/2.8 CF Lens for Canon EF","11-20mm f/2.8  ATX-I CF Lens for Canon EF",160
1608877,"TO17354FFC","Tokina","atx-i 17-35mm f/4 FF Lens for Canon EF","17-35mm f/4 atx-i FF Lens for Canon EF",125
1724308,"TO111828SE","Tokina","11-18mm f/2.8 ATX-M Lens (Sony E, Black)","11-18mm f/2.8 ATX-M Lens for Sony E",195
1671222,"TOATXMAF56X","Tokina","atx-m 56mm f/1.4 Lens for FUJIFILM X","56mm f/1.4 atx-m Lens for FUJIFILM X",125
1811367,"VE1028AFSFE","Venus Optics","Laowa 10mm f/2.8 Zero-D FF Autofocus Lens (Sony E)","Laowa 10mm f/2.8 Zero-D FF Autofocus Lens (Sony E)",350
1856221,"VIAF2845E","Viltrox","AF 28mm f/4.5 FE Lens (Sony E)","AF 28mm f/4.5 FE Lens (Sony E)",40
1612520,"VIAF8518Z","Viltrox","AF 85mm f/1.8 Z Lens for Nikon Z","AF 85mm f/1.8 Z Lens for Nikon Z",125
1626271,"VO3520AVM","Voigtlander","APO-LANTHAR 35mm f/2.0 Aspherical Lens","35mm f/2.0 Aspherical APO-LANTHAR M-Lens",445
1700687,"VOBA324B","Voigtlander","Heliar 40mm f/2.8 Aspherical LTM Lens (Silver)","40mm f/2.8 Aspherical LTM Heliair Lens (Silver)",225
1331635,"VOMVF10B","Voigtlander","10mm Metal Optical Viewfinder (Black)","10mm Metal Optical Viewfinder (Black)",95
638097,"VO4014MSC","Voigtlander","Nokton Classic 40mm f/1.4 SC Lens","40mm f/1.4 SC Nokton Classic M-Lens",150
1637250,"VO2820VMS","Voigtlander","28mm f/2.0 Ultron Vintage Aspherical VM Lens Type II (Chrome)","28mm f/2.0 Ultron Vintage Aspherical VM Lens Type II (Chrome)",360
1733759,"VOBA373C","Voigtlander","Nokton Vintage Line 35mm f/1.5 Aspherical Type I VM Lens (Matte Black)","35mm f/1.5 Aspherical Type I VM Lens (Matte Black) Nokton Vintage Line ",350
1437613,"VO2135E","Voigtlander","Color-Skopar 21mm f/3.5 Aspherical Lens for Sony E","21mm f/3.5 Aspherical Color-Skopar Lens for Sony E",250
1350400,"VO652E","Voigtlander","MACRO APO-LANTHAR 65mm f/2 Aspherical Lens for Sony E","65mm f/2 Aspherical MACRO APO-LANTHAR Lens for Sony E",250
1480269,"VO2114S","Voigtlander","Nokton 21mm f/1.4 Aspherical Lens for Sony E","21mm f/1.4 Aspherical Nokton Lens for Sony E",340
979436,"VO5015MS","Voigtlander","Nokton 50mm f/1.5 Aspherical Lens (Silver)","50mm f/1.5 Aspherical Nokton M-Lens (Silver)",325
472574,"ZE1002ZFN","ZEISS","100mm f/2 ZF Manual Focus Lens","100mm f/2 ZF Manual Focus Lens For Nikon",365
733916,"ZE3514ZFN","ZEISS","Distagon T 35mm F/1.4 ZF.2 Lens for Nikon F Mount","35mm F/1.4 ""ZF.2"" Distagon Lens for Nikon ",400
829508,"ZE2528ZEC","ZEISS","Distagon 25mm f/2 ZE Lens for Canon EF Mount Cameras","25mm f/2 ZE Lens for Canon EF Mount Cameras",0
1140833,"ZE8518B","ZEISS","Batis 85mm f/1.8 Lens for Sony E","Batis 85mm f/1.8 Lens for Sony E",360
1459383,"ZOH4NPROBLK","Zoom","H4n Pro 4-Input / 4-Track Portable Handy Recorder with Onboard X/Y Mic Capsule (Black)","H4n Pro 4-Input / 4-Track Portable Handy Recorder with Onboard X/Y Mic Capsule (Black)",75
1253811,"ZOH4NPRO","Zoom","H4n Pro 4-Input / 4-Track Portable Handy Recorder with Onboard X/Y Mic Capsule","H4n Pro 4-Input / 4-Track Portable Handy Recorder with Onboard X/Y Mic Capsule",55
964117,"BLPKCINECAM","Blackmagic Design","Pocket Cinema Camera","Pocket Cinema Camera",0
884130,"GELEDP320T","Genaray","LED-7500T 320 LED Variable-Color On-Camera Light","LED-7500T 320 LED Variable-Color On-Camera Light",44
367746,"RONTG1","RODE","NTG1 Shotgun Microphone","NTG-1 Shotgun Microphone",90
255008,"RONT4","RODE","NT4 X/Y Stereo Condenser Microphone","NT4 - Stereo Condenser Mic",175
597979,"JVGZMG630S","JVC","GZ-MG630 Everio 60GB Hard Drive Camcorder  (Diamond Silver)","Everio G GZ-MG630 Hard Disk Camcorder  (Diamond Silver)",0
479003,"JVGZHD7","JVC","GZ-HD7 Everio 60GB Hard Disk Drive HD Camcorder","GZ-HD7 60GB High Definition Camcorder",0
428675,"JVSRMV50US","JVC","DVD-R & S-VHS/VHS Recorder","SR-MV45US DVD-R/S-VHS/VHS Dual Deck ",0
26003,"JVHZZS13U","JVC","HZZS13U Rear Servo Zoom Control","HZZS13U Rear Servo Zoom Control",0
637861,"JVGZHM400US","JVC","GZ-HM400 HD Everio Memory Camera Camcorder","GZ-HM400 HD Everio Memory Camera Camcorder",0
597966,"JVGZHD300B","JVC","GZ-HD300 Everio High Definition Hard Disk Camcorder (Onyx Black)","GZ-HD300 Everio High Definition Hard Disk Camcorder (Onyx Black)",0
597842,"JVGYHM100","JVC","GY-HM100U ProHD Camcorder","GY-HM100U ProHD Camcorder",0
749379,"JVGZHM30SUS","JVC","GZ-HM30 HD Everio Camcorder (Silver)","GZ-HM30 HD Everio Camcorder (Silver)",0
597974,"JVGZMS120R","JVC","Everio S GZ-MS120 Flash Memory Camcorder (Garnet Red)","GZ-MS120 Flash Memory Camcorder (Garnet Red)",0
749385,"JVGZHM440BUS","JVC","GZ-HM440 HD Everio Camcorder (Black)","GZ-HM440 HD Everio Camcorder (Black)",0
856596,"JVGYHM600U","JVC","GY-HM600 ProHD Camera","GY-HM600 ProHD Camera",0
1194106,"JVGYHM170UA","JVC","GY-HM170UA 4KCAM Compact Professional Camcorder with Top Handle Audio Unit","GY-HM170UA 4KCAM Compact Professional Camcorder with Top Handle Audio Unit",525
1438286,"JVGYHC500U","JVC","GY-HC500U Handheld Connected Cam 1"" 4K Professional Camcorder","GY-HC500U Handheld Connected Cam 1"" 4K Professional Camcorder",900
310664,"CAPFA03X58","Cavision","PFA03X58/DFA04X58 0.35x Fish-Eye Lens Attachment","PFA03X58 0.35x Fish-Eye Lens Attachment",0
1383648,"DJRONINS","DJI","Ronin-S","Ronin-S",0
1692698,"SA256GBEPSD","SanDisk","256GB Extreme PRO UHS-I SDXC Memory Card","256GB Extreme PRO UHS-I SDXC Memory Card",20
298604,"IMFL1250MBK","Impact","Three-Light Mini-Boom Kit","Three-Light Mini-Boom Kit ",0
216522,"GIG2380","Gitzo","G2380 Video Fluid Head","G2380 Video Fluid Head",40
20830,"GIG557","Gitzo","G-557 Sport Aluminum Boompole","G-557 Sport Aluminum Boompole",35
282821,"GIG557C","Gitzo","G-557C Carbon Fiber Boompole","G-557C Carbon Fiber Boompole",50
1707682,"RIWG80O","Ricoh","WG-80 Digital Camera (Orange)","WG-80 Digital Camera (Orange)",90
822129,"RIGR4B","Ricoh","GR DIGITAL IV Digital Camera (Black)","GR DIGITAL IV Digital Camera (Black)",250
1761641,"RIGR3DE","Ricoh","GR III Diary Edition Digital Camera","GR III Diary Edition Digital Camera",750
